#! /usr/bin/vvp
:ivl_version "12.0 (stable)";
:ivl_delay_selection "TYPICAL";
:vpi_time_precision - 12;
:vpi_module "/usr/lib/x86_64-linux-gnu/ivl/system.vpi";
:vpi_module "/usr/lib/x86_64-linux-gnu/ivl/vhdl_sys.vpi";
:vpi_module "/usr/lib/x86_64-linux-gnu/ivl/vhdl_textio.vpi";
:vpi_module "/usr/lib/x86_64-linux-gnu/ivl/v2005_math.vpi";
:vpi_module "/usr/lib/x86_64-linux-gnu/ivl/va_math.vpi";
S_0x563ab75dc5e0 .scope module, "tb_water_sched" "tb_water_sched" 2 17;
 .timescale -9 -12;
P_0x563ab762cda0 .param/l "DW" 1 2 20, +C4<00000000000000000000000000001000>;
P_0x563ab762cde0 .param/l "NZ" 1 2 19, +C4<00000000000000000000000000000100>;
P_0x563ab762ce20 .param/l "SC" 1 2 21, +C4<00000000000000000000000000000100>;
v0x563ab769deb0_0 .var/i "ack_count_start", 31 0;
v0x563ab769dfb0_0 .var/i "base", 31 0;
v0x563ab769e090_0 .var/i "bitcount", 31 0;
v0x563ab769e150_0 .net "busy", 0 0, L_0x563ab76a1210;  1 drivers
v0x563ab769e220_0 .var "clk", 0 0;
v0x563ab769e360_0 .net "cycles_done", 31 0, v0x563ab7699de0_0;  1 drivers
v0x563ab769e400_0 .var "d0", 7 0;
v0x563ab769e4c0_0 .var "d1", 7 0;
v0x563ab769e5a0_0 .var "d2", 7 0;
v0x563ab769e680_0 .var "d3", 7 0;
v0x563ab769e760_0 .var "ds0", 7 0;
v0x563ab769e840_0 .var "ds1", 7 0;
v0x563ab769e920_0 .var/i "errors", 31 0;
v0x563ab769ea00_0 .var "gotz", 0 0;
v0x563ab769eac0_0 .net "grant_ack", 3 0, L_0x563ab76a1080;  1 drivers
v0x563ab769eb80_0 .var/i "i2", 31 0;
v0x563ab769ec40_0 .net "insufficient", 0 0, v0x563ab769a140_0;  1 drivers
v0x563ab769ee20_0 .var/i "k", 31 0;
v0x563ab769eee0_0 .var/i "ks", 31 0;
v0x563ab769efc0_0 .var/i "onehot_bad", 31 0;
v0x563ab769f0a0_0 .var/i "open_cnt", 31 0;
v0x563ab769f180_0 .var "p0", 1 0;
v0x563ab769f260_0 .var "p1", 1 0;
v0x563ab769f340_0 .var "p2", 1 0;
v0x563ab769f420_0 .var "p3", 1 0;
v0x563ab769f500_0 .var "ps0", 1 0;
v0x563ab769f5e0_0 .var "ps1", 1 0;
v0x563ab769f6c0_0 .var "r0", 0 0;
v0x563ab769f780_0 .var "r1", 0 0;
v0x563ab769f840_0 .var "r2", 0 0;
v0x563ab769f900_0 .var "r3", 0 0;
v0x563ab769f9c0_0 .var "rs0", 0 0;
v0x563ab769fa80_0 .var "rs1", 0 0;
v0x563ab769fb40_0 .var "rst_n", 0 0;
v0x563ab769fbe0_0 .net "sa", 1 0, L_0x563ab76a1580;  1 drivers
v0x563ab769fca0_0 .net "sbusy", 0 0, L_0x563ab76a1710;  1 drivers
v0x563ab769fd70_0 .net "scd", 31 0, v0x563ab769c2f0_0;  1 drivers
v0x563ab769fe40_0 .net "si", 0 0, v0x563ab769c630_0;  1 drivers
v0x563ab769ff10_0 .var "ss", 7 0;
v0x563ab769ffe0_0 .net "sstatus", 2 0, L_0x563ab76618d0;  1 drivers
v0x563ab76a00b0_0 .var "ssv", 0 0;
v0x563ab76a0180_0 .net "status", 2 0, L_0x563ab76423b0;  1 drivers
v0x563ab76a0250_0 .var "supply_avail", 7 0;
v0x563ab76a0320_0 .var "supply_valid", 0 0;
v0x563ab76a03f0_0 .net "sv", 1 0, L_0x563ab7661860;  1 drivers
v0x563ab76a04c0_0 .net "szc", 31 0, v0x563ab769d1e0_0;  1 drivers
v0x563ab76a0590_0 .net "valve_open", 3 0, L_0x563ab7644a90;  1 drivers
v0x563ab76a0660_0 .net "zone_cycles", 63 0, v0x563ab769ad00_0;  1 drivers
v0x563ab76a0730_0 .net "zone_demand", 31 0, L_0x563ab76a0d00;  1 drivers
v0x563ab76a0800_0 .net "zone_prio", 7 0, L_0x563ab76a0b50;  1 drivers
v0x563ab76a08d0_0 .net "zone_req", 3 0, L_0x563ab76a09a0;  1 drivers
L_0x563ab76a09a0 .concat [ 1 1 1 1], v0x563ab769f6c0_0, v0x563ab769f780_0, v0x563ab769f840_0, v0x563ab769f900_0;
L_0x563ab76a0b50 .concat [ 2 2 2 2], v0x563ab769f180_0, v0x563ab769f260_0, v0x563ab769f340_0, v0x563ab769f420_0;
L_0x563ab76a0d00 .concat [ 8 8 8 8], v0x563ab769e400_0, v0x563ab769e4c0_0, v0x563ab769e5a0_0, v0x563ab769e680_0;
L_0x563ab76a18f0 .concat [ 1 1 0 0], v0x563ab769f9c0_0, v0x563ab769fa80_0;
L_0x563ab76a19c0 .concat [ 2 2 0 0], v0x563ab769f500_0, v0x563ab769f5e0_0;
L_0x563ab76a1a60 .concat [ 8 8 0 0], v0x563ab769e760_0, v0x563ab769e840_0;
S_0x563ab762e310 .scope task, "check" "check" 2 58, 2 58 0, S_0x563ab75dc5e0;
 .timescale -9 -12;
v0x563ab76424d0_0 .var "msg", 511 0;
v0x563ab7642570_0 .var "ok", 0 0;
TD_tb_water_sched.check ;
    %load/vec4 v0x563ab7642570_0;
    %flag_set/vec4 8;
    %jmp/0xz  T_0.0, 8;
    %vpi_call 2 60 "$display", "  [PASS] %0s", v0x563ab76424d0_0 {0 0 0};
    %jmp T_0.1;
T_0.0 ;
    %load/vec4 v0x563ab769e920_0;
    %addi 1, 0, 32;
    %store/vec4 v0x563ab769e920_0, 0, 32;
    %vpi_call 2 63 "$display", "  [FAIL] %0s  (t=%0t)", v0x563ab76424d0_0, $time {0 0 0};
T_0.1 ;
    %end;
S_0x563ab762dd80 .scope module, "dut" "water_sched" 2 45, 3 35 0, S_0x563ab75dc5e0;
 .timescale -9 -12;
    .port_info 0 /INPUT 1 "clk";
    .port_info 1 /INPUT 1 "rst_n";
    .port_info 2 /INPUT 4 "zone_req";
    .port_info 3 /INPUT 8 "zone_prio";
    .port_info 4 /INPUT 32 "zone_demand";
    .port_info 5 /INPUT 8 "supply_avail";
    .port_info 6 /INPUT 1 "supply_valid";
    .port_info 7 /OUTPUT 4 "valve_open";
    .port_info 8 /OUTPUT 4 "grant_ack";
    .port_info 9 /OUTPUT 32 "cycles_done";
    .port_info 10 /OUTPUT 64 "zone_cycles";
    .port_info 11 /OUTPUT 1 "insufficient";
    .port_info 12 /OUTPUT 1 "busy";
    .port_info 13 /OUTPUT 3 "status";
P_0x563ab76990d0 .param/l "DATA_W" 0 3 37, +C4<00000000000000000000000000001000>;
P_0x563ab7699110 .param/l "NZONES" 0 3 36, +C4<00000000000000000000000000000100>;
P_0x563ab7699150 .param/l "SERVE_CYCLES" 0 3 38, +C4<00000000000000000000000000000100>;
P_0x563ab7699190 .param/l "SERVE_TIME" 1 3 84, C4<0000000000000100>;
P_0x563ab76991d0 .param/l "STRICT_PRIO" 0 3 39, +C4<00000000000000000000000000000000>;
P_0x563ab7699210 .param/l "ST_DONE" 1 3 77, C4<011>;
P_0x563ab7699250 .param/l "ST_IDLE" 1 3 74, C4<000>;
P_0x563ab7699290 .param/l "ST_SERVE" 1 3 75, C4<001>;
P_0x563ab76992d0 .param/l "ST_WAIT" 1 3 76, C4<010>;
L_0x563ab7644a90 .functor BUFZ 4, v0x563ab769ab40_0, C4<0000>, C4<0000>, C4<0000>;
L_0x563ab76423b0 .functor BUFZ 3, v0x563ab769a560_0, C4<000>, C4<000>, C4<000>;
L_0x7f483d8720a8 .functor BUFT 1, C4<001>, C4<0>, C4<0>, C4<0>;
v0x563ab7650d50_0 .net/2u *"_ivl_10", 2 0, L_0x7f483d8720a8;  1 drivers
L_0x7f483d872018 .functor BUFT 1, C4<011>, C4<0>, C4<0>, C4<0>;
v0x563ab764a920_0 .net/2u *"_ivl_2", 2 0, L_0x7f483d872018;  1 drivers
v0x563ab764a880_0 .net *"_ivl_4", 0 0, L_0x563ab76a0f30;  1 drivers
L_0x7f483d872060 .functor BUFT 1, C4<0000>, C4<0>, C4<0>, C4<0>;
v0x563ab7699990_0 .net/2u *"_ivl_6", 3 0, L_0x7f483d872060;  1 drivers
v0x563ab7699a70_0 .var "best_rank", 1 0;
v0x563ab7699ba0_0 .var "blocked", 0 0;
v0x563ab7699c60_0 .net "busy", 0 0, L_0x563ab76a1210;  alias, 1 drivers
v0x563ab7699d20_0 .net "clk", 0 0, v0x563ab769e220_0;  1 drivers
v0x563ab7699de0_0 .var "cycles_done", 31 0;
v0x563ab7699ec0_0 .var "found", 0 0;
v0x563ab7699f80_0 .net "grant_ack", 3 0, L_0x563ab76a1080;  alias, 1 drivers
v0x563ab769a060_0 .var/i "i", 31 0;
v0x563ab769a140_0 .var "insufficient", 0 0;
v0x563ab769a200_0 .var/i "j", 31 0;
v0x563ab769a2e0_0 .var "max_stuck_rank", 1 0;
v0x563ab769a3c0_0 .var "pick", 3 0;
v0x563ab769a4a0_0 .net "rst_n", 0 0, v0x563ab769fb40_0;  1 drivers
v0x563ab769a560_0 .var "state", 2 0;
v0x563ab769a640_0 .net "status", 2 0, L_0x563ab76423b0;  alias, 1 drivers
v0x563ab769a720_0 .net "supply_avail", 7 0, v0x563ab76a0250_0;  1 drivers
v0x563ab769a800_0 .net "supply_valid", 0 0, v0x563ab76a0320_0;  1 drivers
v0x563ab769a8c0_0 .var "timer", 15 0;
v0x563ab769a9a0_0 .var "unserved_exists", 0 0;
v0x563ab769aa60_0 .net "valve_open", 3 0, L_0x563ab7644a90;  alias, 1 drivers
v0x563ab769ab40_0 .var "valve_r", 3 0;
v0x563ab769ac20_0 .var "win_r", 3 0;
v0x563ab769ad00_0 .var "zone_cycles", 63 0;
v0x563ab769ade0_0 .net "zone_demand", 31 0, L_0x563ab76a0d00;  alias, 1 drivers
v0x563ab769aec0_0 .net "zone_prio", 7 0, L_0x563ab76a0b50;  alias, 1 drivers
v0x563ab769afa0_0 .net "zone_req", 3 0, L_0x563ab76a09a0;  alias, 1 drivers
E_0x563ab75fdcc0/0 .event negedge, v0x563ab769a4a0_0;
E_0x563ab75fdcc0/1 .event posedge, v0x563ab7699d20_0;
E_0x563ab75fdcc0 .event/or E_0x563ab75fdcc0/0, E_0x563ab75fdcc0/1;
E_0x563ab75ffcb0/0 .event anyedge, v0x563ab769afa0_0, v0x563ab769a800_0, v0x563ab769ade0_0, v0x563ab769a720_0;
E_0x563ab75ffcb0/1 .event anyedge, v0x563ab769aec0_0, v0x563ab769a2e0_0, v0x563ab7699ba0_0, v0x563ab7699ec0_0;
E_0x563ab75ffcb0/2 .event anyedge, v0x563ab7699a70_0;
E_0x563ab75ffcb0 .event/or E_0x563ab75ffcb0/0, E_0x563ab75ffcb0/1, E_0x563ab75ffcb0/2;
L_0x563ab76a0f30 .cmp/eq 3, v0x563ab769a560_0, L_0x7f483d872018;
L_0x563ab76a1080 .functor MUXZ 4, L_0x7f483d872060, v0x563ab769ac20_0, L_0x563ab76a0f30, C4<>;
L_0x563ab76a1210 .cmp/eq 3, v0x563ab769a560_0, L_0x7f483d8720a8;
S_0x563ab769b240 .scope module, "dut_strict" "water_sched" 2 140, 3 35 0, S_0x563ab75dc5e0;
 .timescale -9 -12;
    .port_info 0 /INPUT 1 "clk";
    .port_info 1 /INPUT 1 "rst_n";
    .port_info 2 /INPUT 2 "zone_req";
    .port_info 3 /INPUT 4 "zone_prio";
    .port_info 4 /INPUT 16 "zone_demand";
    .port_info 5 /INPUT 8 "supply_avail";
    .port_info 6 /INPUT 1 "supply_valid";
    .port_info 7 /OUTPUT 2 "valve_open";
    .port_info 8 /OUTPUT 2 "grant_ack";
    .port_info 9 /OUTPUT 32 "cycles_done";
    .port_info 10 /OUTPUT 32 "zone_cycles";
    .port_info 11 /OUTPUT 1 "insufficient";
    .port_info 12 /OUTPUT 1 "busy";
    .port_info 13 /OUTPUT 3 "status";
P_0x563ab769b3d0 .param/l "DATA_W" 0 3 37, +C4<00000000000000000000000000001000>;
P_0x563ab769b410 .param/l "NZONES" 0 3 36, +C4<00000000000000000000000000000010>;
P_0x563ab769b450 .param/l "SERVE_CYCLES" 0 3 38, +C4<00000000000000000000000000000010>;
P_0x563ab769b490 .param/l "SERVE_TIME" 1 3 84, C4<0000000000000010>;
P_0x563ab769b4d0 .param/l "STRICT_PRIO" 0 3 39, +C4<00000000000000000000000000000001>;
P_0x563ab769b510 .param/l "ST_DONE" 1 3 77, C4<011>;
P_0x563ab769b550 .param/l "ST_IDLE" 1 3 74, C4<000>;
P_0x563ab769b590 .param/l "ST_SERVE" 1 3 75, C4<001>;
P_0x563ab769b5d0 .param/l "ST_WAIT" 1 3 76, C4<010>;
L_0x563ab7661860 .functor BUFZ 2, v0x563ab769d020_0, C4<00>, C4<00>, C4<00>;
L_0x563ab76618d0 .functor BUFZ 3, v0x563ab769ca60_0, C4<000>, C4<000>, C4<000>;
L_0x7f483d872180 .functor BUFT 1, C4<001>, C4<0>, C4<0>, C4<0>;
v0x563ab769bc10_0 .net/2u *"_ivl_10", 2 0, L_0x7f483d872180;  1 drivers
L_0x7f483d8720f0 .functor BUFT 1, C4<011>, C4<0>, C4<0>, C4<0>;
v0x563ab769bd10_0 .net/2u *"_ivl_2", 2 0, L_0x7f483d8720f0;  1 drivers
v0x563ab769bdf0_0 .net *"_ivl_4", 0 0, L_0x563ab76a1440;  1 drivers
L_0x7f483d872138 .functor BUFT 1, C4<00>, C4<0>, C4<0>, C4<0>;
v0x563ab769bec0_0 .net/2u *"_ivl_6", 1 0, L_0x7f483d872138;  1 drivers
v0x563ab769bfa0_0 .var "best_rank", 1 0;
v0x563ab769c0d0_0 .var "blocked", 0 0;
v0x563ab769c190_0 .net "busy", 0 0, L_0x563ab76a1710;  alias, 1 drivers
v0x563ab769c250_0 .net "clk", 0 0, v0x563ab769e220_0;  alias, 1 drivers
v0x563ab769c2f0_0 .var "cycles_done", 31 0;
v0x563ab769c3b0_0 .var "found", 0 0;
v0x563ab769c470_0 .net "grant_ack", 1 0, L_0x563ab76a1580;  alias, 1 drivers
v0x563ab769c550_0 .var/i "i", 31 0;
v0x563ab769c630_0 .var "insufficient", 0 0;
v0x563ab769c6f0_0 .var/i "j", 31 0;
v0x563ab769c7d0_0 .var "max_stuck_rank", 1 0;
v0x563ab769c8b0_0 .var "pick", 1 0;
v0x563ab769c990_0 .net "rst_n", 0 0, v0x563ab769fb40_0;  alias, 1 drivers
v0x563ab769ca60_0 .var "state", 2 0;
v0x563ab769cb20_0 .net "status", 2 0, L_0x563ab76618d0;  alias, 1 drivers
v0x563ab769cc00_0 .net "supply_avail", 7 0, v0x563ab769ff10_0;  1 drivers
v0x563ab769cce0_0 .net "supply_valid", 0 0, v0x563ab76a00b0_0;  1 drivers
v0x563ab769cda0_0 .var "timer", 15 0;
v0x563ab769ce80_0 .var "unserved_exists", 0 0;
v0x563ab769cf40_0 .net "valve_open", 1 0, L_0x563ab7661860;  alias, 1 drivers
v0x563ab769d020_0 .var "valve_r", 1 0;
v0x563ab769d100_0 .var "win_r", 1 0;
v0x563ab769d1e0_0 .var "zone_cycles", 31 0;
v0x563ab769d2c0_0 .net "zone_demand", 15 0, L_0x563ab76a1a60;  1 drivers
v0x563ab769d3a0_0 .net "zone_prio", 3 0, L_0x563ab76a19c0;  1 drivers
v0x563ab769d480_0 .net "zone_req", 1 0, L_0x563ab76a18f0;  1 drivers
E_0x563ab75ff470/0 .event anyedge, v0x563ab769d480_0, v0x563ab769cce0_0, v0x563ab769d2c0_0, v0x563ab769cc00_0;
E_0x563ab75ff470/1 .event anyedge, v0x563ab769d3a0_0, v0x563ab769c7d0_0, v0x563ab769ce80_0, v0x563ab769c0d0_0;
E_0x563ab75ff470/2 .event anyedge, v0x563ab769c3b0_0, v0x563ab769bfa0_0;
E_0x563ab75ff470 .event/or E_0x563ab75ff470/0, E_0x563ab75ff470/1, E_0x563ab75ff470/2;
L_0x563ab76a1440 .cmp/eq 3, v0x563ab769ca60_0, L_0x7f483d8720f0;
L_0x563ab76a1580 .functor MUXZ 2, L_0x7f483d872138, v0x563ab769d100_0, L_0x563ab76a1440, C4<>;
L_0x563ab76a1710 .cmp/eq 3, v0x563ab769ca60_0, L_0x7f483d872180;
S_0x563ab769d720 .scope task, "serve_and_clear" "serve_and_clear" 2 74, 2 74 0, S_0x563ab75dc5e0;
 .timescale -9 -12;
v0x563ab769d8b0_0 .var "got", 0 0;
v0x563ab769d990_0 .var/i "idx", 31 0;
v0x563ab769da70_0 .var/i "k2", 31 0;
v0x563ab769db60_0 .var/i "timeout", 31 0;
TD_tb_water_sched.serve_and_clear ;
    %pushi/vec4 0, 0, 32;
    %store/vec4 v0x563ab769da70_0, 0, 32;
    %pushi/vec4 0, 0, 1;
    %store/vec4 v0x563ab769d8b0_0, 0, 1;
T_1.2 ;
    %load/vec4 v0x563ab769d8b0_0;
    %nor/r;
    %flag_set/vec4 9;
    %flag_get/vec4 9;
    %jmp/0 T_1.4, 9;
    %load/vec4 v0x563ab769da70_0;
    %load/vec4 v0x563ab769db60_0;
    %cmp/s;
    %flag_get/vec4 5;
    %and;
T_1.4;
    %flag_set/vec4 8;
    %jmp/0xz T_1.3, 8;
    %fork TD_tb_water_sched.step, S_0x563ab769dc40;
    %join;
    %load/vec4 v0x563ab769eac0_0;
    %cmpi/ne 0, 0, 4;
    %flag_get/vec4 6;
    %jmp/0 T_1.7, 6;
    %load/vec4 v0x563ab769eac0_0;
    %load/vec4 v0x563ab769d990_0;
    %part/s 1;
    %pushi/vec4 1, 0, 1;
    %cmp/ne;
    %flag_get/vec4 6;
    %and;
T_1.7;
    %flag_set/vec4 8;
    %jmp/0xz  T_1.5, 8;
    %pushi/vec4 0, 0, 1;
    %store/vec4 v0x563ab7642570_0, 0, 1;
    %pushi/vec4 0, 0, 32; draw_string_vec4
    %pushi/vec4 0, 0, 32; draw_string_vec4
    %concat/vec4; draw_string_vec4
    %pushi/vec4 0, 0, 32; draw_string_vec4
    %concat/vec4; draw_string_vec4
    %pushi/vec4 0, 0, 32; draw_string_vec4
    %concat/vec4; draw_string_vec4
    %pushi/vec4 21838, 0, 32; draw_string_vec4
    %concat/vec4; draw_string_vec4
    %pushi/vec4 1163415621, 0, 32; draw_string_vec4
    %concat/vec4; draw_string_vec4
    %pushi/vec4 1129596228, 0, 32; draw_string_vec4
    %concat/vec4; draw_string_vec4
    %pushi/vec4 544894830, 0, 32; draw_string_vec4
    %concat/vec4; draw_string_vec4
    %pushi/vec4 1696625509, 0, 32; draw_string_vec4
    %concat/vec4; draw_string_vec4
    %pushi/vec4 1920361828, 0, 32; draw_string_vec4
    %concat/vec4; draw_string_vec4
    %pushi/vec4 539521138, 0, 32; draw_string_vec4
    %concat/vec4; draw_string_vec4
    %pushi/vec4 1768911465, 0, 32; draw_string_vec4
    %concat/vec4; draw_string_vec4
    %pushi/vec4 1954095215, 0, 32; draw_string_vec4
    %concat/vec4; draw_string_vec4
    %pushi/vec4 1919182194, 0, 32; draw_string_vec4
    %concat/vec4; draw_string_vec4
    %pushi/vec4 543322735, 0, 32; draw_string_vec4
    %concat/vec4; draw_string_vec4
    %pushi/vec4 1801809449, 0, 32; draw_string_vec4
    %concat/vec4; draw_string_vec4
    %store/vec4 v0x563ab76424d0_0, 0, 512;
    %fork TD_tb_water_sched.check, S_0x563ab762e310;
    %join;
T_1.5 ;
    %load/vec4 v0x563ab769eac0_0;
    %load/vec4 v0x563ab769d990_0;
    %part/s 1;
    %flag_set/vec4 8;
    %jmp/0xz  T_1.8, 8;
    %pushi/vec4 1, 0, 1;
    %store/vec4 v0x563ab769d8b0_0, 0, 1;
T_1.8 ;
    %load/vec4 v0x563ab769da70_0;
    %addi 1, 0, 32;
    %store/vec4 v0x563ab769da70_0, 0, 32;
    %jmp T_1.2;
T_1.3 ;
    %load/vec4 v0x563ab769d8b0_0;
    %nor/r;
    %flag_set/vec4 8;
    %jmp/0xz  T_1.10, 8;
    %pushi/vec4 0, 0, 1;
    %store/vec4 v0x563ab7642570_0, 0, 1;
    %pushi/vec4 0, 0, 32; draw_string_vec4
    %pushi/vec4 0, 0, 32; draw_string_vec4
    %concat/vec4; draw_string_vec4
    %pushi/vec4 0, 0, 32; draw_string_vec4
    %concat/vec4; draw_string_vec4
    %pushi/vec4 0, 0, 32; draw_string_vec4
    %concat/vec4; draw_string_vec4
    %pushi/vec4 0, 0, 32; draw_string_vec4
    %concat/vec4; draw_string_vec4
    %pushi/vec4 0, 0, 32; draw_string_vec4
    %concat/vec4; draw_string_vec4
    %pushi/vec4 0, 0, 32; draw_string_vec4
    %concat/vec4; draw_string_vec4
    %pushi/vec4 0, 0, 32; draw_string_vec4
    %concat/vec4; draw_string_vec4
    %pushi/vec4 0, 0, 32; draw_string_vec4
    %concat/vec4; draw_string_vec4
    %pushi/vec4 0, 0, 32; draw_string_vec4
    %concat/vec4; draw_string_vec4
    %pushi/vec4 0, 0, 32; draw_string_vec4
    %concat/vec4; draw_string_vec4
    %pushi/vec4 0, 0, 32; draw_string_vec4
    %concat/vec4; draw_string_vec4
    %pushi/vec4 0, 0, 32; draw_string_vec4
    %concat/vec4; draw_string_vec4
    %pushi/vec4 4277067, 0, 32; draw_string_vec4
    %concat/vec4; draw_string_vec4
    %pushi/vec4 544500077, 0, 32; draw_string_vec4
    %concat/vec4; draw_string_vec4
    %pushi/vec4 1701803380, 0, 32; draw_string_vec4
    %concat/vec4; draw_string_vec4
    %store/vec4 v0x563ab76424d0_0, 0, 512;
    %fork TD_tb_water_sched.check, S_0x563ab762e310;
    %join;
T_1.10 ;
    %load/vec4 v0x563ab769d990_0;
    %dup/vec4;
    %pushi/vec4 0, 0, 32;
    %cmp/u;
    %jmp/1 T_1.12, 6;
    %dup/vec4;
    %pushi/vec4 1, 0, 32;
    %cmp/u;
    %jmp/1 T_1.13, 6;
    %dup/vec4;
    %pushi/vec4 2, 0, 32;
    %cmp/u;
    %jmp/1 T_1.14, 6;
    %pushi/vec4 0, 0, 1;
    %store/vec4 v0x563ab769f900_0, 0, 1;
    %jmp T_1.16;
T_1.12 ;
    %pushi/vec4 0, 0, 1;
    %store/vec4 v0x563ab769f6c0_0, 0, 1;
    %jmp T_1.16;
T_1.13 ;
    %pushi/vec4 0, 0, 1;
    %store/vec4 v0x563ab769f780_0, 0, 1;
    %jmp T_1.16;
T_1.14 ;
    %pushi/vec4 0, 0, 1;
    %store/vec4 v0x563ab769f840_0, 0, 1;
    %jmp T_1.16;
T_1.16 ;
    %pop/vec4 1;
    %fork TD_tb_water_sched.step, S_0x563ab769dc40;
    %join;
    %end;
S_0x563ab769dc40 .scope task, "step" "step" 2 68, 2 68 0, S_0x563ab75dc5e0;
 .timescale -9 -12;
E_0x563ab7621550 .event posedge, v0x563ab7699d20_0;
TD_tb_water_sched.step ;
    %wait E_0x563ab7621550;
    %delay 1000, 0;
    %end;
    .scope S_0x563ab762dd80;
T_3 ;
    %wait E_0x563ab75ffcb0;
    %pushi/vec4 0, 0, 4;
    %store/vec4 v0x563ab769a3c0_0, 0, 4;
    %pushi/vec4 0, 0, 1;
    %store/vec4 v0x563ab7699ec0_0, 0, 1;
    %pushi/vec4 0, 0, 2;
    %store/vec4 v0x563ab7699a70_0, 0, 2;
    %pushi/vec4 0, 0, 1;
    %store/vec4 v0x563ab769a9a0_0, 0, 1;
    %pushi/vec4 0, 0, 2;
    %store/vec4 v0x563ab769a2e0_0, 0, 2;
    %pushi/vec4 0, 0, 32;
    %store/vec4 v0x563ab769a060_0, 0, 32;
T_3.0 ;
    %load/vec4 v0x563ab769a060_0;
    %cmpi/s 4, 0, 32;
    %jmp/0xz T_3.1, 5;
    %load/vec4 v0x563ab769afa0_0;
    %load/vec4 v0x563ab769a060_0;
    %part/s 1;
    %flag_set/vec4 9;
    %flag_get/vec4 9;
    %jmp/0 T_3.4, 9;
    %load/vec4 v0x563ab769a800_0;
    %flag_set/vec4 9;
    %flag_get/vec4 9;
    %jmp/0 T_3.5, 9;
    %load/vec4 v0x563ab769ade0_0;
    %load/vec4 v0x563ab769a060_0;
    %muli 8, 0, 32;
    %part/s 8;
    %load/vec4 v0x563ab769a720_0;
    %cmp/u;
    %flag_get/vec4 4;
    %flag_get/vec4 5;
    %or;
    %and;
T_3.5;
    %nor/r;
    %and;
T_3.4;
    %flag_set/vec4 8;
    %jmp/0xz  T_3.2, 8;
    %pushi/vec4 1, 0, 1;
    %store/vec4 v0x563ab769a9a0_0, 0, 1;
    %load/vec4 v0x563ab769a2e0_0;
    %load/vec4 v0x563ab769aec0_0;
    %load/vec4 v0x563ab769a060_0;
    %muli 2, 0, 32;
    %part/s 2;
    %cmp/u;
    %jmp/0xz  T_3.6, 5;
    %load/vec4 v0x563ab769aec0_0;
    %load/vec4 v0x563ab769a060_0;
    %muli 2, 0, 32;
    %part/s 2;
    %store/vec4 v0x563ab769a2e0_0, 0, 2;
T_3.6 ;
T_3.2 ;
    %load/vec4 v0x563ab769a060_0;
    %addi 1, 0, 32;
    %store/vec4 v0x563ab769a060_0, 0, 32;
    %jmp T_3.0;
T_3.1 ;
    %pushi/vec4 0, 0, 32;
    %store/vec4 v0x563ab769a060_0, 0, 32;
T_3.8 ;
    %load/vec4 v0x563ab769a060_0;
    %cmpi/s 4, 0, 32;
    %jmp/0xz T_3.9, 5;
    %pushi/vec4 0, 0, 1;
    %store/vec4 v0x563ab7699ba0_0, 0, 1;
    %load/vec4 v0x563ab769afa0_0;
    %load/vec4 v0x563ab769a060_0;
    %part/s 1;
    %flag_set/vec4 11;
    %flag_get/vec4 11;
    %jmp/0 T_3.14, 11;
    %load/vec4 v0x563ab769a800_0;
    %and;
T_3.14;
    %flag_set/vec4 10;
    %flag_get/vec4 10;
    %jmp/0 T_3.13, 10;
    %load/vec4 v0x563ab769ade0_0;
    %load/vec4 v0x563ab769a060_0;
    %muli 8, 0, 32;
    %part/s 8;
    %load/vec4 v0x563ab769a720_0;
    %cmp/u;
    %flag_get/vec4 4;
    %flag_get/vec4 5;
    %or;
    %and;
T_3.13;
    %flag_set/vec4 9;
    %flag_get/vec4 9;
    %jmp/0 T_3.12, 9;
    %load/vec4 v0x563ab7699ba0_0;
    %nor/r;
    %and;
T_3.12;
    %flag_set/vec4 8;
    %jmp/0xz  T_3.10, 8;
    %load/vec4 v0x563ab7699ec0_0;
    %nor/r;
    %flag_set/vec4 8;
    %jmp/1 T_3.17, 8;
    %load/vec4 v0x563ab7699a70_0;
    %load/vec4 v0x563ab769aec0_0;
    %load/vec4 v0x563ab769a060_0;
    %muli 2, 0, 32;
    %part/s 2;
    %cmp/u;
    %flag_or 8, 5;
T_3.17;
    %jmp/0xz  T_3.15, 8;
    %pushi/vec4 1, 0, 1;
    %store/vec4 v0x563ab7699ec0_0, 0, 1;
    %load/vec4 v0x563ab769aec0_0;
    %load/vec4 v0x563ab769a060_0;
    %muli 2, 0, 32;
    %part/s 2;
    %store/vec4 v0x563ab7699a70_0, 0, 2;
    %pushi/vec4 1, 0, 4;
    %load/vec4 v0x563ab769a060_0;
    %ix/vec4 4;
    %shiftl 4;
    %store/vec4 v0x563ab769a3c0_0, 0, 4;
T_3.15 ;
T_3.10 ;
    %load/vec4 v0x563ab769a060_0;
    %addi 1, 0, 32;
    %store/vec4 v0x563ab769a060_0, 0, 32;
    %jmp T_3.8;
T_3.9 ;
    %jmp T_3;
    .thread T_3, $push;
    .scope S_0x563ab762dd80;
T_4 ;
    %wait E_0x563ab75fdcc0;
    %load/vec4 v0x563ab769a4a0_0;
    %nor/r;
    %flag_set/vec4 8;
    %jmp/0xz  T_4.0, 8;
    %pushi/vec4 0, 0, 3;
    %assign/vec4 v0x563ab769a560_0, 0;
    %pushi/vec4 0, 0, 4;
    %assign/vec4 v0x563ab769ab40_0, 0;
    %pushi/vec4 0, 0, 4;
    %assign/vec4 v0x563ab769ac20_0, 0;
    %pushi/vec4 0, 0, 16;
    %assign/vec4 v0x563ab769a8c0_0, 0;
    %pushi/vec4 0, 0, 32;
    %assign/vec4 v0x563ab7699de0_0, 0;
    %pushi/vec4 0, 0, 64;
    %assign/vec4 v0x563ab769ad00_0, 0;
    %pushi/vec4 0, 0, 1;
    %assign/vec4 v0x563ab769a140_0, 0;
    %jmp T_4.1;
T_4.0 ;
    %load/vec4 v0x563ab769a9a0_0;
    %assign/vec4 v0x563ab769a140_0, 0;
    %load/vec4 v0x563ab769a560_0;
    %dup/vec4;
    %pushi/vec4 0, 0, 3;
    %cmp/u;
    %jmp/1 T_4.2, 6;
    %dup/vec4;
    %pushi/vec4 1, 0, 3;
    %cmp/u;
    %jmp/1 T_4.3, 6;
    %dup/vec4;
    %pushi/vec4 3, 0, 3;
    %cmp/u;
    %jmp/1 T_4.4, 6;
    %dup/vec4;
    %pushi/vec4 2, 0, 3;
    %cmp/u;
    %jmp/1 T_4.5, 6;
    %pushi/vec4 0, 0, 3;
    %assign/vec4 v0x563ab769a560_0, 0;
    %jmp T_4.7;
T_4.2 ;
    %pushi/vec4 0, 0, 4;
    %assign/vec4 v0x563ab769ab40_0, 0;
    %load/vec4 v0x563ab7699ec0_0;
    %flag_set/vec4 8;
    %jmp/0xz  T_4.8, 8;
    %load/vec4 v0x563ab769a3c0_0;
    %assign/vec4 v0x563ab769ac20_0, 0;
    %load/vec4 v0x563ab769a3c0_0;
    %assign/vec4 v0x563ab769ab40_0, 0;
    %pushi/vec4 4, 0, 16;
    %assign/vec4 v0x563ab769a8c0_0, 0;
    %pushi/vec4 1, 0, 3;
    %assign/vec4 v0x563ab769a560_0, 0;
    %jmp T_4.9;
T_4.8 ;
    %load/vec4 v0x563ab769a9a0_0;
    %flag_set/vec4 8;
    %jmp/0xz  T_4.10, 8;
    %pushi/vec4 2, 0, 3;
    %assign/vec4 v0x563ab769a560_0, 0;
    %jmp T_4.11;
T_4.10 ;
    %pushi/vec4 0, 0, 3;
    %assign/vec4 v0x563ab769a560_0, 0;
T_4.11 ;
T_4.9 ;
    %jmp T_4.7;
T_4.3 ;
    %load/vec4 v0x563ab769a8c0_0;
    %cmpi/u 1, 0, 16;
    %flag_or 5, 4;
    %jmp/0xz  T_4.12, 5;
    %pushi/vec4 0, 0, 16;
    %assign/vec4 v0x563ab769a8c0_0, 0;
    %pushi/vec4 0, 0, 4;
    %assign/vec4 v0x563ab769ab40_0, 0;
    %pushi/vec4 3, 0, 3;
    %assign/vec4 v0x563ab769a560_0, 0;
    %jmp T_4.13;
T_4.12 ;
    %load/vec4 v0x563ab769a8c0_0;
    %subi 1, 0, 16;
    %assign/vec4 v0x563ab769a8c0_0, 0;
T_4.13 ;
    %jmp T_4.7;
T_4.4 ;
    %load/vec4 v0x563ab7699de0_0;
    %addi 1, 0, 32;
    %assign/vec4 v0x563ab7699de0_0, 0;
    %pushi/vec4 0, 0, 32;
    %store/vec4 v0x563ab769a200_0, 0, 32;
T_4.14 ;
    %load/vec4 v0x563ab769a200_0;
    %cmpi/s 4, 0, 32;
    %jmp/0xz T_4.15, 5;
    %load/vec4 v0x563ab769ac20_0;
    %load/vec4 v0x563ab769a200_0;
    %part/s 1;
    %flag_set/vec4 8;
    %jmp/0xz  T_4.16, 8;
    %load/vec4 v0x563ab769ad00_0;
    %load/vec4 v0x563ab769a200_0;
    %muli 16, 0, 32;
    %part/s 16;
    %addi 1, 0, 16;
    %ix/load 5, 0, 0;
    %load/vec4 v0x563ab769a200_0;
    %muli 16, 0, 32;
    %ix/vec4/s 4;
    %assign/vec4/off/d v0x563ab769ad00_0, 4, 5;
T_4.16 ;
    %load/vec4 v0x563ab769a200_0;
    %addi 1, 0, 32;
    %store/vec4 v0x563ab769a200_0, 0, 32;
    %jmp T_4.14;
T_4.15 ;
    %pushi/vec4 0, 0, 3;
    %assign/vec4 v0x563ab769a560_0, 0;
    %jmp T_4.7;
T_4.5 ;
    %load/vec4 v0x563ab7699ec0_0;
    %flag_set/vec4 8;
    %jmp/0xz  T_4.18, 8;
    %load/vec4 v0x563ab769a3c0_0;
    %assign/vec4 v0x563ab769ac20_0, 0;
    %load/vec4 v0x563ab769a3c0_0;
    %assign/vec4 v0x563ab769ab40_0, 0;
    %pushi/vec4 4, 0, 16;
    %assign/vec4 v0x563ab769a8c0_0, 0;
    %pushi/vec4 1, 0, 3;
    %assign/vec4 v0x563ab769a560_0, 0;
    %jmp T_4.19;
T_4.18 ;
    %load/vec4 v0x563ab769a9a0_0;
    %nor/r;
    %flag_set/vec4 8;
    %jmp/0xz  T_4.20, 8;
    %pushi/vec4 0, 0, 3;
    %assign/vec4 v0x563ab769a560_0, 0;
T_4.20 ;
T_4.19 ;
    %jmp T_4.7;
T_4.7 ;
    %pop/vec4 1;
T_4.1 ;
    %jmp T_4;
    .thread T_4;
    .scope S_0x563ab769b240;
T_5 ;
    %wait E_0x563ab75ff470;
    %pushi/vec4 0, 0, 2;
    %store/vec4 v0x563ab769c8b0_0, 0, 2;
    %pushi/vec4 0, 0, 1;
    %store/vec4 v0x563ab769c3b0_0, 0, 1;
    %pushi/vec4 0, 0, 2;
    %store/vec4 v0x563ab769bfa0_0, 0, 2;
    %pushi/vec4 0, 0, 1;
    %store/vec4 v0x563ab769ce80_0, 0, 1;
    %pushi/vec4 0, 0, 2;
    %store/vec4 v0x563ab769c7d0_0, 0, 2;
    %pushi/vec4 0, 0, 32;
    %store/vec4 v0x563ab769c550_0, 0, 32;
T_5.0 ;
    %load/vec4 v0x563ab769c550_0;
    %cmpi/s 2, 0, 32;
    %jmp/0xz T_5.1, 5;
    %load/vec4 v0x563ab769d480_0;
    %load/vec4 v0x563ab769c550_0;
    %part/s 1;
    %flag_set/vec4 9;
    %flag_get/vec4 9;
    %jmp/0 T_5.4, 9;
    %load/vec4 v0x563ab769cce0_0;
    %flag_set/vec4 9;
    %flag_get/vec4 9;
    %jmp/0 T_5.5, 9;
    %load/vec4 v0x563ab769d2c0_0;
    %load/vec4 v0x563ab769c550_0;
    %muli 8, 0, 32;
    %part/s 8;
    %load/vec4 v0x563ab769cc00_0;
    %cmp/u;
    %flag_get/vec4 4;
    %flag_get/vec4 5;
    %or;
    %and;
T_5.5;
    %nor/r;
    %and;
T_5.4;
    %flag_set/vec4 8;
    %jmp/0xz  T_5.2, 8;
    %pushi/vec4 1, 0, 1;
    %store/vec4 v0x563ab769ce80_0, 0, 1;
    %load/vec4 v0x563ab769c7d0_0;
    %load/vec4 v0x563ab769d3a0_0;
    %load/vec4 v0x563ab769c550_0;
    %muli 2, 0, 32;
    %part/s 2;
    %cmp/u;
    %jmp/0xz  T_5.6, 5;
    %load/vec4 v0x563ab769d3a0_0;
    %load/vec4 v0x563ab769c550_0;
    %muli 2, 0, 32;
    %part/s 2;
    %store/vec4 v0x563ab769c7d0_0, 0, 2;
T_5.6 ;
T_5.2 ;
    %load/vec4 v0x563ab769c550_0;
    %addi 1, 0, 32;
    %store/vec4 v0x563ab769c550_0, 0, 32;
    %jmp T_5.0;
T_5.1 ;
    %pushi/vec4 0, 0, 32;
    %store/vec4 v0x563ab769c550_0, 0, 32;
T_5.8 ;
    %load/vec4 v0x563ab769c550_0;
    %cmpi/s 2, 0, 32;
    %jmp/0xz T_5.9, 5;
    %pushi/vec4 1, 0, 1;
    %flag_set/vec4 9;
    %flag_get/vec4 9;
    %jmp/0 T_5.11, 9;
    %load/vec4 v0x563ab769ce80_0;
    %and;
T_5.11;
    %flag_set/vec4 8;
    %flag_get/vec4 8;
    %jmp/0 T_5.10, 8;
    %load/vec4 v0x563ab769d3a0_0;
    %load/vec4 v0x563ab769c550_0;
    %muli 2, 0, 32;
    %part/s 2;
    %load/vec4 v0x563ab769c7d0_0;
    %cmp/u;
    %flag_get/vec4 5;
    %and;
T_5.10;
    %store/vec4 v0x563ab769c0d0_0, 0, 1;
    %load/vec4 v0x563ab769d480_0;
    %load/vec4 v0x563ab769c550_0;
    %part/s 1;
    %flag_set/vec4 11;
    %flag_get/vec4 11;
    %jmp/0 T_5.16, 11;
    %load/vec4 v0x563ab769cce0_0;
    %and;
T_5.16;
    %flag_set/vec4 10;
    %flag_get/vec4 10;
    %jmp/0 T_5.15, 10;
    %load/vec4 v0x563ab769d2c0_0;
    %load/vec4 v0x563ab769c550_0;
    %muli 8, 0, 32;
    %part/s 8;
    %load/vec4 v0x563ab769cc00_0;
    %cmp/u;
    %flag_get/vec4 4;
    %flag_get/vec4 5;
    %or;
    %and;
T_5.15;
    %flag_set/vec4 9;
    %flag_get/vec4 9;
    %jmp/0 T_5.14, 9;
    %load/vec4 v0x563ab769c0d0_0;
    %nor/r;
    %and;
T_5.14;
    %flag_set/vec4 8;
    %jmp/0xz  T_5.12, 8;
    %load/vec4 v0x563ab769c3b0_0;
    %nor/r;
    %flag_set/vec4 8;
    %jmp/1 T_5.19, 8;
    %load/vec4 v0x563ab769bfa0_0;
    %load/vec4 v0x563ab769d3a0_0;
    %load/vec4 v0x563ab769c550_0;
    %muli 2, 0, 32;
    %part/s 2;
    %cmp/u;
    %flag_or 8, 5;
T_5.19;
    %jmp/0xz  T_5.17, 8;
    %pushi/vec4 1, 0, 1;
    %store/vec4 v0x563ab769c3b0_0, 0, 1;
    %load/vec4 v0x563ab769d3a0_0;
    %load/vec4 v0x563ab769c550_0;
    %muli 2, 0, 32;
    %part/s 2;
    %store/vec4 v0x563ab769bfa0_0, 0, 2;
    %pushi/vec4 1, 0, 2;
    %load/vec4 v0x563ab769c550_0;
    %ix/vec4 4;
    %shiftl 4;
    %store/vec4 v0x563ab769c8b0_0, 0, 2;
T_5.17 ;
T_5.12 ;
    %load/vec4 v0x563ab769c550_0;
    %addi 1, 0, 32;
    %store/vec4 v0x563ab769c550_0, 0, 32;
    %jmp T_5.8;
T_5.9 ;
    %jmp T_5;
    .thread T_5, $push;
    .scope S_0x563ab769b240;
T_6 ;
    %wait E_0x563ab75fdcc0;
    %load/vec4 v0x563ab769c990_0;
    %nor/r;
    %flag_set/vec4 8;
    %jmp/0xz  T_6.0, 8;
    %pushi/vec4 0, 0, 3;
    %assign/vec4 v0x563ab769ca60_0, 0;
    %pushi/vec4 0, 0, 2;
    %assign/vec4 v0x563ab769d020_0, 0;
    %pushi/vec4 0, 0, 2;
    %assign/vec4 v0x563ab769d100_0, 0;
    %pushi/vec4 0, 0, 16;
    %assign/vec4 v0x563ab769cda0_0, 0;
    %pushi/vec4 0, 0, 32;
    %assign/vec4 v0x563ab769c2f0_0, 0;
    %pushi/vec4 0, 0, 32;
    %assign/vec4 v0x563ab769d1e0_0, 0;
    %pushi/vec4 0, 0, 1;
    %assign/vec4 v0x563ab769c630_0, 0;
    %jmp T_6.1;
T_6.0 ;
    %load/vec4 v0x563ab769ce80_0;
    %assign/vec4 v0x563ab769c630_0, 0;
    %load/vec4 v0x563ab769ca60_0;
    %dup/vec4;
    %pushi/vec4 0, 0, 3;
    %cmp/u;
    %jmp/1 T_6.2, 6;
    %dup/vec4;
    %pushi/vec4 1, 0, 3;
    %cmp/u;
    %jmp/1 T_6.3, 6;
    %dup/vec4;
    %pushi/vec4 3, 0, 3;
    %cmp/u;
    %jmp/1 T_6.4, 6;
    %dup/vec4;
    %pushi/vec4 2, 0, 3;
    %cmp/u;
    %jmp/1 T_6.5, 6;
    %pushi/vec4 0, 0, 3;
    %assign/vec4 v0x563ab769ca60_0, 0;
    %jmp T_6.7;
T_6.2 ;
    %pushi/vec4 0, 0, 2;
    %assign/vec4 v0x563ab769d020_0, 0;
    %load/vec4 v0x563ab769c3b0_0;
    %flag_set/vec4 8;
    %jmp/0xz  T_6.8, 8;
    %load/vec4 v0x563ab769c8b0_0;
    %assign/vec4 v0x563ab769d100_0, 0;
    %load/vec4 v0x563ab769c8b0_0;
    %assign/vec4 v0x563ab769d020_0, 0;
    %pushi/vec4 2, 0, 16;
    %assign/vec4 v0x563ab769cda0_0, 0;
    %pushi/vec4 1, 0, 3;
    %assign/vec4 v0x563ab769ca60_0, 0;
    %jmp T_6.9;
T_6.8 ;
    %load/vec4 v0x563ab769ce80_0;
    %flag_set/vec4 8;
    %jmp/0xz  T_6.10, 8;
    %pushi/vec4 2, 0, 3;
    %assign/vec4 v0x563ab769ca60_0, 0;
    %jmp T_6.11;
T_6.10 ;
    %pushi/vec4 0, 0, 3;
    %assign/vec4 v0x563ab769ca60_0, 0;
T_6.11 ;
T_6.9 ;
    %jmp T_6.7;
T_6.3 ;
    %load/vec4 v0x563ab769cda0_0;
    %cmpi/u 1, 0, 16;
    %flag_or 5, 4;
    %jmp/0xz  T_6.12, 5;
    %pushi/vec4 0, 0, 16;
    %assign/vec4 v0x563ab769cda0_0, 0;
    %pushi/vec4 0, 0, 2;
    %assign/vec4 v0x563ab769d020_0, 0;
    %pushi/vec4 3, 0, 3;
    %assign/vec4 v0x563ab769ca60_0, 0;
    %jmp T_6.13;
T_6.12 ;
    %load/vec4 v0x563ab769cda0_0;
    %subi 1, 0, 16;
    %assign/vec4 v0x563ab769cda0_0, 0;
T_6.13 ;
    %jmp T_6.7;
T_6.4 ;
    %load/vec4 v0x563ab769c2f0_0;
    %addi 1, 0, 32;
    %assign/vec4 v0x563ab769c2f0_0, 0;
    %pushi/vec4 0, 0, 32;
    %store/vec4 v0x563ab769c6f0_0, 0, 32;
T_6.14 ;
    %load/vec4 v0x563ab769c6f0_0;
    %cmpi/s 2, 0, 32;
    %jmp/0xz T_6.15, 5;
    %load/vec4 v0x563ab769d100_0;
    %load/vec4 v0x563ab769c6f0_0;
    %part/s 1;
    %flag_set/vec4 8;
    %jmp/0xz  T_6.16, 8;
    %load/vec4 v0x563ab769d1e0_0;
    %load/vec4 v0x563ab769c6f0_0;
    %muli 16, 0, 32;
    %part/s 16;
    %addi 1, 0, 16;
    %ix/load 5, 0, 0;
    %load/vec4 v0x563ab769c6f0_0;
    %muli 16, 0, 32;
    %ix/vec4/s 4;
    %assign/vec4/off/d v0x563ab769d1e0_0, 4, 5;
T_6.16 ;
    %load/vec4 v0x563ab769c6f0_0;
    %addi 1, 0, 32;
    %store/vec4 v0x563ab769c6f0_0, 0, 32;
    %jmp T_6.14;
T_6.15 ;
    %pushi/vec4 0, 0, 3;
    %assign/vec4 v0x563ab769ca60_0, 0;
    %jmp T_6.7;
T_6.5 ;
    %load/vec4 v0x563ab769c3b0_0;
    %flag_set/vec4 8;
    %jmp/0xz  T_6.18, 8;
    %load/vec4 v0x563ab769c8b0_0;
    %assign/vec4 v0x563ab769d100_0, 0;
    %load/vec4 v0x563ab769c8b0_0;
    %assign/vec4 v0x563ab769d020_0, 0;
    %pushi/vec4 2, 0, 16;
    %assign/vec4 v0x563ab769cda0_0, 0;
    %pushi/vec4 1, 0, 3;
    %assign/vec4 v0x563ab769ca60_0, 0;
    %jmp T_6.19;
T_6.18 ;
    %load/vec4 v0x563ab769ce80_0;
    %nor/r;
    %flag_set/vec4 8;
    %jmp/0xz  T_6.20, 8;
    %pushi/vec4 0, 0, 3;
    %assign/vec4 v0x563ab769ca60_0, 0;
T_6.20 ;
T_6.19 ;
    %jmp T_6.7;
T_6.7 ;
    %pop/vec4 1;
T_6.1 ;
    %jmp T_6;
    .thread T_6;
    .scope S_0x563ab75dc5e0;
T_7 ;
    %pushi/vec4 0, 0, 1;
    %store/vec4 v0x563ab769e220_0, 0, 1;
    %pushi/vec4 0, 0, 32;
    %store/vec4 v0x563ab769e920_0, 0, 32;
    %pushi/vec4 0, 0, 32;
    %store/vec4 v0x563ab769efc0_0, 0, 32;
    %end;
    .thread T_7;
    .scope S_0x563ab75dc5e0;
T_8 ;
    %delay 5000, 0;
    %load/vec4 v0x563ab769e220_0;
    %inv;
    %store/vec4 v0x563ab769e220_0, 0, 1;
    %jmp T_8;
    .thread T_8;
    .scope S_0x563ab75dc5e0;
T_9 ;
    %wait E_0x563ab7621550;
    %delay 1000, 0;
    %load/vec4 v0x563ab769fb40_0;
    %flag_set/vec4 8;
    %jmp/0xz  T_9.0, 8;
    %load/vec4 v0x563ab76a0590_0;
    %parti/s 1, 0, 2;
    %pad/u 32;
    %load/vec4 v0x563ab76a0590_0;
    %parti/s 1, 1, 2;
    %pad/u 32;
    %add;
    %load/vec4 v0x563ab76a0590_0;
    %parti/s 1, 2, 3;
    %pad/u 32;
    %add;
    %load/vec4 v0x563ab76a0590_0;
    %parti/s 1, 3, 3;
    %pad/u 32;
    %add;
    %store/vec4 v0x563ab769e090_0, 0, 32;
    %load/vec4 v0x563ab769e090_0;
    %cmpi/s 1, 0, 32;
    %flag_or 5, 4; GT is !LE
    %flag_inv 5;
    %jmp/0xz  T_9.2, 5;
    %load/vec4 v0x563ab769efc0_0;
    %addi 1, 0, 32;
    %store/vec4 v0x563ab769efc0_0, 0, 32;
    %vpi_call 2 102 "$display", "  [FAIL] CONFLICT! multiple valves open: %b (t=%0t)", v0x563ab76a0590_0, $time {0 0 0};
T_9.2 ;
T_9.0 ;
    %jmp T_9;
    .thread T_9;
    .scope S_0x563ab75dc5e0;
T_10 ;
    %vpi_func 2 109 "$test$plusargs" 32, "dump" {0 0 0};
    %cmpi/ne 0, 0, 32;
    %jmp/0xz  T_10.0, 4;
    %vpi_call 2 110 "$dumpfile", "water_sched.vcd" {0 0 0};
    %vpi_call 2 111 "$dumpvars", 32'sb00000000000000000000000000000000, S_0x563ab75dc5e0 {0 0 0};
T_10.0 ;
    %end;
    .thread T_10;
    .scope S_0x563ab75dc5e0;
T_11 ;
    %delay 500000000, 0;
    %vpi_call 2 118 "$display", "TESTS FAILED: watchdog timeout!" {0 0 0};
    %vpi_call 2 119 "$finish" {0 0 0};
    %end;
    .thread T_11;
    .scope S_0x563ab75dc5e0;
T_12 ;
    %vpi_call 2 150 "$display", "=====================================================" {0 0 0};
    %vpi_call 2 151 "$display", " water_sched self-checking TB  (Team LOGIC DUO)" {0 0 0};
    %vpi_call 2 152 "$display", "=====================================================" {0 0 0};
    %pushi/vec4 0, 0, 1;
    %store/vec4 v0x563ab769fb40_0, 0, 1;
    %pushi/vec4 0, 0, 4;
    %split/vec4 1;
    %store/vec4 v0x563ab769f6c0_0, 0, 1;
    %split/vec4 1;
    %store/vec4 v0x563ab769f780_0, 0, 1;
    %split/vec4 1;
    %store/vec4 v0x563ab769f840_0, 0, 1;
    %store/vec4 v0x563ab769f900_0, 0, 1;
    %pushi/vec4 0, 0, 2;
    %store/vec4 v0x563ab769f180_0, 0, 2;
    %pushi/vec4 1, 0, 2;
    %store/vec4 v0x563ab769f260_0, 0, 2;
    %pushi/vec4 2, 0, 2;
    %store/vec4 v0x563ab769f340_0, 0, 2;
    %pushi/vec4 3, 0, 2;
    %store/vec4 v0x563ab769f420_0, 0, 2;
    %pushi/vec4 50, 0, 8;
    %store/vec4 v0x563ab769e400_0, 0, 8;
    %pushi/vec4 50, 0, 8;
    %store/vec4 v0x563ab769e4c0_0, 0, 8;
    %pushi/vec4 50, 0, 8;
    %store/vec4 v0x563ab769e5a0_0, 0, 8;
    %pushi/vec4 50, 0, 8;
    %store/vec4 v0x563ab769e680_0, 0, 8;
    %pushi/vec4 250, 0, 8;
    %store/vec4 v0x563ab76a0250_0, 0, 8;
    %pushi/vec4 1, 0, 1;
    %store/vec4 v0x563ab76a0320_0, 0, 1;
    %pushi/vec4 0, 0, 1;
    %store/vec4 v0x563ab769f9c0_0, 0, 1;
    %pushi/vec4 0, 0, 1;
    %store/vec4 v0x563ab769fa80_0, 0, 1;
    %pushi/vec4 0, 0, 2;
    %store/vec4 v0x563ab769f500_0, 0, 2;
    %pushi/vec4 0, 0, 2;
    %store/vec4 v0x563ab769f5e0_0, 0, 2;
    %pushi/vec4 0, 0, 8;
    %store/vec4 v0x563ab769e760_0, 0, 8;
    %pushi/vec4 0, 0, 8;
    %store/vec4 v0x563ab769e840_0, 0, 8;
    %pushi/vec4 0, 0, 8;
    %store/vec4 v0x563ab769ff10_0, 0, 8;
    %pushi/vec4 0, 0, 1;
    %store/vec4 v0x563ab76a00b0_0, 0, 1;
    %vpi_call 2 165 "$display", "\012T1: reset values" {0 0 0};
    %pushi/vec4 3, 0, 32;
T_12.0 %dup/vec4;
    %pushi/vec4 0, 0, 32;
    %cmp/s;
    %jmp/1xz T_12.1, 5;
    %jmp/1 T_12.1, 4;
    %pushi/vec4 1, 0, 32;
    %sub;
    %fork TD_tb_water_sched.step, S_0x563ab769dc40;
    %join;
    %jmp T_12.0;
T_12.1 ;
    %pop/vec4 1;
    %pushi/vec4 1, 0, 1;
    %store/vec4 v0x563ab769fb40_0, 0, 1;
    %fork TD_tb_water_sched.step, S_0x563ab769dc40;
    %join;
    %load/vec4 v0x563ab76a0590_0;
    %pushi/vec4 0, 0, 4;
    %cmp/e;
    %flag_get/vec4 6;
    %store/vec4 v0x563ab7642570_0, 0, 1;
    %pushi/vec4 0, 0, 32; draw_string_vec4
    %pushi/vec4 0, 0, 32; draw_string_vec4
    %concat/vec4; draw_string_vec4
    %pushi/vec4 0, 0, 32; draw_string_vec4
    %concat/vec4; draw_string_vec4
    %pushi/vec4 0, 0, 32; draw_string_vec4
    %concat/vec4; draw_string_vec4
    %pushi/vec4 0, 0, 32; draw_string_vec4
    %concat/vec4; draw_string_vec4
    %pushi/vec4 0, 0, 32; draw_string_vec4
    %concat/vec4; draw_string_vec4
    %pushi/vec4 0, 0, 32; draw_string_vec4
    %concat/vec4; draw_string_vec4
    %pushi/vec4 0, 0, 32; draw_string_vec4
    %concat/vec4; draw_string_vec4
    %pushi/vec4 0, 0, 32; draw_string_vec4
    %concat/vec4; draw_string_vec4
    %pushi/vec4 118, 0, 32; draw_string_vec4
    %concat/vec4; draw_string_vec4
    %pushi/vec4 1634498149, 0, 32; draw_string_vec4
    %concat/vec4; draw_string_vec4
    %pushi/vec4 1931502444, 0, 32; draw_string_vec4
    %concat/vec4; draw_string_vec4
    %pushi/vec4 1869833572, 0, 32; draw_string_vec4
    %concat/vec4; draw_string_vec4
    %pushi/vec4 543254132, 0, 32; draw_string_vec4
    %concat/vec4; draw_string_vec4
    %pushi/vec4 1701978226, 0, 32; draw_string_vec4
    %concat/vec4; draw_string_vec4
    %pushi/vec4 1702061428, 0, 32; draw_string_vec4
    %concat/vec4; draw_string_vec4
    %store/vec4 v0x563ab76424d0_0, 0, 512;
    %fork TD_tb_water_sched.check, S_0x563ab762e310;
    %join;
    %load/vec4 v0x563ab769e360_0;
    %pushi/vec4 0, 0, 32;
    %cmp/e;
    %flag_get/vec4 6;
    %store/vec4 v0x563ab7642570_0, 0, 1;
    %pushi/vec4 0, 0, 32; draw_string_vec4
    %pushi/vec4 0, 0, 32; draw_string_vec4
    %concat/vec4; draw_string_vec4
    %pushi/vec4 0, 0, 32; draw_string_vec4
    %concat/vec4; draw_string_vec4
    %pushi/vec4 0, 0, 32; draw_string_vec4
    %concat/vec4; draw_string_vec4
    %pushi/vec4 0, 0, 32; draw_string_vec4
    %concat/vec4; draw_string_vec4
    %pushi/vec4 0, 0, 32; draw_string_vec4
    %concat/vec4; draw_string_vec4
    %pushi/vec4 0, 0, 32; draw_string_vec4
    %concat/vec4; draw_string_vec4
    %pushi/vec4 0, 0, 32; draw_string_vec4
    %concat/vec4; draw_string_vec4
    %pushi/vec4 25465, 0, 32; draw_string_vec4
    %concat/vec4; draw_string_vec4
    %pushi/vec4 1668048160, 0, 32; draw_string_vec4
    %concat/vec4; draw_string_vec4
    %pushi/vec4 1668248942, 0, 32; draw_string_vec4
    %concat/vec4; draw_string_vec4
    %pushi/vec4 1952805408, 0, 32; draw_string_vec4
    %concat/vec4; draw_string_vec4
    %pushi/vec4 1769152560, 0, 32; draw_string_vec4
    %concat/vec4; draw_string_vec4
    %pushi/vec4 543254132, 0, 32; draw_string_vec4
    %concat/vec4; draw_string_vec4
    %pushi/vec4 1701978226, 0, 32; draw_string_vec4
    %concat/vec4; draw_string_vec4
    %pushi/vec4 1702061428, 0, 32; draw_string_vec4
    %concat/vec4; draw_string_vec4
    %store/vec4 v0x563ab76424d0_0, 0, 512;
    %fork TD_tb_water_sched.check, S_0x563ab762e310;
    %join;
    %load/vec4 v0x563ab769ec40_0;
    %pushi/vec4 0, 0, 1;
    %cmp/e;
    %flag_get/vec4 6;
    %store/vec4 v0x563ab7642570_0, 0, 1;
    %pushi/vec4 0, 0, 32; draw_string_vec4
    %pushi/vec4 0, 0, 32; draw_string_vec4
    %concat/vec4; draw_string_vec4
    %pushi/vec4 0, 0, 32; draw_string_vec4
    %concat/vec4; draw_string_vec4
    %pushi/vec4 0, 0, 32; draw_string_vec4
    %concat/vec4; draw_string_vec4
    %pushi/vec4 0, 0, 32; draw_string_vec4
    %concat/vec4; draw_string_vec4
    %pushi/vec4 0, 0, 32; draw_string_vec4
    %concat/vec4; draw_string_vec4
    %pushi/vec4 0, 0, 32; draw_string_vec4
    %concat/vec4; draw_string_vec4
    %pushi/vec4 0, 0, 32; draw_string_vec4
    %concat/vec4; draw_string_vec4
    %pushi/vec4 0, 0, 32; draw_string_vec4
    %concat/vec4; draw_string_vec4
    %pushi/vec4 0, 0, 32; draw_string_vec4
    %concat/vec4; draw_string_vec4
    %pushi/vec4 6909555, 0, 32; draw_string_vec4
    %concat/vec4; draw_string_vec4
    %pushi/vec4 1969645161, 0, 32; draw_string_vec4
    %concat/vec4; draw_string_vec4
    %pushi/vec4 1667851630, 0, 32; draw_string_vec4
    %concat/vec4; draw_string_vec4
    %pushi/vec4 1948280428, 0, 32; draw_string_vec4
    %concat/vec4; draw_string_vec4
    %pushi/vec4 1634148451, 0, 32; draw_string_vec4
    %concat/vec4; draw_string_vec4
    %pushi/vec4 1818583410, 0, 32; draw_string_vec4
    %concat/vec4; draw_string_vec4
    %store/vec4 v0x563ab76424d0_0, 0, 512;
    %fork TD_tb_water_sched.check, S_0x563ab762e310;
    %join;
    %load/vec4 v0x563ab76a0180_0;
    %pushi/vec4 0, 0, 3;
    %cmp/e;
    %flag_get/vec4 6;
    %store/vec4 v0x563ab7642570_0, 0, 1;
    %pushi/vec4 0, 0, 32; draw_string_vec4
    %pushi/vec4 0, 0, 32; draw_string_vec4
    %concat/vec4; draw_string_vec4
    %pushi/vec4 0, 0, 32; draw_string_vec4
    %concat/vec4; draw_string_vec4
    %pushi/vec4 0, 0, 32; draw_string_vec4
    %concat/vec4; draw_string_vec4
    %pushi/vec4 0, 0, 32; draw_string_vec4
    %concat/vec4; draw_string_vec4
    %pushi/vec4 0, 0, 32; draw_string_vec4
    %concat/vec4; draw_string_vec4
    %pushi/vec4 0, 0, 32; draw_string_vec4
    %concat/vec4; draw_string_vec4
    %pushi/vec4 0, 0, 32; draw_string_vec4
    %concat/vec4; draw_string_vec4
    %pushi/vec4 0, 0, 32; draw_string_vec4
    %concat/vec4; draw_string_vec4
    %pushi/vec4 0, 0, 32; draw_string_vec4
    %concat/vec4; draw_string_vec4
    %pushi/vec4 0, 0, 32; draw_string_vec4
    %concat/vec4; draw_string_vec4
    %pushi/vec4 0, 0, 32; draw_string_vec4
    %concat/vec4; draw_string_vec4
    %pushi/vec4 115, 0, 32; draw_string_vec4
    %concat/vec4; draw_string_vec4
    %pushi/vec4 1952543861, 0, 32; draw_string_vec4
    %concat/vec4; draw_string_vec4
    %pushi/vec4 1931492640, 0, 32; draw_string_vec4
    %concat/vec4; draw_string_vec4
    %pushi/vec4 1229212741, 0, 32; draw_string_vec4
    %concat/vec4; draw_string_vec4
    %store/vec4 v0x563ab76424d0_0, 0, 512;
    %fork TD_tb_water_sched.check, S_0x563ab762e310;
    %join;
    %vpi_call 2 175 "$display", "\012T2: single zone (zone1) serve" {0 0 0};
    %pushi/vec4 1, 0, 1;
    %store/vec4 v0x563ab769f780_0, 0, 1;
    %pushi/vec4 0, 0, 32;
    %store/vec4 v0x563ab769f0a0_0, 0, 32;
    %pushi/vec4 0, 0, 32;
    %store/vec4 v0x563ab769ee20_0, 0, 32;
T_12.2 ;
    %load/vec4 v0x563ab769ee20_0;
    %cmpi/s 60, 0, 32;
    %jmp/0xz T_12.3, 5;
    %fork TD_tb_water_sched.step, S_0x563ab769dc40;
    %join;
    %load/vec4 v0x563ab76a0590_0;
    %parti/s 1, 1, 2;
    %flag_set/vec4 8;
    %jmp/0xz  T_12.4, 8;
    %load/vec4 v0x563ab769f0a0_0;
    %addi 1, 0, 32;
    %store/vec4 v0x563ab769f0a0_0, 0, 32;
T_12.4 ;
    %load/vec4 v0x563ab769eac0_0;
    %parti/s 1, 1, 2;
    %flag_set/vec4 8;
    %jmp/0xz  T_12.6, 8;
    %pushi/vec4 0, 0, 1;
    %store/vec4 v0x563ab769f780_0, 0, 1;
T_12.6 ;
    %load/vec4 v0x563ab76a0590_0;
    %parti/s 1, 0, 2;
    %load/vec4 v0x563ab76a0590_0;
    %parti/s 1, 2, 3;
    %or;
    %load/vec4 v0x563ab76a0590_0;
    %parti/s 1, 3, 3;
    %or;
    %flag_set/vec4 8;
    %jmp/0xz  T_12.8, 8;
    %pushi/vec4 0, 0, 1;
    %store/vec4 v0x563ab7642570_0, 0, 1;
    %pushi/vec4 0, 0, 32; draw_string_vec4
    %pushi/vec4 0, 0, 32; draw_string_vec4
    %concat/vec4; draw_string_vec4
    %pushi/vec4 0, 0, 32; draw_string_vec4
    %concat/vec4; draw_string_vec4
    %pushi/vec4 0, 0, 32; draw_string_vec4
    %concat/vec4; draw_string_vec4
    %pushi/vec4 0, 0, 32; draw_string_vec4
    %concat/vec4; draw_string_vec4
    %pushi/vec4 0, 0, 32; draw_string_vec4
    %concat/vec4; draw_string_vec4
    %pushi/vec4 0, 0, 32; draw_string_vec4
    %concat/vec4; draw_string_vec4
    %pushi/vec4 0, 0, 32; draw_string_vec4
    %concat/vec4; draw_string_vec4
    %pushi/vec4 0, 0, 32; draw_string_vec4
    %concat/vec4; draw_string_vec4
    %pushi/vec4 2003988334, 0, 32; draw_string_vec4
    %concat/vec4; draw_string_vec4
    %pushi/vec4 1730180705, 0, 32; draw_string_vec4
    %concat/vec4; draw_string_vec4
    %pushi/vec4 1819698464, 0, 32; draw_string_vec4
    %concat/vec4; draw_string_vec4
    %pushi/vec4 1869636974, 0, 32; draw_string_vec4
    %concat/vec4; draw_string_vec4
    %pushi/vec4 1701060710, 0, 32; draw_string_vec4
    %concat/vec4; draw_string_vec4
    %pushi/vec4 1869750394, 0, 32; draw_string_vec4
    %concat/vec4; draw_string_vec4
    %pushi/vec4 1869505841, 0, 32; draw_string_vec4
    %concat/vec4; draw_string_vec4
    %store/vec4 v0x563ab76424d0_0, 0, 512;
    %fork TD_tb_water_sched.check, S_0x563ab762e310;
    %join;
T_12.8 ;
    %load/vec4 v0x563ab769ee20_0;
    %addi 1, 0, 32;
    %store/vec4 v0x563ab769ee20_0, 0, 32;
    %jmp T_12.2;
T_12.3 ;
    %load/vec4 v0x563ab769f0a0_0;
    %pushi/vec4 4, 0, 32;
    %cmp/e;
    %flag_get/vec4 4;
    %store/vec4 v0x563ab7642570_0, 0, 1;
    %pushi/vec4 0, 0, 32; draw_string_vec4
    %pushi/vec4 0, 0, 32; draw_string_vec4
    %concat/vec4; draw_string_vec4
    %pushi/vec4 0, 0, 32; draw_string_vec4
    %concat/vec4; draw_string_vec4
    %pushi/vec4 0, 0, 32; draw_string_vec4
    %concat/vec4; draw_string_vec4
    %pushi/vec4 0, 0, 32; draw_string_vec4
    %concat/vec4; draw_string_vec4
    %pushi/vec4 0, 0, 32; draw_string_vec4
    %concat/vec4; draw_string_vec4
    %pushi/vec4 7758188, 0, 32; draw_string_vec4
    %concat/vec4; draw_string_vec4
    %pushi/vec4 1986343200, 0, 32; draw_string_vec4
    %concat/vec4; draw_string_vec4
    %pushi/vec4 1869636974, 0, 32; draw_string_vec4
    %concat/vec4; draw_string_vec4
    %pushi/vec4 543520865, 0, 32; draw_string_vec4
    %concat/vec4; draw_string_vec4
    %pushi/vec4 1668574329, 0, 32; draw_string_vec4
    %concat/vec4; draw_string_vec4
    %pushi/vec4 542328146, 0, 32; draw_string_vec4
    %concat/vec4; draw_string_vec4
    %pushi/vec4 1447386947, 0, 32; draw_string_vec4
    %concat/vec4; draw_string_vec4
    %pushi/vec4 1497582661, 0, 32; draw_string_vec4
    %concat/vec4; draw_string_vec4
    %pushi/vec4 1394631532, 0, 32; draw_string_vec4
    %concat/vec4; draw_string_vec4
    %pushi/vec4 1868786547, 0, 32; draw_string_vec4
    %concat/vec4; draw_string_vec4
    %store/vec4 v0x563ab76424d0_0, 0, 512;
    %fork TD_tb_water_sched.check, S_0x563ab762e310;
    %join;
    %load/vec4 v0x563ab769e360_0;
    %pushi/vec4 1, 0, 32;
    %cmp/e;
    %flag_get/vec4 4;
    %store/vec4 v0x563ab7642570_0, 0, 1;
    %pushi/vec4 0, 0, 32; draw_string_vec4
    %pushi/vec4 0, 0, 32; draw_string_vec4
    %concat/vec4; draw_string_vec4
    %pushi/vec4 0, 0, 32; draw_string_vec4
    %concat/vec4; draw_string_vec4
    %pushi/vec4 0, 0, 32; draw_string_vec4
    %concat/vec4; draw_string_vec4
    %pushi/vec4 0, 0, 32; draw_string_vec4
    %concat/vec4; draw_string_vec4
    %pushi/vec4 0, 0, 32; draw_string_vec4
    %concat/vec4; draw_string_vec4
    %pushi/vec4 0, 0, 32; draw_string_vec4
    %concat/vec4; draw_string_vec4
    %pushi/vec4 0, 0, 32; draw_string_vec4
    %concat/vec4; draw_string_vec4
    %pushi/vec4 6519139, 0, 32; draw_string_vec4
    %concat/vec4; draw_string_vec4
    %pushi/vec4 1818587999, 0, 32; draw_string_vec4
    %concat/vec4; draw_string_vec4
    %pushi/vec4 1685024357, 0, 32; draw_string_vec4
    %concat/vec4; draw_string_vec4
    %pushi/vec4 540876849, 0, 32; draw_string_vec4
    %concat/vec4; draw_string_vec4
    %pushi/vec4 543254132, 0, 32; draw_string_vec4
    %concat/vec4; draw_string_vec4
    %pushi/vec4 1701978223, 0, 32; draw_string_vec4
    %concat/vec4; draw_string_vec4
    %pushi/vec4 1852121203, 0, 32; draw_string_vec4
    %concat/vec4; draw_string_vec4
    %pushi/vec4 1702000229, 0, 32; draw_string_vec4
    %concat/vec4; draw_string_vec4
    %store/vec4 v0x563ab76424d0_0, 0, 512;
    %fork TD_tb_water_sched.check, S_0x563ab762e310;
    %join;
    %load/vec4 v0x563ab76a0660_0;
    %parti/s 16, 16, 6;
    %pushi/vec4 1, 0, 16;
    %cmp/e;
    %flag_get/vec4 4;
    %store/vec4 v0x563ab7642570_0, 0, 1;
    %pushi/vec4 0, 0, 32; draw_string_vec4
    %pushi/vec4 0, 0, 32; draw_string_vec4
    %concat/vec4; draw_string_vec4
    %pushi/vec4 0, 0, 32; draw_string_vec4
    %concat/vec4; draw_string_vec4
    %pushi/vec4 0, 0, 32; draw_string_vec4
    %concat/vec4; draw_string_vec4
    %pushi/vec4 0, 0, 32; draw_string_vec4
    %concat/vec4; draw_string_vec4
    %pushi/vec4 0, 0, 32; draw_string_vec4
    %concat/vec4; draw_string_vec4
    %pushi/vec4 0, 0, 32; draw_string_vec4
    %concat/vec4; draw_string_vec4
    %pushi/vec4 0, 0, 32; draw_string_vec4
    %concat/vec4; draw_string_vec4
    %pushi/vec4 0, 0, 32; draw_string_vec4
    %concat/vec4; draw_string_vec4
    %pushi/vec4 0, 0, 32; draw_string_vec4
    %concat/vec4; draw_string_vec4
    %pushi/vec4 8023918, 0, 32; draw_string_vec4
    %concat/vec4; draw_string_vec4
    %pushi/vec4 1697718371, 0, 32; draw_string_vec4
    %concat/vec4; draw_string_vec4
    %pushi/vec4 2036558949, 0, 32; draw_string_vec4
    %concat/vec4; draw_string_vec4
    %pushi/vec4 543387509, 0, 32; draw_string_vec4
    %concat/vec4; draw_string_vec4
    %pushi/vec4 1853121906, 0, 32; draw_string_vec4
    %concat/vec4; draw_string_vec4
    %pushi/vec4 540876849, 0, 32; draw_string_vec4
    %concat/vec4; draw_string_vec4
    %store/vec4 v0x563ab76424d0_0, 0, 512;
    %fork TD_tb_water_sched.check, S_0x563ab762e310;
    %join;
    %vpi_call 2 190 "$display", "\012T3: priority order (z2 high > z1 med > z0 low)" {0 0 0};
    %pushi/vec4 1, 0, 1;
    %store/vec4 v0x563ab769f6c0_0, 0, 1;
    %pushi/vec4 1, 0, 1;
    %store/vec4 v0x563ab769f780_0, 0, 1;
    %pushi/vec4 1, 0, 1;
    %store/vec4 v0x563ab769f840_0, 0, 1;
    %pushi/vec4 2, 0, 32;
    %store/vec4 v0x563ab769d990_0, 0, 32;
    %pushi/vec4 200, 0, 32;
    %store/vec4 v0x563ab769db60_0, 0, 32;
    %fork TD_tb_water_sched.serve_and_clear, S_0x563ab769d720;
    %join;
    %pushi/vec4 1, 0, 32;
    %store/vec4 v0x563ab769d990_0, 0, 32;
    %pushi/vec4 200, 0, 32;
    %store/vec4 v0x563ab769db60_0, 0, 32;
    %fork TD_tb_water_sched.serve_and_clear, S_0x563ab769d720;
    %join;
    %pushi/vec4 0, 0, 32;
    %store/vec4 v0x563ab769d990_0, 0, 32;
    %pushi/vec4 200, 0, 32;
    %store/vec4 v0x563ab769db60_0, 0, 32;
    %fork TD_tb_water_sched.serve_and_clear, S_0x563ab769d720;
    %join;
    %load/vec4 v0x563ab769e360_0;
    %pushi/vec4 4, 0, 32;
    %cmp/e;
    %flag_get/vec4 4;
    %store/vec4 v0x563ab7642570_0, 0, 1;
    %pushi/vec4 0, 0, 32; draw_string_vec4
    %pushi/vec4 0, 0, 32; draw_string_vec4
    %concat/vec4; draw_string_vec4
    %pushi/vec4 0, 0, 32; draw_string_vec4
    %concat/vec4; draw_string_vec4
    %pushi/vec4 0, 0, 32; draw_string_vec4
    %concat/vec4; draw_string_vec4
    %pushi/vec4 0, 0, 32; draw_string_vec4
    %concat/vec4; draw_string_vec4
    %pushi/vec4 0, 0, 32; draw_string_vec4
    %concat/vec4; draw_string_vec4
    %pushi/vec4 0, 0, 32; draw_string_vec4
    %concat/vec4; draw_string_vec4
    %pushi/vec4 0, 0, 32; draw_string_vec4
    %concat/vec4; draw_string_vec4
    %pushi/vec4 51, 0, 32; draw_string_vec4
    %concat/vec4; draw_string_vec4
    %pushi/vec4 544042866, 0, 32; draw_string_vec4
    %concat/vec4; draw_string_vec4
    %pushi/vec4 1696621433, 0, 32; draw_string_vec4
    %concat/vec4; draw_string_vec4
    %pushi/vec4 1668048243, 0, 32; draw_string_vec4
    %concat/vec4; draw_string_vec4
    %pushi/vec4 543453038, 0, 32; draw_string_vec4
    %concat/vec4; draw_string_vec4
    %pushi/vec4 1696607550, 0, 32; draw_string_vec4
    %concat/vec4; draw_string_vec4
    %pushi/vec4 544501620, 0, 32; draw_string_vec4
    %concat/vec4; draw_string_vec4
    %pushi/vec4 1634476084, 0, 32; draw_string_vec4
    %concat/vec4; draw_string_vec4
    %store/vec4 v0x563ab76424d0_0, 0, 512;
    %fork TD_tb_water_sched.check, S_0x563ab762e310;
    %join;
    %vpi_call 2 198 "$display", "\012T4: emergency (z3) beats high (z2)" {0 0 0};
    %pushi/vec4 1, 0, 1;
    %store/vec4 v0x563ab769f840_0, 0, 1;
    %pushi/vec4 1, 0, 1;
    %store/vec4 v0x563ab769f900_0, 0, 1;
    %pushi/vec4 3, 0, 32;
    %store/vec4 v0x563ab769d990_0, 0, 32;
    %pushi/vec4 200, 0, 32;
    %store/vec4 v0x563ab769db60_0, 0, 32;
    %fork TD_tb_water_sched.serve_and_clear, S_0x563ab769d720;
    %join;
    %pushi/vec4 2, 0, 32;
    %store/vec4 v0x563ab769d990_0, 0, 32;
    %pushi/vec4 200, 0, 32;
    %store/vec4 v0x563ab769db60_0, 0, 32;
    %fork TD_tb_water_sched.serve_and_clear, S_0x563ab769d720;
    %join;
    %load/vec4 v0x563ab769e360_0;
    %pushi/vec4 6, 0, 32;
    %cmp/e;
    %flag_get/vec4 4;
    %store/vec4 v0x563ab7642570_0, 0, 1;
    %pushi/vec4 0, 0, 32; draw_string_vec4
    %pushi/vec4 0, 0, 32; draw_string_vec4
    %concat/vec4; draw_string_vec4
    %pushi/vec4 0, 0, 32; draw_string_vec4
    %concat/vec4; draw_string_vec4
    %pushi/vec4 0, 0, 32; draw_string_vec4
    %concat/vec4; draw_string_vec4
    %pushi/vec4 0, 0, 32; draw_string_vec4
    %concat/vec4; draw_string_vec4
    %pushi/vec4 0, 0, 32; draw_string_vec4
    %concat/vec4; draw_string_vec4
    %pushi/vec4 0, 0, 32; draw_string_vec4
    %concat/vec4; draw_string_vec4
    %pushi/vec4 6647141, 0, 32; draw_string_vec4
    %concat/vec4; draw_string_vec4
    %pushi/vec4 1919378798, 0, 32; draw_string_vec4
    %concat/vec4; draw_string_vec4
    %pushi/vec4 1668882534, 0, 32; draw_string_vec4
    %concat/vec4; draw_string_vec4
    %pushi/vec4 1769108340, 0, 32; draw_string_vec4
    %concat/vec4; draw_string_vec4
    %pushi/vec4 740324456, 0, 32; draw_string_vec4
    %concat/vec4; draw_string_vec4
    %pushi/vec4 1701716090, 0, 32; draw_string_vec4
    %concat/vec4; draw_string_vec4
    %pushi/vec4 840969534, 0, 32; draw_string_vec4
    %concat/vec4; draw_string_vec4
    %pushi/vec4 544501620, 0, 32; draw_string_vec4
    %concat/vec4; draw_string_vec4
    %pushi/vec4 1634476086, 0, 32; draw_string_vec4
    %concat/vec4; draw_string_vec4
    %store/vec4 v0x563ab76424d0_0, 0, 512;
    %fork TD_tb_water_sched.check, S_0x563ab762e310;
    %join;
    %vpi_call 2 205 "$display", "\012T5: insufficient supply handling" {0 0 0};
    %pushi/vec4 200, 0, 8;
    %store/vec4 v0x563ab769e5a0_0, 0, 8;
    %pushi/vec4 50, 0, 8;
    %store/vec4 v0x563ab76a0250_0, 0, 8;
    %pushi/vec4 1, 0, 1;
    %store/vec4 v0x563ab769f840_0, 0, 1;
    %pushi/vec4 6, 0, 32;
T_12.10 %dup/vec4;
    %pushi/vec4 0, 0, 32;
    %cmp/s;
    %jmp/1xz T_12.11, 5;
    %jmp/1 T_12.11, 4;
    %pushi/vec4 1, 0, 32;
    %sub;
    %fork TD_tb_water_sched.step, S_0x563ab769dc40;
    %join;
    %jmp T_12.10;
T_12.11 ;
    %pop/vec4 1;
    %load/vec4 v0x563ab769ec40_0;
    %pushi/vec4 1, 0, 1;
    %cmp/e;
    %flag_get/vec4 6;
    %store/vec4 v0x563ab7642570_0, 0, 1;
    %pushi/vec4 0, 0, 32; draw_string_vec4
    %pushi/vec4 0, 0, 32; draw_string_vec4
    %concat/vec4; draw_string_vec4
    %pushi/vec4 0, 0, 32; draw_string_vec4
    %concat/vec4; draw_string_vec4
    %pushi/vec4 0, 0, 32; draw_string_vec4
    %concat/vec4; draw_string_vec4
    %pushi/vec4 0, 0, 32; draw_string_vec4
    %concat/vec4; draw_string_vec4
    %pushi/vec4 0, 0, 32; draw_string_vec4
    %concat/vec4; draw_string_vec4
    %pushi/vec4 0, 0, 32; draw_string_vec4
    %concat/vec4; draw_string_vec4
    %pushi/vec4 0, 0, 32; draw_string_vec4
    %concat/vec4; draw_string_vec4
    %pushi/vec4 0, 0, 32; draw_string_vec4
    %concat/vec4; draw_string_vec4
    %pushi/vec4 0, 0, 32; draw_string_vec4
    %concat/vec4; draw_string_vec4
    %pushi/vec4 1768846197, 0, 32; draw_string_vec4
    %concat/vec4; draw_string_vec4
    %pushi/vec4 1717987683, 0, 32; draw_string_vec4
    %concat/vec4; draw_string_vec4
    %pushi/vec4 1768255092, 0, 32; draw_string_vec4
    %concat/vec4; draw_string_vec4
    %pushi/vec4 543583329, 0, 32; draw_string_vec4
    %concat/vec4; draw_string_vec4
    %pushi/vec4 1730179681, 0, 32; draw_string_vec4
    %concat/vec4; draw_string_vec4
    %pushi/vec4 1769170276, 0, 32; draw_string_vec4
    %concat/vec4; draw_string_vec4
    %store/vec4 v0x563ab76424d0_0, 0, 512;
    %fork TD_tb_water_sched.check, S_0x563ab762e310;
    %join;
    %load/vec4 v0x563ab76a0180_0;
    %pushi/vec4 2, 0, 3;
    %cmp/e;
    %flag_get/vec4 6;
    %store/vec4 v0x563ab7642570_0, 0, 1;
    %pushi/vec4 0, 0, 32; draw_string_vec4
    %pushi/vec4 0, 0, 32; draw_string_vec4
    %concat/vec4; draw_string_vec4
    %pushi/vec4 0, 0, 32; draw_string_vec4
    %concat/vec4; draw_string_vec4
    %pushi/vec4 0, 0, 32; draw_string_vec4
    %concat/vec4; draw_string_vec4
    %pushi/vec4 0, 0, 32; draw_string_vec4
    %concat/vec4; draw_string_vec4
    %pushi/vec4 0, 0, 32; draw_string_vec4
    %concat/vec4; draw_string_vec4
    %pushi/vec4 0, 0, 32; draw_string_vec4
    %concat/vec4; draw_string_vec4
    %pushi/vec4 0, 0, 32; draw_string_vec4
    %concat/vec4; draw_string_vec4
    %pushi/vec4 0, 0, 32; draw_string_vec4
    %concat/vec4; draw_string_vec4
    %pushi/vec4 0, 0, 32; draw_string_vec4
    %concat/vec4; draw_string_vec4
    %pushi/vec4 0, 0, 32; draw_string_vec4
    %concat/vec4; draw_string_vec4
    %pushi/vec4 1937006964, 0, 32; draw_string_vec4
    %concat/vec4; draw_string_vec4
    %pushi/vec4 1970479165, 0, 32; draw_string_vec4
    %concat/vec4; draw_string_vec4
    %pushi/vec4 542589257, 0, 32; draw_string_vec4
    %concat/vec4; draw_string_vec4
    %pushi/vec4 1415533397, 0, 32; draw_string_vec4
    %concat/vec4; draw_string_vec4
    %pushi/vec4 1347439705, 0, 32; draw_string_vec4
    %concat/vec4; draw_string_vec4
    %store/vec4 v0x563ab76424d0_0, 0, 512;
    %fork TD_tb_water_sched.check, S_0x563ab762e310;
    %join;
    %load/vec4 v0x563ab76a0590_0;
    %pushi/vec4 0, 0, 4;
    %cmp/e;
    %flag_get/vec4 6;
    %store/vec4 v0x563ab7642570_0, 0, 1;
    %pushi/vec4 0, 0, 32; draw_string_vec4
    %pushi/vec4 0, 0, 32; draw_string_vec4
    %concat/vec4; draw_string_vec4
    %pushi/vec4 0, 0, 32; draw_string_vec4
    %concat/vec4; draw_string_vec4
    %pushi/vec4 0, 0, 32; draw_string_vec4
    %concat/vec4; draw_string_vec4
    %pushi/vec4 0, 0, 32; draw_string_vec4
    %concat/vec4; draw_string_vec4
    %pushi/vec4 0, 0, 32; draw_string_vec4
    %concat/vec4; draw_string_vec4
    %pushi/vec4 0, 0, 32; draw_string_vec4
    %concat/vec4; draw_string_vec4
    %pushi/vec4 28271, 0, 32; draw_string_vec4
    %concat/vec4; draw_string_vec4
    %pushi/vec4 544629100, 0, 32; draw_string_vec4
    %concat/vec4; draw_string_vec4
    %pushi/vec4 1986338927, 0, 32; draw_string_vec4
    %concat/vec4; draw_string_vec4
    %pushi/vec4 1885695589, 0, 32; draw_string_vec4
    %concat/vec4; draw_string_vec4
    %pushi/vec4 1679849320, 0, 32; draw_string_vec4
    %concat/vec4; draw_string_vec4
    %pushi/vec4 1768711456, 0, 32; draw_string_vec4
    %concat/vec4; draw_string_vec4
    %pushi/vec4 1768846197, 0, 32; draw_string_vec4
    %concat/vec4; draw_string_vec4
    %pushi/vec4 1717987683, 0, 32; draw_string_vec4
    %concat/vec4; draw_string_vec4
    %pushi/vec4 1768255092, 0, 32; draw_string_vec4
    %concat/vec4; draw_string_vec4
    %store/vec4 v0x563ab76424d0_0, 0, 512;
    %fork TD_tb_water_sched.check, S_0x563ab762e310;
    %join;
    %pushi/vec4 250, 0, 8;
    %store/vec4 v0x563ab76a0250_0, 0, 8;
    %pushi/vec4 2, 0, 32;
    %store/vec4 v0x563ab769d990_0, 0, 32;
    %pushi/vec4 200, 0, 32;
    %store/vec4 v0x563ab769db60_0, 0, 32;
    %fork TD_tb_water_sched.serve_and_clear, S_0x563ab769d720;
    %join;
    %load/vec4 v0x563ab769ec40_0;
    %pushi/vec4 0, 0, 1;
    %cmp/e;
    %flag_get/vec4 6;
    %store/vec4 v0x563ab7642570_0, 0, 1;
    %pushi/vec4 0, 0, 32; draw_string_vec4
    %pushi/vec4 0, 0, 32; draw_string_vec4
    %concat/vec4; draw_string_vec4
    %pushi/vec4 0, 0, 32; draw_string_vec4
    %concat/vec4; draw_string_vec4
    %pushi/vec4 0, 0, 32; draw_string_vec4
    %concat/vec4; draw_string_vec4
    %pushi/vec4 0, 0, 32; draw_string_vec4
    %concat/vec4; draw_string_vec4
    %pushi/vec4 0, 0, 32; draw_string_vec4
    %concat/vec4; draw_string_vec4
    %pushi/vec4 105, 0, 32; draw_string_vec4
    %concat/vec4; draw_string_vec4
    %pushi/vec4 1853060454, 0, 32; draw_string_vec4
    %concat/vec4; draw_string_vec4
    %pushi/vec4 1718182761, 0, 32; draw_string_vec4
    %concat/vec4; draw_string_vec4
    %pushi/vec4 1701737504, 0, 32; draw_string_vec4
    %concat/vec4; draw_string_vec4
    %pushi/vec4 1718378855, 0, 32; draw_string_vec4
    %concat/vec4; draw_string_vec4
    %pushi/vec4 543386725, 0, 32; draw_string_vec4
    %concat/vec4; draw_string_vec4
    %pushi/vec4 1634887012, 0, 32; draw_string_vec4
    %concat/vec4; draw_string_vec4
    %pushi/vec4 543254132, 0, 32; draw_string_vec4
    %concat/vec4; draw_string_vec4
    %pushi/vec4 1701978227, 0, 32; draw_string_vec4
    %concat/vec4; draw_string_vec4
    %pushi/vec4 1702000229, 0, 32; draw_string_vec4
    %concat/vec4; draw_string_vec4
    %store/vec4 v0x563ab76424d0_0, 0, 512;
    %fork TD_tb_water_sched.check, S_0x563ab762e310;
    %join;
    %vpi_call 2 218 "$display", "\012T6: skip-to-fit (huge emergency waits, small zone goes)" {0 0 0};
    %pushi/vec4 200, 0, 8;
    %store/vec4 v0x563ab769e680_0, 0, 8;
    %pushi/vec4 50, 0, 8;
    %store/vec4 v0x563ab769e400_0, 0, 8;
    %pushi/vec4 100, 0, 8;
    %store/vec4 v0x563ab76a0250_0, 0, 8;
    %pushi/vec4 1, 0, 1;
    %store/vec4 v0x563ab769f900_0, 0, 1;
    %pushi/vec4 1, 0, 1;
    %store/vec4 v0x563ab769f6c0_0, 0, 1;
    %pushi/vec4 0, 0, 32;
    %store/vec4 v0x563ab769d990_0, 0, 32;
    %pushi/vec4 200, 0, 32;
    %store/vec4 v0x563ab769db60_0, 0, 32;
    %fork TD_tb_water_sched.serve_and_clear, S_0x563ab769d720;
    %join;
    %load/vec4 v0x563ab769ec40_0;
    %pushi/vec4 1, 0, 1;
    %cmp/e;
    %flag_get/vec4 6;
    %store/vec4 v0x563ab7642570_0, 0, 1;
    %pushi/vec4 0, 0, 32; draw_string_vec4
    %pushi/vec4 0, 0, 32; draw_string_vec4
    %concat/vec4; draw_string_vec4
    %pushi/vec4 0, 0, 32; draw_string_vec4
    %concat/vec4; draw_string_vec4
    %pushi/vec4 0, 0, 32; draw_string_vec4
    %concat/vec4; draw_string_vec4
    %pushi/vec4 0, 0, 32; draw_string_vec4
    %concat/vec4; draw_string_vec4
    %pushi/vec4 0, 0, 32; draw_string_vec4
    %concat/vec4; draw_string_vec4
    %pushi/vec4 105, 0, 32; draw_string_vec4
    %concat/vec4; draw_string_vec4
    %pushi/vec4 1853060454, 0, 32; draw_string_vec4
    %concat/vec4; draw_string_vec4
    %pushi/vec4 1718182761, 0, 32; draw_string_vec4
    %concat/vec4; draw_string_vec4
    %pushi/vec4 1701737504, 0, 32; draw_string_vec4
    %concat/vec4; draw_string_vec4
    %pushi/vec4 1937009004, 0, 32; draw_string_vec4
    %concat/vec4; draw_string_vec4
    %pushi/vec4 1814066021, 0, 32; draw_string_vec4
    %concat/vec4; draw_string_vec4
    %pushi/vec4 1948280431, 0, 32; draw_string_vec4
    %concat/vec4; draw_string_vec4
    %pushi/vec4 1914730337, 0, 32; draw_string_vec4
    %concat/vec4; draw_string_vec4
    %pushi/vec4 1769236846, 0, 32; draw_string_vec4
    %concat/vec4; draw_string_vec4
    %pushi/vec4 1730181683, 0, 32; draw_string_vec4
    %concat/vec4; draw_string_vec4
    %store/vec4 v0x563ab76424d0_0, 0, 512;
    %fork TD_tb_water_sched.check, S_0x563ab762e310;
    %join;
    %pushi/vec4 250, 0, 8;
    %store/vec4 v0x563ab76a0250_0, 0, 8;
    %pushi/vec4 3, 0, 32;
    %store/vec4 v0x563ab769d990_0, 0, 32;
    %pushi/vec4 200, 0, 32;
    %store/vec4 v0x563ab769db60_0, 0, 32;
    %fork TD_tb_water_sched.serve_and_clear, S_0x563ab769d720;
    %join;
    %pushi/vec4 50, 0, 8;
    %store/vec4 v0x563ab769e680_0, 0, 8;
    %vpi_call 2 229 "$display", "\012T7: randomized soak (one-hot + counter cross-check)" {0 0 0};
    %load/vec4 v0x563ab769e360_0;
    %store/vec4 v0x563ab769deb0_0, 0, 32;
    %pushi/vec4 0, 0, 32;
    %store/vec4 v0x563ab769eb80_0, 0, 32;
T_12.12 ;
    %load/vec4 v0x563ab769eb80_0;
    %cmpi/s 300, 0, 32;
    %jmp/0xz T_12.13, 5;
    %fork TD_tb_water_sched.step, S_0x563ab769dc40;
    %join;
    %vpi_func 2 234 "$random" 32 {0 0 0};
    %pushi/vec4 5, 0, 32;
    %mod/s;
    %cmpi/e 0, 0, 32;
    %jmp/0xz  T_12.14, 4;
    %vpi_func 2 234 "$random" 32 {0 0 0};
    %pad/s 1;
    %store/vec4 v0x563ab769f6c0_0, 0, 1;
T_12.14 ;
    %vpi_func 2 235 "$random" 32 {0 0 0};
    %pushi/vec4 5, 0, 32;
    %mod/s;
    %cmpi/e 0, 0, 32;
    %jmp/0xz  T_12.16, 4;
    %vpi_func 2 235 "$random" 32 {0 0 0};
    %pad/s 1;
    %store/vec4 v0x563ab769f780_0, 0, 1;
T_12.16 ;
    %vpi_func 2 236 "$random" 32 {0 0 0};
    %pushi/vec4 5, 0, 32;
    %mod/s;
    %cmpi/e 0, 0, 32;
    %jmp/0xz  T_12.18, 4;
    %vpi_func 2 236 "$random" 32 {0 0 0};
    %pad/s 1;
    %store/vec4 v0x563ab769f840_0, 0, 1;
T_12.18 ;
    %vpi_func 2 237 "$random" 32 {0 0 0};
    %pushi/vec4 5, 0, 32;
    %mod/s;
    %cmpi/e 0, 0, 32;
    %jmp/0xz  T_12.20, 4;
    %vpi_func 2 237 "$random" 32 {0 0 0};
    %pad/s 1;
    %store/vec4 v0x563ab769f900_0, 0, 1;
T_12.20 ;
    %vpi_func 2 238 "$random" 32 {0 0 0};
    %pushi/vec4 7, 0, 32;
    %mod/s;
    %cmpi/e 0, 0, 32;
    %jmp/0xz  T_12.22, 4;
    %load/vec4 v0x563ab76a0320_0;
    %inv;
    %store/vec4 v0x563ab76a0320_0, 0, 1;
T_12.22 ;
    %vpi_func 2 239 "$random" 32 {0 0 0};
    %pushi/vec4 9, 0, 32;
    %mod/s;
    %cmpi/e 0, 0, 32;
    %jmp/0xz  T_12.24, 4;
    %vpi_func 2 239 "$random" 32 {0 0 0};
    %pad/s 8;
    %store/vec4 v0x563ab76a0250_0, 0, 8;
T_12.24 ;
    %vpi_func 2 240 "$random" 32 {0 0 0};
    %pushi/vec4 11, 0, 32;
    %mod/s;
    %cmpi/e 0, 0, 32;
    %jmp/0xz  T_12.26, 4;
    %pushi/vec4 1, 0, 32;
    %vpi_func 2 243 "$random" 32 {0 0 0};
    %pushi/vec4 200, 0, 32;
    %mod;
    %add;
    %pad/u 8;
    %store/vec4 v0x563ab769e400_0, 0, 8;
    %pushi/vec4 1, 0, 32;
    %vpi_func 2 244 "$random" 32 {0 0 0};
    %pushi/vec4 200, 0, 32;
    %mod;
    %add;
    %pad/u 8;
    %store/vec4 v0x563ab769e4c0_0, 0, 8;
    %pushi/vec4 1, 0, 32;
    %vpi_func 2 245 "$random" 32 {0 0 0};
    %pushi/vec4 200, 0, 32;
    %mod;
    %add;
    %pad/u 8;
    %store/vec4 v0x563ab769e5a0_0, 0, 8;
    %pushi/vec4 1, 0, 32;
    %vpi_func 2 246 "$random" 32 {0 0 0};
    %pushi/vec4 200, 0, 32;
    %mod;
    %add;
    %pad/u 8;
    %store/vec4 v0x563ab769e680_0, 0, 8;
T_12.26 ;
    %load/vec4 v0x563ab769eac0_0;
    %parti/s 1, 0, 2;
    %flag_set/vec4 8;
    %jmp/0xz  T_12.28, 8;
    %pushi/vec4 0, 0, 1;
    %store/vec4 v0x563ab769f6c0_0, 0, 1;
T_12.28 ;
    %load/vec4 v0x563ab769eac0_0;
    %parti/s 1, 1, 2;
    %flag_set/vec4 8;
    %jmp/0xz  T_12.30, 8;
    %pushi/vec4 0, 0, 1;
    %store/vec4 v0x563ab769f780_0, 0, 1;
T_12.30 ;
    %load/vec4 v0x563ab769eac0_0;
    %parti/s 1, 2, 3;
    %flag_set/vec4 8;
    %jmp/0xz  T_12.32, 8;
    %pushi/vec4 0, 0, 1;
    %store/vec4 v0x563ab769f840_0, 0, 1;
T_12.32 ;
    %load/vec4 v0x563ab769eac0_0;
    %parti/s 1, 3, 3;
    %flag_set/vec4 8;
    %jmp/0xz  T_12.34, 8;
    %pushi/vec4 0, 0, 1;
    %store/vec4 v0x563ab769f900_0, 0, 1;
T_12.34 ;
    %load/vec4 v0x563ab769eb80_0;
    %addi 1, 0, 32;
    %store/vec4 v0x563ab769eb80_0, 0, 32;
    %jmp T_12.12;
T_12.13 ;
    %pushi/vec4 0, 0, 4;
    %split/vec4 1;
    %store/vec4 v0x563ab769f6c0_0, 0, 1;
    %split/vec4 1;
    %store/vec4 v0x563ab769f780_0, 0, 1;
    %split/vec4 1;
    %store/vec4 v0x563ab769f840_0, 0, 1;
    %store/vec4 v0x563ab769f900_0, 0, 1;
    %pushi/vec4 1, 0, 1;
    %store/vec4 v0x563ab76a0320_0, 0, 1;
    %pushi/vec4 250, 0, 8;
    %store/vec4 v0x563ab76a0250_0, 0, 8;
    %pushi/vec4 60, 0, 32;
T_12.36 %dup/vec4;
    %pushi/vec4 0, 0, 32;
    %cmp/s;
    %jmp/1xz T_12.37, 5;
    %jmp/1 T_12.37, 4;
    %pushi/vec4 1, 0, 32;
    %sub;
    %fork TD_tb_water_sched.step, S_0x563ab769dc40;
    %join;
    %jmp T_12.36;
T_12.37 ;
    %pop/vec4 1;
    %load/vec4 v0x563ab769efc0_0;
    %pushi/vec4 0, 0, 32;
    %cmp/e;
    %flag_get/vec4 4;
    %store/vec4 v0x563ab7642570_0, 0, 1;
    %pushi/vec4 0, 0, 32; draw_string_vec4
    %pushi/vec4 0, 0, 32; draw_string_vec4
    %concat/vec4; draw_string_vec4
    %pushi/vec4 0, 0, 32; draw_string_vec4
    %concat/vec4; draw_string_vec4
    %pushi/vec4 0, 0, 32; draw_string_vec4
    %concat/vec4; draw_string_vec4
    %pushi/vec4 0, 0, 32; draw_string_vec4
    %concat/vec4; draw_string_vec4
    %pushi/vec4 0, 0, 32; draw_string_vec4
    %concat/vec4; draw_string_vec4
    %pushi/vec4 0, 0, 32; draw_string_vec4
    %concat/vec4; draw_string_vec4
    %pushi/vec4 7758188, 0, 32; draw_string_vec4
    %concat/vec4; draw_string_vec4
    %pushi/vec4 1986360096, 0, 32; draw_string_vec4
    %concat/vec4; draw_string_vec4
    %pushi/vec4 1313166917, 0, 32; draw_string_vec4
    %concat/vec4; draw_string_vec4
    %pushi/vec4 1377854319, 0, 32; draw_string_vec4
    %concat/vec4; draw_string_vec4
    %pushi/vec4 1852206185, 0, 32; draw_string_vec4
    %concat/vec4; draw_string_vec4
    %pushi/vec4 1668572516, 0, 32; draw_string_vec4
    %concat/vec4; draw_string_vec4
    %pushi/vec4 543454578, 0, 32; draw_string_vec4
    %concat/vec4; draw_string_vec4
    %pushi/vec4 1768843040, 0, 32; draw_string_vec4
    %concat/vec4; draw_string_vec4
    %pushi/vec4 1936679275, 0, 32; draw_string_vec4
    %concat/vec4; draw_string_vec4
    %store/vec4 v0x563ab76424d0_0, 0, 512;
    %fork TD_tb_water_sched.check, S_0x563ab762e310;
    %join;
    %load/vec4 v0x563ab769e360_0;
    %load/vec4 v0x563ab76a0660_0;
    %parti/s 16, 0, 2;
    %pad/u 32;
    %load/vec4 v0x563ab76a0660_0;
    %parti/s 16, 16, 6;
    %pad/u 32;
    %add;
    %load/vec4 v0x563ab76a0660_0;
    %parti/s 16, 32, 7;
    %pad/u 32;
    %add;
    %load/vec4 v0x563ab76a0660_0;
    %parti/s 16, 48, 7;
    %pad/u 32;
    %add;
    %cmp/e;
    %flag_get/vec4 4;
    %store/vec4 v0x563ab7642570_0, 0, 1;
    %pushi/vec4 0, 0, 32; draw_string_vec4
    %pushi/vec4 0, 0, 32; draw_string_vec4
    %concat/vec4; draw_string_vec4
    %pushi/vec4 0, 0, 32; draw_string_vec4
    %concat/vec4; draw_string_vec4
    %pushi/vec4 0, 0, 32; draw_string_vec4
    %concat/vec4; draw_string_vec4
    %pushi/vec4 0, 0, 32; draw_string_vec4
    %concat/vec4; draw_string_vec4
    %pushi/vec4 0, 0, 32; draw_string_vec4
    %concat/vec4; draw_string_vec4
    %pushi/vec4 29807, 0, 32; draw_string_vec4
    %concat/vec4; draw_string_vec4
    %pushi/vec4 1952541728, 0, 32; draw_string_vec4
    %concat/vec4; draw_string_vec4
    %pushi/vec4 1668899692, 0, 32; draw_string_vec4
    %concat/vec4; draw_string_vec4
    %pushi/vec4 1702043709, 0, 32; draw_string_vec4
    %concat/vec4; draw_string_vec4
    %pushi/vec4 1025536885, 0, 32; draw_string_vec4
    %concat/vec4; draw_string_vec4
    %pushi/vec4 1830842214, 0, 32; draw_string_vec4
    %concat/vec4; draw_string_vec4
    %pushi/vec4 544236914, 0, 32; draw_string_vec4
    %concat/vec4; draw_string_vec4
    %pushi/vec4 762998638, 0, 32; draw_string_vec4
    %concat/vec4; draw_string_vec4
    %pushi/vec4 1696621433, 0, 32; draw_string_vec4
    %concat/vec4; draw_string_vec4
    %pushi/vec4 1668048243, 0, 32; draw_string_vec4
    %concat/vec4; draw_string_vec4
    %store/vec4 v0x563ab76424d0_0, 0, 512;
    %fork TD_tb_water_sched.check, S_0x563ab762e310;
    %join;
    %vpi_call 2 264 "$display", "\012T8: async reset during active serve" {0 0 0};
    %pushi/vec4 0, 0, 2;
    %store/vec4 v0x563ab769f180_0, 0, 2;
    %pushi/vec4 1, 0, 2;
    %store/vec4 v0x563ab769f260_0, 0, 2;
    %pushi/vec4 2, 0, 2;
    %store/vec4 v0x563ab769f340_0, 0, 2;
    %pushi/vec4 3, 0, 2;
    %store/vec4 v0x563ab769f420_0, 0, 2;
    %pushi/vec4 50, 0, 8;
    %store/vec4 v0x563ab769e400_0, 0, 8;
    %pushi/vec4 50, 0, 8;
    %store/vec4 v0x563ab769e4c0_0, 0, 8;
    %pushi/vec4 50, 0, 8;
    %store/vec4 v0x563ab769e5a0_0, 0, 8;
    %pushi/vec4 50, 0, 8;
    %store/vec4 v0x563ab769e680_0, 0, 8;
    %pushi/vec4 250, 0, 8;
    %store/vec4 v0x563ab76a0250_0, 0, 8;
    %pushi/vec4 1, 0, 1;
    %store/vec4 v0x563ab76a0320_0, 0, 1;
    %fork TD_tb_water_sched.step, S_0x563ab769dc40;
    %join;
    %pushi/vec4 1, 0, 1;
    %store/vec4 v0x563ab769f780_0, 0, 1;
    %fork TD_tb_water_sched.step, S_0x563ab769dc40;
    %join;
    %fork TD_tb_water_sched.step, S_0x563ab769dc40;
    %join;
    %load/vec4 v0x563ab76a0590_0;
    %pushi/vec4 2, 0, 4;
    %cmp/e;
    %flag_get/vec4 6;
    %store/vec4 v0x563ab7642570_0, 0, 1;
    %pushi/vec4 0, 0, 32; draw_string_vec4
    %pushi/vec4 0, 0, 32; draw_string_vec4
    %concat/vec4; draw_string_vec4
    %pushi/vec4 0, 0, 32; draw_string_vec4
    %concat/vec4; draw_string_vec4
    %pushi/vec4 0, 0, 32; draw_string_vec4
    %concat/vec4; draw_string_vec4
    %pushi/vec4 0, 0, 32; draw_string_vec4
    %concat/vec4; draw_string_vec4
    %pushi/vec4 0, 0, 32; draw_string_vec4
    %concat/vec4; draw_string_vec4
    %pushi/vec4 0, 0, 32; draw_string_vec4
    %concat/vec4; draw_string_vec4
    %pushi/vec4 0, 0, 32; draw_string_vec4
    %concat/vec4; draw_string_vec4
    %pushi/vec4 0, 0, 32; draw_string_vec4
    %concat/vec4; draw_string_vec4
    %pushi/vec4 0, 0, 32; draw_string_vec4
    %concat/vec4; draw_string_vec4
    %pushi/vec4 1986096246, 0, 32; draw_string_vec4
    %concat/vec4; draw_string_vec4
    %pushi/vec4 1697718383, 0, 32; draw_string_vec4
    %concat/vec4; draw_string_vec4
    %pushi/vec4 1885695520, 0, 32; draw_string_vec4
    %concat/vec4; draw_string_vec4
    %pushi/vec4 1650812527, 0, 32; draw_string_vec4
    %concat/vec4; draw_string_vec4
    %pushi/vec4 1919230066, 0, 32; draw_string_vec4
    %concat/vec4; draw_string_vec4
    %pushi/vec4 1702061428, 0, 32; draw_string_vec4
    %concat/vec4; draw_string_vec4
    %store/vec4 v0x563ab76424d0_0, 0, 512;
    %fork TD_tb_water_sched.check, S_0x563ab762e310;
    %join;
    %pushi/vec4 0, 0, 1;
    %store/vec4 v0x563ab769fb40_0, 0, 1;
    %delay 1000, 0;
    %load/vec4 v0x563ab76a0590_0;
    %pushi/vec4 0, 0, 4;
    %cmp/e;
    %flag_get/vec4 6;
    %store/vec4 v0x563ab7642570_0, 0, 1;
    %pushi/vec4 0, 0, 32; draw_string_vec4
    %pushi/vec4 0, 0, 32; draw_string_vec4
    %concat/vec4; draw_string_vec4
    %pushi/vec4 0, 0, 32; draw_string_vec4
    %concat/vec4; draw_string_vec4
    %pushi/vec4 0, 0, 32; draw_string_vec4
    %concat/vec4; draw_string_vec4
    %pushi/vec4 0, 0, 32; draw_string_vec4
    %concat/vec4; draw_string_vec4
    %pushi/vec4 0, 0, 32; draw_string_vec4
    %concat/vec4; draw_string_vec4
    %pushi/vec4 0, 0, 32; draw_string_vec4
    %concat/vec4; draw_string_vec4
    %pushi/vec4 0, 0, 32; draw_string_vec4
    %concat/vec4; draw_string_vec4
    %pushi/vec4 118, 0, 32; draw_string_vec4
    %concat/vec4; draw_string_vec4
    %pushi/vec4 1634498149, 0, 32; draw_string_vec4
    %concat/vec4; draw_string_vec4
    %pushi/vec4 1931503215, 0, 32; draw_string_vec4
    %concat/vec4; draw_string_vec4
    %pushi/vec4 1919116644, 0, 32; draw_string_vec4
    %concat/vec4; draw_string_vec4
    %pushi/vec4 543386735, 0, 32; draw_string_vec4
    %concat/vec4; draw_string_vec4
    %pushi/vec4 1936024608, 0, 32; draw_string_vec4
    %concat/vec4; draw_string_vec4
    %pushi/vec4 1652105330, 0, 32; draw_string_vec4
    %concat/vec4; draw_string_vec4
    %pushi/vec4 1702061428, 0, 32; draw_string_vec4
    %concat/vec4; draw_string_vec4
    %store/vec4 v0x563ab76424d0_0, 0, 512;
    %fork TD_tb_water_sched.check, S_0x563ab762e310;
    %join;
    %load/vec4 v0x563ab769e360_0;
    %pushi/vec4 0, 0, 32;
    %cmp/e;
    %flag_get/vec4 6;
    %store/vec4 v0x563ab7642570_0, 0, 1;
    %pushi/vec4 0, 0, 32; draw_string_vec4
    %pushi/vec4 0, 0, 32; draw_string_vec4
    %concat/vec4; draw_string_vec4
    %pushi/vec4 0, 0, 32; draw_string_vec4
    %concat/vec4; draw_string_vec4
    %pushi/vec4 0, 0, 32; draw_string_vec4
    %concat/vec4; draw_string_vec4
    %pushi/vec4 0, 0, 32; draw_string_vec4
    %concat/vec4; draw_string_vec4
    %pushi/vec4 0, 0, 32; draw_string_vec4
    %concat/vec4; draw_string_vec4
    %pushi/vec4 0, 0, 32; draw_string_vec4
    %concat/vec4; draw_string_vec4
    %pushi/vec4 0, 0, 32; draw_string_vec4
    %concat/vec4; draw_string_vec4
    %pushi/vec4 0, 0, 32; draw_string_vec4
    %concat/vec4; draw_string_vec4
    %pushi/vec4 99, 0, 32; draw_string_vec4
    %concat/vec4; draw_string_vec4
    %pushi/vec4 1869966964, 0, 32; draw_string_vec4
    %concat/vec4; draw_string_vec4
    %pushi/vec4 1701999392, 0, 32; draw_string_vec4
    %concat/vec4; draw_string_vec4
    %pushi/vec4 1668048225, 0, 32; draw_string_vec4
    %concat/vec4; draw_string_vec4
    %pushi/vec4 1919247392, 0, 32; draw_string_vec4
    %concat/vec4; draw_string_vec4
    %pushi/vec4 1652105330, 0, 32; draw_string_vec4
    %concat/vec4; draw_string_vec4
    %pushi/vec4 1702061428, 0, 32; draw_string_vec4
    %concat/vec4; draw_string_vec4
    %store/vec4 v0x563ab76424d0_0, 0, 512;
    %fork TD_tb_water_sched.check, S_0x563ab762e310;
    %join;
    %load/vec4 v0x563ab769ec40_0;
    %pushi/vec4 0, 0, 1;
    %cmp/e;
    %flag_get/vec4 6;
    %store/vec4 v0x563ab7642570_0, 0, 1;
    %pushi/vec4 0, 0, 32; draw_string_vec4
    %pushi/vec4 0, 0, 32; draw_string_vec4
    %concat/vec4; draw_string_vec4
    %pushi/vec4 0, 0, 32; draw_string_vec4
    %concat/vec4; draw_string_vec4
    %pushi/vec4 0, 0, 32; draw_string_vec4
    %concat/vec4; draw_string_vec4
    %pushi/vec4 0, 0, 32; draw_string_vec4
    %concat/vec4; draw_string_vec4
    %pushi/vec4 0, 0, 32; draw_string_vec4
    %concat/vec4; draw_string_vec4
    %pushi/vec4 0, 0, 32; draw_string_vec4
    %concat/vec4; draw_string_vec4
    %pushi/vec4 0, 0, 32; draw_string_vec4
    %concat/vec4; draw_string_vec4
    %pushi/vec4 105, 0, 32; draw_string_vec4
    %concat/vec4; draw_string_vec4
    %pushi/vec4 1853060454, 0, 32; draw_string_vec4
    %concat/vec4; draw_string_vec4
    %pushi/vec4 1718182761, 0, 32; draw_string_vec4
    %concat/vec4; draw_string_vec4
    %pushi/vec4 1701737504, 0, 32; draw_string_vec4
    %concat/vec4; draw_string_vec4
    %pushi/vec4 1668048225, 0, 32; draw_string_vec4
    %concat/vec4; draw_string_vec4
    %pushi/vec4 1919247392, 0, 32; draw_string_vec4
    %concat/vec4; draw_string_vec4
    %pushi/vec4 1652105330, 0, 32; draw_string_vec4
    %concat/vec4; draw_string_vec4
    %pushi/vec4 1702061428, 0, 32; draw_string_vec4
    %concat/vec4; draw_string_vec4
    %store/vec4 v0x563ab76424d0_0, 0, 512;
    %fork TD_tb_water_sched.check, S_0x563ab762e310;
    %join;
    %pushi/vec4 0, 0, 1;
    %store/vec4 v0x563ab769f780_0, 0, 1;
    %pushi/vec4 1, 0, 1;
    %store/vec4 v0x563ab769fb40_0, 0, 1;
    %fork TD_tb_water_sched.step, S_0x563ab769dc40;
    %join;
    %load/vec4 v0x563ab76a0180_0;
    %pushi/vec4 0, 0, 3;
    %cmp/e;
    %flag_get/vec4 6;
    %store/vec4 v0x563ab7642570_0, 0, 1;
    %pushi/vec4 0, 0, 32; draw_string_vec4
    %pushi/vec4 0, 0, 32; draw_string_vec4
    %concat/vec4; draw_string_vec4
    %pushi/vec4 0, 0, 32; draw_string_vec4
    %concat/vec4; draw_string_vec4
    %pushi/vec4 0, 0, 32; draw_string_vec4
    %concat/vec4; draw_string_vec4
    %pushi/vec4 0, 0, 32; draw_string_vec4
    %concat/vec4; draw_string_vec4
    %pushi/vec4 0, 0, 32; draw_string_vec4
    %concat/vec4; draw_string_vec4
    %pushi/vec4 0, 0, 32; draw_string_vec4
    %concat/vec4; draw_string_vec4
    %pushi/vec4 0, 0, 32; draw_string_vec4
    %concat/vec4; draw_string_vec4
    %pushi/vec4 1650549611, 0, 32; draw_string_vec4
    %concat/vec4; draw_string_vec4
    %pushi/vec4 544501536, 0, 32; draw_string_vec4
    %concat/vec4; draw_string_vec4
    %pushi/vec4 1229212741, 0, 32; draw_string_vec4
    %concat/vec4; draw_string_vec4
    %pushi/vec4 543254132, 0, 32; draw_string_vec4
    %concat/vec4; draw_string_vec4
    %pushi/vec4 1701978226, 0, 32; draw_string_vec4
    %concat/vec4; draw_string_vec4
    %pushi/vec4 1702061428, 0, 32; draw_string_vec4
    %concat/vec4; draw_string_vec4
    %pushi/vec4 544367980, 0, 32; draw_string_vec4
    %concat/vec4; draw_string_vec4
    %pushi/vec4 1700885349, 0, 32; draw_string_vec4
    %concat/vec4; draw_string_vec4
    %store/vec4 v0x563ab76424d0_0, 0, 512;
    %fork TD_tb_water_sched.check, S_0x563ab762e310;
    %join;
    %vpi_call 2 283 "$display", "\012T9: equal priorities -> lowest zone index wins" {0 0 0};
    %pushi/vec4 1, 0, 2;
    %store/vec4 v0x563ab769f180_0, 0, 2;
    %pushi/vec4 1, 0, 2;
    %store/vec4 v0x563ab769f260_0, 0, 2;
    %pushi/vec4 1, 0, 2;
    %store/vec4 v0x563ab769f340_0, 0, 2;
    %pushi/vec4 1, 0, 2;
    %store/vec4 v0x563ab769f420_0, 0, 2;
    %load/vec4 v0x563ab769e360_0;
    %store/vec4 v0x563ab769dfb0_0, 0, 32;
    %pushi/vec4 1, 0, 1;
    %store/vec4 v0x563ab769f6c0_0, 0, 1;
    %pushi/vec4 1, 0, 1;
    %store/vec4 v0x563ab769f780_0, 0, 1;
    %pushi/vec4 1, 0, 1;
    %store/vec4 v0x563ab769f840_0, 0, 1;
    %pushi/vec4 1, 0, 1;
    %store/vec4 v0x563ab769f900_0, 0, 1;
    %pushi/vec4 0, 0, 32;
    %store/vec4 v0x563ab769d990_0, 0, 32;
    %pushi/vec4 200, 0, 32;
    %store/vec4 v0x563ab769db60_0, 0, 32;
    %fork TD_tb_water_sched.serve_and_clear, S_0x563ab769d720;
    %join;
    %pushi/vec4 1, 0, 32;
    %store/vec4 v0x563ab769d990_0, 0, 32;
    %pushi/vec4 200, 0, 32;
    %store/vec4 v0x563ab769db60_0, 0, 32;
    %fork TD_tb_water_sched.serve_and_clear, S_0x563ab769d720;
    %join;
    %pushi/vec4 2, 0, 32;
    %store/vec4 v0x563ab769d990_0, 0, 32;
    %pushi/vec4 200, 0, 32;
    %store/vec4 v0x563ab769db60_0, 0, 32;
    %fork TD_tb_water_sched.serve_and_clear, S_0x563ab769d720;
    %join;
    %pushi/vec4 3, 0, 32;
    %store/vec4 v0x563ab769d990_0, 0, 32;
    %pushi/vec4 200, 0, 32;
    %store/vec4 v0x563ab769db60_0, 0, 32;
    %fork TD_tb_water_sched.serve_and_clear, S_0x563ab769d720;
    %join;
    %load/vec4 v0x563ab769e360_0;
    %load/vec4 v0x563ab769dfb0_0;
    %addi 4, 0, 32;
    %cmp/e;
    %flag_get/vec4 4;
    %store/vec4 v0x563ab7642570_0, 0, 1;
    %pushi/vec4 0, 0, 32; draw_string_vec4
    %pushi/vec4 0, 0, 32; draw_string_vec4
    %concat/vec4; draw_string_vec4
    %pushi/vec4 0, 0, 32; draw_string_vec4
    %concat/vec4; draw_string_vec4
    %pushi/vec4 0, 0, 32; draw_string_vec4
    %concat/vec4; draw_string_vec4
    %pushi/vec4 0, 0, 32; draw_string_vec4
    %concat/vec4; draw_string_vec4
    %pushi/vec4 0, 0, 32; draw_string_vec4
    %concat/vec4; draw_string_vec4
    %pushi/vec4 0, 0, 32; draw_string_vec4
    %concat/vec4; draw_string_vec4
    %pushi/vec4 0, 0, 32; draw_string_vec4
    %concat/vec4; draw_string_vec4
    %pushi/vec4 52, 0, 32; draw_string_vec4
    %concat/vec4; draw_string_vec4
    %pushi/vec4 544894830, 0, 32; draw_string_vec4
    %concat/vec4; draw_string_vec4
    %pushi/vec4 1702043763, 0, 32; draw_string_vec4
    %concat/vec4; draw_string_vec4
    %pushi/vec4 1702000229, 0, 32; draw_string_vec4
    %concat/vec4; draw_string_vec4
    %pushi/vec4 1679845742, 0, 32; draw_string_vec4
    %concat/vec4; draw_string_vec4
    %pushi/vec4 543780452, 0, 32; draw_string_vec4
    %concat/vec4; draw_string_vec4
    %pushi/vec4 1702371439, 0, 32; draw_string_vec4
    %concat/vec4; draw_string_vec4
    %pushi/vec4 1919182194, 0, 32; draw_string_vec4
    %concat/vec4; draw_string_vec4
    %store/vec4 v0x563ab76424d0_0, 0, 512;
    %fork TD_tb_water_sched.check, S_0x563ab762e310;
    %join;
    %pushi/vec4 0, 0, 2;
    %store/vec4 v0x563ab769f180_0, 0, 2;
    %pushi/vec4 1, 0, 2;
    %store/vec4 v0x563ab769f260_0, 0, 2;
    %pushi/vec4 2, 0, 2;
    %store/vec4 v0x563ab769f340_0, 0, 2;
    %pushi/vec4 3, 0, 2;
    %store/vec4 v0x563ab769f420_0, 0, 2;
    %vpi_call 2 295 "$display", "\012T10: pump off -> WAIT + insufficient, no valve" {0 0 0};
    %load/vec4 v0x563ab769e360_0;
    %store/vec4 v0x563ab769dfb0_0, 0, 32;
    %pushi/vec4 1, 0, 1;
    %store/vec4 v0x563ab769f780_0, 0, 1;
    %pushi/vec4 0, 0, 1;
    %store/vec4 v0x563ab76a0320_0, 0, 1;
    %pushi/vec4 5, 0, 32;
T_12.38 %dup/vec4;
    %pushi/vec4 0, 0, 32;
    %cmp/s;
    %jmp/1xz T_12.39, 5;
    %jmp/1 T_12.39, 4;
    %pushi/vec4 1, 0, 32;
    %sub;
    %fork TD_tb_water_sched.step, S_0x563ab769dc40;
    %join;
    %jmp T_12.38;
T_12.39 ;
    %pop/vec4 1;
    %load/vec4 v0x563ab769ec40_0;
    %pushi/vec4 1, 0, 1;
    %cmp/e;
    %flag_get/vec4 6;
    %store/vec4 v0x563ab7642570_0, 0, 1;
    %pushi/vec4 0, 0, 32; draw_string_vec4
    %pushi/vec4 0, 0, 32; draw_string_vec4
    %concat/vec4; draw_string_vec4
    %pushi/vec4 0, 0, 32; draw_string_vec4
    %concat/vec4; draw_string_vec4
    %pushi/vec4 0, 0, 32; draw_string_vec4
    %concat/vec4; draw_string_vec4
    %pushi/vec4 0, 0, 32; draw_string_vec4
    %concat/vec4; draw_string_vec4
    %pushi/vec4 0, 0, 32; draw_string_vec4
    %concat/vec4; draw_string_vec4
    %pushi/vec4 0, 0, 32; draw_string_vec4
    %concat/vec4; draw_string_vec4
    %pushi/vec4 0, 0, 32; draw_string_vec4
    %concat/vec4; draw_string_vec4
    %pushi/vec4 0, 0, 32; draw_string_vec4
    %concat/vec4; draw_string_vec4
    %pushi/vec4 26990, 0, 32; draw_string_vec4
    %concat/vec4; draw_string_vec4
    %pushi/vec4 1937073766, 0, 32; draw_string_vec4
    %concat/vec4; draw_string_vec4
    %pushi/vec4 1768122725, 0, 32; draw_string_vec4
    %concat/vec4; draw_string_vec4
    %pushi/vec4 1853104247, 0, 32; draw_string_vec4
    %concat/vec4; draw_string_vec4
    %pushi/vec4 1751477792, 0, 32; draw_string_vec4
    %concat/vec4; draw_string_vec4
    %pushi/vec4 1886743920, 0, 32; draw_string_vec4
    %concat/vec4; draw_string_vec4
    %pushi/vec4 544171622, 0, 32; draw_string_vec4
    %concat/vec4; draw_string_vec4
    %store/vec4 v0x563ab76424d0_0, 0, 512;
    %fork TD_tb_water_sched.check, S_0x563ab762e310;
    %join;
    %load/vec4 v0x563ab76a0180_0;
    %pushi/vec4 2, 0, 3;
    %cmp/e;
    %flag_get/vec4 6;
    %store/vec4 v0x563ab7642570_0, 0, 1;
    %pushi/vec4 0, 0, 32; draw_string_vec4
    %pushi/vec4 0, 0, 32; draw_string_vec4
    %concat/vec4; draw_string_vec4
    %pushi/vec4 0, 0, 32; draw_string_vec4
    %concat/vec4; draw_string_vec4
    %pushi/vec4 0, 0, 32; draw_string_vec4
    %concat/vec4; draw_string_vec4
    %pushi/vec4 0, 0, 32; draw_string_vec4
    %concat/vec4; draw_string_vec4
    %pushi/vec4 0, 0, 32; draw_string_vec4
    %concat/vec4; draw_string_vec4
    %pushi/vec4 0, 0, 32; draw_string_vec4
    %concat/vec4; draw_string_vec4
    %pushi/vec4 0, 0, 32; draw_string_vec4
    %concat/vec4; draw_string_vec4
    %pushi/vec4 0, 0, 32; draw_string_vec4
    %concat/vec4; draw_string_vec4
    %pushi/vec4 115, 0, 32; draw_string_vec4
    %concat/vec4; draw_string_vec4
    %pushi/vec4 1952543861, 0, 32; draw_string_vec4
    %concat/vec4; draw_string_vec4
    %pushi/vec4 1931499329, 0, 32; draw_string_vec4
    %concat/vec4; draw_string_vec4
    %pushi/vec4 1230250103, 0, 32; draw_string_vec4
    %concat/vec4; draw_string_vec4
    %pushi/vec4 1751477792, 0, 32; draw_string_vec4
    %concat/vec4; draw_string_vec4
    %pushi/vec4 1886743920, 0, 32; draw_string_vec4
    %concat/vec4; draw_string_vec4
    %pushi/vec4 544171622, 0, 32; draw_string_vec4
    %concat/vec4; draw_string_vec4
    %store/vec4 v0x563ab76424d0_0, 0, 512;
    %fork TD_tb_water_sched.check, S_0x563ab762e310;
    %join;
    %load/vec4 v0x563ab76a0590_0;
    %pushi/vec4 0, 0, 4;
    %cmp/e;
    %flag_get/vec4 6;
    %store/vec4 v0x563ab7642570_0, 0, 1;
    %pushi/vec4 0, 0, 32; draw_string_vec4
    %pushi/vec4 0, 0, 32; draw_string_vec4
    %concat/vec4; draw_string_vec4
    %pushi/vec4 0, 0, 32; draw_string_vec4
    %concat/vec4; draw_string_vec4
    %pushi/vec4 0, 0, 32; draw_string_vec4
    %concat/vec4; draw_string_vec4
    %pushi/vec4 0, 0, 32; draw_string_vec4
    %concat/vec4; draw_string_vec4
    %pushi/vec4 0, 0, 32; draw_string_vec4
    %concat/vec4; draw_string_vec4
    %pushi/vec4 0, 0, 32; draw_string_vec4
    %concat/vec4; draw_string_vec4
    %pushi/vec4 0, 0, 32; draw_string_vec4
    %concat/vec4; draw_string_vec4
    %pushi/vec4 0, 0, 32; draw_string_vec4
    %concat/vec4; draw_string_vec4
    %pushi/vec4 0, 0, 32; draw_string_vec4
    %concat/vec4; draw_string_vec4
    %pushi/vec4 7237408, 0, 32; draw_string_vec4
    %concat/vec4; draw_string_vec4
    %pushi/vec4 1986096246, 0, 32; draw_string_vec4
    %concat/vec4; draw_string_vec4
    %pushi/vec4 1696626536, 0, 32; draw_string_vec4
    %concat/vec4; draw_string_vec4
    %pushi/vec4 1768711456, 0, 32; draw_string_vec4
    %concat/vec4; draw_string_vec4
    %pushi/vec4 1886743920, 0, 32; draw_string_vec4
    %concat/vec4; draw_string_vec4
    %pushi/vec4 544171622, 0, 32; draw_string_vec4
    %concat/vec4; draw_string_vec4
    %store/vec4 v0x563ab76424d0_0, 0, 512;
    %fork TD_tb_water_sched.check, S_0x563ab762e310;
    %join;
    %pushi/vec4 1, 0, 1;
    %store/vec4 v0x563ab76a0320_0, 0, 1;
    %pushi/vec4 1, 0, 32;
    %store/vec4 v0x563ab769d990_0, 0, 32;
    %pushi/vec4 200, 0, 32;
    %store/vec4 v0x563ab769db60_0, 0, 32;
    %fork TD_tb_water_sched.serve_and_clear, S_0x563ab769d720;
    %join;
    %load/vec4 v0x563ab769e360_0;
    %load/vec4 v0x563ab769dfb0_0;
    %addi 1, 0, 32;
    %cmp/e;
    %flag_get/vec4 4;
    %store/vec4 v0x563ab7642570_0, 0, 1;
    %pushi/vec4 0, 0, 32; draw_string_vec4
    %pushi/vec4 0, 0, 32; draw_string_vec4
    %concat/vec4; draw_string_vec4
    %pushi/vec4 0, 0, 32; draw_string_vec4
    %concat/vec4; draw_string_vec4
    %pushi/vec4 0, 0, 32; draw_string_vec4
    %concat/vec4; draw_string_vec4
    %pushi/vec4 0, 0, 32; draw_string_vec4
    %concat/vec4; draw_string_vec4
    %pushi/vec4 0, 0, 32; draw_string_vec4
    %concat/vec4; draw_string_vec4
    %pushi/vec4 0, 0, 32; draw_string_vec4
    %concat/vec4; draw_string_vec4
    %pushi/vec4 0, 0, 32; draw_string_vec4
    %concat/vec4; draw_string_vec4
    %pushi/vec4 0, 0, 32; draw_string_vec4
    %concat/vec4; draw_string_vec4
    %pushi/vec4 115, 0, 32; draw_string_vec4
    %concat/vec4; draw_string_vec4
    %pushi/vec4 1702000229, 0, 32; draw_string_vec4
    %concat/vec4; draw_string_vec4
    %pushi/vec4 1679843686, 0, 32; draw_string_vec4
    %concat/vec4; draw_string_vec4
    %pushi/vec4 1952805408, 0, 32; draw_string_vec4
    %concat/vec4; draw_string_vec4
    %pushi/vec4 1886743920, 0, 32; draw_string_vec4
    %concat/vec4; draw_string_vec4
    %pushi/vec4 544367987, 0, 32; draw_string_vec4
    %concat/vec4; draw_string_vec4
    %pushi/vec4 1952543348, 0, 32; draw_string_vec4
    %concat/vec4; draw_string_vec4
    %store/vec4 v0x563ab76424d0_0, 0, 512;
    %fork TD_tb_water_sched.check, S_0x563ab762e310;
    %join;
    %vpi_call 2 308 "$display", "\012T11: started serve always completes (valve safety)" {0 0 0};
    %load/vec4 v0x563ab769e360_0;
    %store/vec4 v0x563ab769dfb0_0, 0, 32;
    %pushi/vec4 1, 0, 1;
    %store/vec4 v0x563ab769f840_0, 0, 1;
    %fork TD_tb_water_sched.step, S_0x563ab769dc40;
    %join;
    %fork TD_tb_water_sched.step, S_0x563ab769dc40;
    %join;
    %fork TD_tb_water_sched.step, S_0x563ab769dc40;
    %join;
    %load/vec4 v0x563ab76a0590_0;
    %pushi/vec4 4, 0, 4;
    %cmp/e;
    %flag_get/vec4 6;
    %store/vec4 v0x563ab7642570_0, 0, 1;
    %pushi/vec4 0, 0, 32; draw_string_vec4
    %pushi/vec4 0, 0, 32; draw_string_vec4
    %concat/vec4; draw_string_vec4
    %pushi/vec4 0, 0, 32; draw_string_vec4
    %concat/vec4; draw_string_vec4
    %pushi/vec4 0, 0, 32; draw_string_vec4
    %concat/vec4; draw_string_vec4
    %pushi/vec4 0, 0, 32; draw_string_vec4
    %concat/vec4; draw_string_vec4
    %pushi/vec4 0, 0, 32; draw_string_vec4
    %concat/vec4; draw_string_vec4
    %pushi/vec4 0, 0, 32; draw_string_vec4
    %concat/vec4; draw_string_vec4
    %pushi/vec4 0, 0, 32; draw_string_vec4
    %concat/vec4; draw_string_vec4
    %pushi/vec4 0, 0, 32; draw_string_vec4
    %concat/vec4; draw_string_vec4
    %pushi/vec4 0, 0, 32; draw_string_vec4
    %concat/vec4; draw_string_vec4
    %pushi/vec4 118, 0, 32; draw_string_vec4
    %concat/vec4; draw_string_vec4
    %pushi/vec4 1634498149, 0, 32; draw_string_vec4
    %concat/vec4; draw_string_vec4
    %pushi/vec4 840986480, 0, 32; draw_string_vec4
    %concat/vec4; draw_string_vec4
    %pushi/vec4 1701716077, 0, 32; draw_string_vec4
    %concat/vec4; draw_string_vec4
    %pushi/vec4 1768172915, 0, 32; draw_string_vec4
    %concat/vec4; draw_string_vec4
    %pushi/vec4 1702000229, 0, 32; draw_string_vec4
    %concat/vec4; draw_string_vec4
    %store/vec4 v0x563ab76424d0_0, 0, 512;
    %fork TD_tb_water_sched.check, S_0x563ab762e310;
    %join;
    %pushi/vec4 0, 0, 1;
    %store/vec4 v0x563ab76a0320_0, 0, 1;
    %pushi/vec4 2, 0, 32;
    %store/vec4 v0x563ab769d990_0, 0, 32;
    %pushi/vec4 200, 0, 32;
    %store/vec4 v0x563ab769db60_0, 0, 32;
    %fork TD_tb_water_sched.serve_and_clear, S_0x563ab769d720;
    %join;
    %load/vec4 v0x563ab769e360_0;
    %load/vec4 v0x563ab769dfb0_0;
    %addi 1, 0, 32;
    %cmp/e;
    %flag_get/vec4 4;
    %store/vec4 v0x563ab7642570_0, 0, 1;
    %pushi/vec4 0, 0, 32; draw_string_vec4
    %pushi/vec4 0, 0, 32; draw_string_vec4
    %concat/vec4; draw_string_vec4
    %pushi/vec4 0, 0, 32; draw_string_vec4
    %concat/vec4; draw_string_vec4
    %pushi/vec4 0, 0, 32; draw_string_vec4
    %concat/vec4; draw_string_vec4
    %pushi/vec4 0, 0, 32; draw_string_vec4
    %concat/vec4; draw_string_vec4
    %pushi/vec4 0, 0, 32; draw_string_vec4
    %concat/vec4; draw_string_vec4
    %pushi/vec4 0, 0, 32; draw_string_vec4
    %concat/vec4; draw_string_vec4
    %pushi/vec4 0, 0, 32; draw_string_vec4
    %concat/vec4; draw_string_vec4
    %pushi/vec4 0, 0, 32; draw_string_vec4
    %concat/vec4; draw_string_vec4
    %pushi/vec4 109, 0, 32; draw_string_vec4
    %concat/vec4; draw_string_vec4
    %pushi/vec4 1768172902, 0, 32; draw_string_vec4
    %concat/vec4; draw_string_vec4
    %pushi/vec4 1819636584, 0, 32; draw_string_vec4
    %concat/vec4; draw_string_vec4
    %pushi/vec4 544433522, 0, 32; draw_string_vec4
    %concat/vec4; draw_string_vec4
    %pushi/vec4 1986338915, 0, 32; draw_string_vec4
    %concat/vec4; draw_string_vec4
    %pushi/vec4 1869443180, 0, 32; draw_string_vec4
    %concat/vec4; draw_string_vec4
    %pushi/vec4 1702126948, 0, 32; draw_string_vec4
    %concat/vec4; draw_string_vec4
    %store/vec4 v0x563ab76424d0_0, 0, 512;
    %fork TD_tb_water_sched.check, S_0x563ab762e310;
    %join;
    %pushi/vec4 1, 0, 1;
    %store/vec4 v0x563ab76a0320_0, 0, 1;
    %vpi_call 2 319 "$display", "\012T12: all zones emergency -> still index order, back-to-back" {0 0 0};
    %pushi/vec4 3, 0, 2;
    %store/vec4 v0x563ab769f180_0, 0, 2;
    %pushi/vec4 3, 0, 2;
    %store/vec4 v0x563ab769f260_0, 0, 2;
    %pushi/vec4 3, 0, 2;
    %store/vec4 v0x563ab769f340_0, 0, 2;
    %pushi/vec4 3, 0, 2;
    %store/vec4 v0x563ab769f420_0, 0, 2;
    %load/vec4 v0x563ab769e360_0;
    %store/vec4 v0x563ab769dfb0_0, 0, 32;
    %pushi/vec4 1, 0, 1;
    %store/vec4 v0x563ab769f6c0_0, 0, 1;
    %pushi/vec4 1, 0, 1;
    %store/vec4 v0x563ab769f900_0, 0, 1;
    %pushi/vec4 0, 0, 32;
    %store/vec4 v0x563ab769d990_0, 0, 32;
    %pushi/vec4 200, 0, 32;
    %store/vec4 v0x563ab769db60_0, 0, 32;
    %fork TD_tb_water_sched.serve_and_clear, S_0x563ab769d720;
    %join;
    %pushi/vec4 1, 0, 1;
    %store/vec4 v0x563ab769f840_0, 0, 1;
    %pushi/vec4 2, 0, 32;
    %store/vec4 v0x563ab769d990_0, 0, 32;
    %pushi/vec4 200, 0, 32;
    %store/vec4 v0x563ab769db60_0, 0, 32;
    %fork TD_tb_water_sched.serve_and_clear, S_0x563ab769d720;
    %join;
    %pushi/vec4 3, 0, 32;
    %store/vec4 v0x563ab769d990_0, 0, 32;
    %pushi/vec4 200, 0, 32;
    %store/vec4 v0x563ab769db60_0, 0, 32;
    %fork TD_tb_water_sched.serve_and_clear, S_0x563ab769d720;
    %join;
    %load/vec4 v0x563ab769e360_0;
    %load/vec4 v0x563ab769dfb0_0;
    %addi 3, 0, 32;
    %cmp/e;
    %flag_get/vec4 4;
    %store/vec4 v0x563ab7642570_0, 0, 1;
    %pushi/vec4 0, 0, 32; draw_string_vec4
    %pushi/vec4 0, 0, 32; draw_string_vec4
    %concat/vec4; draw_string_vec4
    %pushi/vec4 0, 0, 32; draw_string_vec4
    %concat/vec4; draw_string_vec4
    %pushi/vec4 0, 0, 32; draw_string_vec4
    %concat/vec4; draw_string_vec4
    %pushi/vec4 0, 0, 32; draw_string_vec4
    %concat/vec4; draw_string_vec4
    %pushi/vec4 0, 0, 32; draw_string_vec4
    %concat/vec4; draw_string_vec4
    %pushi/vec4 0, 0, 32; draw_string_vec4
    %concat/vec4; draw_string_vec4
    %pushi/vec4 0, 0, 32; draw_string_vec4
    %concat/vec4; draw_string_vec4
    %pushi/vec4 0, 0, 32; draw_string_vec4
    %concat/vec4; draw_string_vec4
    %pushi/vec4 13088, 0, 32; draw_string_vec4
    %concat/vec4; draw_string_vec4
    %pushi/vec4 1650549611, 0, 32; draw_string_vec4
    %concat/vec4; draw_string_vec4
    %pushi/vec4 762605357, 0, 32; draw_string_vec4
    %concat/vec4; draw_string_vec4
    %pushi/vec4 1650549611, 0, 32; draw_string_vec4
    %concat/vec4; draw_string_vec4
    %pushi/vec4 544433522, 0, 32; draw_string_vec4
    %concat/vec4; draw_string_vec4
    %pushi/vec4 1986360096, 0, 32; draw_string_vec4
    %concat/vec4; draw_string_vec4
    %pushi/vec4 1685024357, 0, 32; draw_string_vec4
    %concat/vec4; draw_string_vec4
    %store/vec4 v0x563ab76424d0_0, 0, 512;
    %fork TD_tb_water_sched.check, S_0x563ab762e310;
    %join;
    %pushi/vec4 0, 0, 2;
    %store/vec4 v0x563ab769f180_0, 0, 2;
    %pushi/vec4 1, 0, 2;
    %store/vec4 v0x563ab769f260_0, 0, 2;
    %pushi/vec4 2, 0, 2;
    %store/vec4 v0x563ab769f340_0, 0, 2;
    %pushi/vec4 3, 0, 2;
    %store/vec4 v0x563ab769f420_0, 0, 2;
    %vpi_call 2 331 "$display", "\012T13: STRICT_PRIO=1 -- stuck HIGH zone blocks lower zone" {0 0 0};
    %pushi/vec4 0, 0, 2;
    %store/vec4 v0x563ab769f500_0, 0, 2;
    %pushi/vec4 2, 0, 2;
    %store/vec4 v0x563ab769f5e0_0, 0, 2;
    %pushi/vec4 50, 0, 8;
    %store/vec4 v0x563ab769e760_0, 0, 8;
    %pushi/vec4 200, 0, 8;
    %store/vec4 v0x563ab769e840_0, 0, 8;
    %pushi/vec4 100, 0, 8;
    %store/vec4 v0x563ab769ff10_0, 0, 8;
    %pushi/vec4 1, 0, 1;
    %store/vec4 v0x563ab76a00b0_0, 0, 1;
    %pushi/vec4 1, 0, 1;
    %store/vec4 v0x563ab769f9c0_0, 0, 1;
    %pushi/vec4 1, 0, 1;
    %store/vec4 v0x563ab769fa80_0, 0, 1;
    %pushi/vec4 6, 0, 32;
T_12.40 %dup/vec4;
    %pushi/vec4 0, 0, 32;
    %cmp/s;
    %jmp/1xz T_12.41, 5;
    %jmp/1 T_12.41, 4;
    %pushi/vec4 1, 0, 32;
    %sub;
    %fork TD_tb_water_sched.step, S_0x563ab769dc40;
    %join;
    %jmp T_12.40;
T_12.41 ;
    %pop/vec4 1;
    %load/vec4 v0x563ab769fe40_0;
    %pushi/vec4 1, 0, 1;
    %cmp/e;
    %flag_get/vec4 6;
    %store/vec4 v0x563ab7642570_0, 0, 1;
    %pushi/vec4 0, 0, 32; draw_string_vec4
    %pushi/vec4 0, 0, 32; draw_string_vec4
    %concat/vec4; draw_string_vec4
    %pushi/vec4 0, 0, 32; draw_string_vec4
    %concat/vec4; draw_string_vec4
    %pushi/vec4 0, 0, 32; draw_string_vec4
    %concat/vec4; draw_string_vec4
    %pushi/vec4 0, 0, 32; draw_string_vec4
    %concat/vec4; draw_string_vec4
    %pushi/vec4 0, 0, 32; draw_string_vec4
    %concat/vec4; draw_string_vec4
    %pushi/vec4 0, 0, 32; draw_string_vec4
    %concat/vec4; draw_string_vec4
    %pushi/vec4 0, 0, 32; draw_string_vec4
    %concat/vec4; draw_string_vec4
    %pushi/vec4 115, 0, 32; draw_string_vec4
    %concat/vec4; draw_string_vec4
    %pushi/vec4 1953655139, 0, 32; draw_string_vec4
    %concat/vec4; draw_string_vec4
    %pushi/vec4 1949966441, 0, 32; draw_string_vec4
    %concat/vec4; draw_string_vec4
    %pushi/vec4 1853060454, 0, 32; draw_string_vec4
    %concat/vec4; draw_string_vec4
    %pushi/vec4 1718182761, 0, 32; draw_string_vec4
    %concat/vec4; draw_string_vec4
    %pushi/vec4 1701737504, 0, 32; draw_string_vec4
    %concat/vec4; draw_string_vec4
    %pushi/vec4 1718378855, 0, 32; draw_string_vec4
    %concat/vec4; draw_string_vec4
    %pushi/vec4 544433524, 0, 32; draw_string_vec4
    %concat/vec4; draw_string_vec4
    %store/vec4 v0x563ab76424d0_0, 0, 512;
    %fork TD_tb_water_sched.check, S_0x563ab762e310;
    %join;
    %load/vec4 v0x563ab76a03f0_0;
    %pushi/vec4 0, 0, 2;
    %cmp/e;
    %flag_get/vec4 6;
    %store/vec4 v0x563ab7642570_0, 0, 1;
    %pushi/vec4 0, 0, 32; draw_string_vec4
    %pushi/vec4 0, 0, 32; draw_string_vec4
    %concat/vec4; draw_string_vec4
    %pushi/vec4 0, 0, 32; draw_string_vec4
    %concat/vec4; draw_string_vec4
    %pushi/vec4 0, 0, 32; draw_string_vec4
    %concat/vec4; draw_string_vec4
    %pushi/vec4 0, 0, 32; draw_string_vec4
    %concat/vec4; draw_string_vec4
    %pushi/vec4 0, 0, 32; draw_string_vec4
    %concat/vec4; draw_string_vec4
    %pushi/vec4 29556, 0, 32; draw_string_vec4
    %concat/vec4; draw_string_vec4
    %pushi/vec4 1919509364, 0, 32; draw_string_vec4
    %concat/vec4; draw_string_vec4
    %pushi/vec4 975203439, 0, 32; draw_string_vec4
    %concat/vec4; draw_string_vec4
    %pushi/vec4 2003137056, 0, 32; draw_string_vec4
    %concat/vec4; draw_string_vec4
    %pushi/vec4 2054123109, 0, 32; draw_string_vec4
    %concat/vec4; draw_string_vec4
    %pushi/vec4 541215823, 0, 32; draw_string_vec4
    %concat/vec4; draw_string_vec4
    %pushi/vec4 1129006404, 0, 32; draw_string_vec4
    %concat/vec4; draw_string_vec4
    %pushi/vec4 539520623, 0, 32; draw_string_vec4
    %concat/vec4; draw_string_vec4
    %pushi/vec4 544629100, 0, 32; draw_string_vec4
    %concat/vec4; draw_string_vec4
    %pushi/vec4 1986339113, 0, 32; draw_string_vec4
    %concat/vec4; draw_string_vec4
    %store/vec4 v0x563ab76424d0_0, 0, 512;
    %fork TD_tb_water_sched.check, S_0x563ab762e310;
    %join;
    %load/vec4 v0x563ab769ffe0_0;
    %pushi/vec4 2, 0, 3;
    %cmp/e;
    %flag_get/vec4 6;
    %store/vec4 v0x563ab7642570_0, 0, 1;
    %pushi/vec4 0, 0, 32; draw_string_vec4
    %pushi/vec4 0, 0, 32; draw_string_vec4
    %concat/vec4; draw_string_vec4
    %pushi/vec4 0, 0, 32; draw_string_vec4
    %concat/vec4; draw_string_vec4
    %pushi/vec4 0, 0, 32; draw_string_vec4
    %concat/vec4; draw_string_vec4
    %pushi/vec4 0, 0, 32; draw_string_vec4
    %concat/vec4; draw_string_vec4
    %pushi/vec4 0, 0, 32; draw_string_vec4
    %concat/vec4; draw_string_vec4
    %pushi/vec4 0, 0, 32; draw_string_vec4
    %concat/vec4; draw_string_vec4
    %pushi/vec4 0, 0, 32; draw_string_vec4
    %concat/vec4; draw_string_vec4
    %pushi/vec4 0, 0, 32; draw_string_vec4
    %concat/vec4; draw_string_vec4
    %pushi/vec4 0, 0, 32; draw_string_vec4
    %concat/vec4; draw_string_vec4
    %pushi/vec4 0, 0, 32; draw_string_vec4
    %concat/vec4; draw_string_vec4
    %pushi/vec4 7566450, 0, 32; draw_string_vec4
    %concat/vec4; draw_string_vec4
    %pushi/vec4 1768125498, 0, 32; draw_string_vec4
    %concat/vec4; draw_string_vec4
    %pushi/vec4 544437345, 0, 32; draw_string_vec4
    %concat/vec4; draw_string_vec4
    %pushi/vec4 1953854240, 0, 32; draw_string_vec4
    %concat/vec4; draw_string_vec4
    %pushi/vec4 1463896404, 0, 32; draw_string_vec4
    %concat/vec4; draw_string_vec4
    %store/vec4 v0x563ab76424d0_0, 0, 512;
    %fork TD_tb_water_sched.check, S_0x563ab762e310;
    %join;
    %pushi/vec4 250, 0, 8;
    %store/vec4 v0x563ab769ff10_0, 0, 8;
    %pushi/vec4 0, 0, 32;
    %store/vec4 v0x563ab769eee0_0, 0, 32;
    %pushi/vec4 0, 0, 1;
    %store/vec4 v0x563ab769ea00_0, 0, 1;
T_12.42 ;
    %load/vec4 v0x563ab769ea00_0;
    %nor/r;
    %flag_set/vec4 9;
    %flag_get/vec4 9;
    %jmp/0 T_12.44, 9;
    %load/vec4 v0x563ab769eee0_0;
    %cmpi/s 100, 0, 32;
    %flag_get/vec4 5;
    %and;
T_12.44;
    %flag_set/vec4 8;
    %jmp/0xz T_12.43, 8;
    %fork TD_tb_water_sched.step, S_0x563ab769dc40;
    %join;
    %load/vec4 v0x563ab769fbe0_0;
    %parti/s 1, 0, 2;
    %flag_set/vec4 8;
    %jmp/0xz  T_12.45, 8;
    %pushi/vec4 0, 0, 1;
    %store/vec4 v0x563ab7642570_0, 0, 1;
    %pushi/vec4 0, 0, 32; draw_string_vec4
    %pushi/vec4 0, 0, 32; draw_string_vec4
    %concat/vec4; draw_string_vec4
    %pushi/vec4 0, 0, 32; draw_string_vec4
    %concat/vec4; draw_string_vec4
    %pushi/vec4 0, 0, 32; draw_string_vec4
    %concat/vec4; draw_string_vec4
    %pushi/vec4 0, 0, 32; draw_string_vec4
    %concat/vec4; draw_string_vec4
    %pushi/vec4 0, 0, 32; draw_string_vec4
    %concat/vec4; draw_string_vec4
    %pushi/vec4 0, 0, 32; draw_string_vec4
    %concat/vec4; draw_string_vec4
    %pushi/vec4 29556, 0, 32; draw_string_vec4
    %concat/vec4; draw_string_vec4
    %pushi/vec4 1919509364, 0, 32; draw_string_vec4
    %concat/vec4; draw_string_vec4
    %pushi/vec4 975195215, 0, 32; draw_string_vec4
    %concat/vec4; draw_string_vec4
    %pushi/vec4 1461746287, 0, 32; draw_string_vec4
    %concat/vec4; draw_string_vec4
    %pushi/vec4 1852121194, 0, 32; draw_string_vec4
    %concat/vec4; draw_string_vec4
    %pushi/vec4 1970106469, 0, 32; draw_string_vec4
    %concat/vec4; draw_string_vec4
    %pushi/vec4 1679848552, 0, 32; draw_string_vec4
    %concat/vec4; draw_string_vec4
    %pushi/vec4 1696625013, 0, 32; draw_string_vec4
    %concat/vec4; draw_string_vec4
    %pushi/vec4 1702192417, 0, 32; draw_string_vec4
    %concat/vec4; draw_string_vec4
    %store/vec4 v0x563ab76424d0_0, 0, 512;
    %fork TD_tb_water_sched.check, S_0x563ab762e310;
    %join;
T_12.45 ;
    %load/vec4 v0x563ab769fbe0_0;
    %parti/s 1, 1, 2;
    %flag_set/vec4 8;
    %jmp/0xz  T_12.47, 8;
    %pushi/vec4 1, 0, 1;
    %store/vec4 v0x563ab769ea00_0, 0, 1;
    %pushi/vec4 0, 0, 1;
    %store/vec4 v0x563ab769fa80_0, 0, 1;
T_12.47 ;
    %load/vec4 v0x563ab769eee0_0;
    %addi 1, 0, 32;
    %store/vec4 v0x563ab769eee0_0, 0, 32;
    %jmp T_12.42;
T_12.43 ;
    %load/vec4 v0x563ab769ea00_0;
    %store/vec4 v0x563ab7642570_0, 0, 1;
    %pushi/vec4 0, 0, 32; draw_string_vec4
    %pushi/vec4 0, 0, 32; draw_string_vec4
    %concat/vec4; draw_string_vec4
    %pushi/vec4 0, 0, 32; draw_string_vec4
    %concat/vec4; draw_string_vec4
    %pushi/vec4 115, 0, 32; draw_string_vec4
    %concat/vec4; draw_string_vec4
    %pushi/vec4 1953655139, 0, 32; draw_string_vec4
    %concat/vec4; draw_string_vec4
    %pushi/vec4 1949966451, 0, 32; draw_string_vec4
    %concat/vec4; draw_string_vec4
    %pushi/vec4 1953850219, 0, 32; draw_string_vec4
    %concat/vec4; draw_string_vec4
    %pushi/vec4 541608263, 0, 32; draw_string_vec4
    %concat/vec4; draw_string_vec4
    %pushi/vec4 1210088047, 0, 32; draw_string_vec4
    %concat/vec4; draw_string_vec4
    %pushi/vec4 1852121203, 0, 32; draw_string_vec4
    %concat/vec4; draw_string_vec4
    %pushi/vec4 1702000229, 0, 32; draw_string_vec4
    %concat/vec4; draw_string_vec4
    %pushi/vec4 1679836745, 0, 32; draw_string_vec4
    %concat/vec4; draw_string_vec4
    %pushi/vec4 1381192736, 0, 32; draw_string_vec4
    %concat/vec4; draw_string_vec4
    %pushi/vec4 1634104421, 0, 32; draw_string_vec4
    %concat/vec4; draw_string_vec4
    %pushi/vec4 1914729061, 0, 32; draw_string_vec4
    %concat/vec4; draw_string_vec4
    %pushi/vec4 1718185068, 0, 32; draw_string_vec4
    %concat/vec4; draw_string_vec4
    %store/vec4 v0x563ab76424d0_0, 0, 512;
    %fork TD_tb_water_sched.check, S_0x563ab762e310;
    %join;
    %fork TD_tb_water_sched.step, S_0x563ab769dc40;
    %join;
    %pushi/vec4 0, 0, 32;
    %store/vec4 v0x563ab769eee0_0, 0, 32;
    %pushi/vec4 0, 0, 1;
    %store/vec4 v0x563ab769ea00_0, 0, 1;
T_12.49 ;
    %load/vec4 v0x563ab769ea00_0;
    %nor/r;
    %flag_set/vec4 9;
    %flag_get/vec4 9;
    %jmp/0 T_12.51, 9;
    %load/vec4 v0x563ab769eee0_0;
    %cmpi/s 100, 0, 32;
    %flag_get/vec4 5;
    %and;
T_12.51;
    %flag_set/vec4 8;
    %jmp/0xz T_12.50, 8;
    %fork TD_tb_water_sched.step, S_0x563ab769dc40;
    %join;
    %load/vec4 v0x563ab769fbe0_0;
    %parti/s 1, 0, 2;
    %flag_set/vec4 8;
    %jmp/0xz  T_12.52, 8;
    %pushi/vec4 1, 0, 1;
    %store/vec4 v0x563ab769ea00_0, 0, 1;
    %pushi/vec4 0, 0, 1;
    %store/vec4 v0x563ab769f9c0_0, 0, 1;
T_12.52 ;
    %load/vec4 v0x563ab769eee0_0;
    %addi 1, 0, 32;
    %store/vec4 v0x563ab769eee0_0, 0, 32;
    %jmp T_12.49;
T_12.50 ;
    %load/vec4 v0x563ab769ea00_0;
    %pushi/vec4 1, 0, 1;
    %cmp/e;
    %flag_get/vec4 6;
    %store/vec4 v0x563ab7642570_0, 0, 1;
    %pushi/vec4 0, 0, 32; draw_string_vec4
    %pushi/vec4 0, 0, 32; draw_string_vec4
    %concat/vec4; draw_string_vec4
    %pushi/vec4 0, 0, 32; draw_string_vec4
    %concat/vec4; draw_string_vec4
    %pushi/vec4 0, 0, 32; draw_string_vec4
    %concat/vec4; draw_string_vec4
    %pushi/vec4 0, 0, 32; draw_string_vec4
    %concat/vec4; draw_string_vec4
    %pushi/vec4 0, 0, 32; draw_string_vec4
    %concat/vec4; draw_string_vec4
    %pushi/vec4 0, 0, 32; draw_string_vec4
    %concat/vec4; draw_string_vec4
    %pushi/vec4 29556, 0, 32; draw_string_vec4
    %concat/vec4; draw_string_vec4
    %pushi/vec4 1919509364, 0, 32; draw_string_vec4
    %concat/vec4; draw_string_vec4
    %pushi/vec4 975195215, 0, 32; draw_string_vec4
    %concat/vec4; draw_string_vec4
    %pushi/vec4 1461746287, 0, 32; draw_string_vec4
    %concat/vec4; draw_string_vec4
    %pushi/vec4 1852121203, 0, 32; draw_string_vec4
    %concat/vec4; draw_string_vec4
    %pushi/vec4 1702000229, 0, 32; draw_string_vec4
    %concat/vec4; draw_string_vec4
    %pushi/vec4 1679843686, 0, 32; draw_string_vec4
    %concat/vec4; draw_string_vec4
    %pushi/vec4 1952805495, 0, 32; draw_string_vec4
    %concat/vec4; draw_string_vec4
    %pushi/vec4 1634886771, 0, 32; draw_string_vec4
    %concat/vec4; draw_string_vec4
    %store/vec4 v0x563ab76424d0_0, 0, 512;
    %fork TD_tb_water_sched.check, S_0x563ab762e310;
    %join;
    %fork TD_tb_water_sched.step, S_0x563ab769dc40;
    %join;
    %load/vec4 v0x563ab769fd70_0;
    %pushi/vec4 2, 0, 32;
    %cmp/e;
    %flag_get/vec4 6;
    %store/vec4 v0x563ab7642570_0, 0, 1;
    %pushi/vec4 0, 0, 32; draw_string_vec4
    %pushi/vec4 0, 0, 32; draw_string_vec4
    %concat/vec4; draw_string_vec4
    %pushi/vec4 0, 0, 32; draw_string_vec4
    %concat/vec4; draw_string_vec4
    %pushi/vec4 0, 0, 32; draw_string_vec4
    %concat/vec4; draw_string_vec4
    %pushi/vec4 0, 0, 32; draw_string_vec4
    %concat/vec4; draw_string_vec4
    %pushi/vec4 0, 0, 32; draw_string_vec4
    %concat/vec4; draw_string_vec4
    %pushi/vec4 0, 0, 32; draw_string_vec4
    %concat/vec4; draw_string_vec4
    %pushi/vec4 0, 0, 32; draw_string_vec4
    %concat/vec4; draw_string_vec4
    %pushi/vec4 1937011305, 0, 32; draw_string_vec4
    %concat/vec4; draw_string_vec4
    %pushi/vec4 1668561440, 0, 32; draw_string_vec4
    %concat/vec4; draw_string_vec4
    %pushi/vec4 1702388067, 0, 32; draw_string_vec4
    %concat/vec4; draw_string_vec4
    %pushi/vec4 1953265952, 0, 32; draw_string_vec4
    %concat/vec4; draw_string_vec4
    %pushi/vec4 840983417, 0, 32; draw_string_vec4
    %concat/vec4; draw_string_vec4
    %pushi/vec4 1668048243, 0, 32; draw_string_vec4
    %concat/vec4; draw_string_vec4
    %pushi/vec4 543387509, 0, 32; draw_string_vec4
    %concat/vec4; draw_string_vec4
    %pushi/vec4 1853121892, 0, 32; draw_string_vec4
    %concat/vec4; draw_string_vec4
    %store/vec4 v0x563ab76424d0_0, 0, 512;
    %fork TD_tb_water_sched.check, S_0x563ab762e310;
    %join;
    %vpi_call 2 363 "$display", "\012=====================================================" {0 0 0};
    %load/vec4 v0x563ab769e920_0;
    %cmpi/e 0, 0, 32;
    %jmp/0xz  T_12.54, 4;
    %vpi_call 2 364 "$display", " ALL TESTS PASSED  (cycles_done=%0d)", v0x563ab769e360_0 {0 0 0};
    %jmp T_12.55;
T_12.54 ;
    %vpi_call 2 365 "$display", " TESTS FAILED: %0d error(s)", v0x563ab769e920_0 {0 0 0};
T_12.55 ;
    %vpi_call 2 366 "$display", "=====================================================" {0 0 0};
    %vpi_call 2 367 "$finish" {0 0 0};
    %end;
    .thread T_12;
# The file index is used to find the file name in the following table.
:file_names 4;
    "N/A";
    "<interactive>";
    "tb/water_sched_tb.v";
    "rtl/water_sched.v";
