


                              IC Compiler II (TM)

                Version X-2025.06-SP1 for linux64 - Aug 01, 2025
                            Base build date 7/7/2025

                    Copyright (c) 1988 - 2025 Synopsys, Inc.
   This software and the associated documentation are proprietary to Synopsys,
 Inc. This software may only be used in accordance with the terms and conditions
 of a written license agreement with Synopsys, Inc. All other use, reproduction,
   or distribution of this software is strictly prohibited.  Licensed Products
     communicate with Synopsys servers for the purpose of providing software
    updates, detecting software piracy and verifying that customers are using
    Licensed Products in conformity with the applicable License Key for such
  Licensed Products. Synopsys will use information gathered in connection with
    this process to deliver software updates and pursue software pirates and
                                   infringers.

 Inclusivity & Diversity - Visit SolvNetPlus to read the "Synopsys Statement on
            Inclusivity and Diversity" (Refer to article 000036315 at
                        https://solvnetplus.synopsys.com)
 
Information: Term was not able to be set up using xterm-256color . Using "xterm" by default instead. (CLE-10)
#####################################################################
# icc2_pnr.tcl — Place & Route with Synopsys ICC2 (floorplan -> GDS)
# Team LOGIC DUO | ChipCraft 3.0 | Round 3
# HOW TO RUN (from repo root):
#   icc2_shell -f scripts/icc2_pnr.tcl |& tee results/pnr/icc2.log
#####################################################################
set TOP       "water_sched"
water_sched
set NETLIST   "results/synth/${TOP}_netlist.v"
results/synth/water_sched_netlist.v
set SDC       "results/synth/${TOP}_out.sdc"
results/synth/water_sched_out.sdc
set OUT_Q     "results/pnr"
results/pnr
# SAED32 setup (lab pd_scripts bundle — same family as our DC library)
set TECH_FILE "$env(HOME)/ref/tech/saed32nm_1p9m.tf"
/home/masthan5097/ref/tech/saed32nm_1p9m.tf
set NDM_LIBS  "$env(HOME)/ref/CLIBs/saed32_rvt.ndm"
/home/masthan5097/ref/CLIBs/saed32_rvt.ndm
set TLU_MIN   "$env(HOME)/SAED32nm_EDK_08_2025/SAED32_EDK/references/orca/icc/ref/tlup/saed32nm_1p9m_Cmin.tluplus"
/home/masthan5097/SAED32nm_EDK_08_2025/SAED32_EDK/references/orca/icc/ref/tlup/saed32nm_1p9m_Cmin.tluplus
set TLU_MAX   "$env(HOME)/SAED32nm_EDK_08_2025/SAED32_EDK/references/orca/icc/ref/tlup/saed32nm_1p9m_Cmax.tluplus"
/home/masthan5097/SAED32nm_EDK_08_2025/SAED32_EDK/references/orca/icc/ref/tlup/saed32nm_1p9m_Cmax.tluplus
set MAP_FILE  "$env(HOME)/SAED32nm_EDK_08_2025/SAED32_EDK/references/orca/icc/ref/tlup/saed32nm_tf_itf_tluplus.map"
/home/masthan5097/SAED32nm_EDK_08_2025/SAED32_EDK/references/orca/icc/ref/tlup/saed32nm_tf_itf_tluplus.map
file mkdir $OUT_Q
catch {sh rm -rf ${TOP}_lib}   ;# fresh library each run
0
#------------------- 1) library + design ------------------------------
create_lib -technology $TECH_FILE -ref_libs $NDM_LIBS ${TOP}_lib
Information: Loading technology file '/home/masthan5097/ref/tech/saed32nm_1p9m.tf' (FILE-007)
{water_sched_lib}
read_parasitic_tech -tlup $TLU_MIN -layermap $MAP_FILE -name saed32_cmin
1
read_parasitic_tech -tlup $TLU_MAX -layermap $MAP_FILE -name saed32_cmax
1
read_verilog $NETLIST
Loading verilog file '/home/masthan5097/chipcraft3-logic_duo/results/synth/water_sched_netlist.v'
Information: Reading Verilog into new design 'water_sched' in library 'water_sched_lib'. (VR-012)
Number of modules read: 1
Top level ports: 164
Total ports in all modules: 164
Total nets in all modules: 619
Total instances in all modules: 548
Elapsed = 00:00:00.01, CPU = 00:00:00.01
1
link_block
Using libraries: water_sched_lib saed32_rvt
Linking block water_sched_lib:water_sched.design
Information: User units loaded from library 'saed32_rvt|saed32_rvt_std' (LNK-040)
Design 'water_sched' was successfully linked.
1
current_block $TOP
{water_sched_lib:water_sched.design}
read_sdc $SDC
Information: Loading SDC version 2.2 file '/home/masthan5097/chipcraft3-logic_duo/results/synth/water_sched_out.sdc' (FILE-007)
Warning: SDC version in file (2.1) does not match the version you requested
        	from read_sdc (2.2).  Some constraints and options may not function. (SDC-2)
Warning: The 'set_max_fanout' command is not supported in this program.  The command will be ignored. (CSTR-011)
Warning: Constraint 'set_max_area' is not supported by icc2. (SDC-3)
Information: Timer using 1 threads
Timing Update Started(Full_timing_update) : updateCount: 1 / Mem-peak : 408 MB / Date: Sat Sep 26 04:29:11 2026

Timing Update Completed: Mem-peak: 410 MB / Date: Sat Sep 26 04:29:11 2026



Summary of unsupported constraints:
Information: Ignored 1 unsupported 'set_max_area' constraint. (SDC-4)
1
#------------------- 1b) wire RC models (fixes NEX-018) ---------------
set_parasitic_parameters -corners {default} \
    -early_spec saed32_cmin \
    -late_spec  saed32_cmax
1
#------------------- 2) floorplan -------------------------------------
initialize_floorplan -core_utilization 0.5 -core_offset {5 5 5 5}
Warning: The routing directions for layer 'M1 M2 M3 M4 M5 M6 M7 M8 M9 MRDL ' are missing. Auto deriving 'horizontal' routing direction for layer 'M1'. (DPUI-924)
Warning: The routing directions for layer 'M1 M2 M3 M4 M5 M6 M7 M8 M9 MRDL ' are missing. Auto deriving 'vertical' routing direction for layer 'M2'. (DPUI-924)
Warning: The routing directions for layer 'M1 M2 M3 M4 M5 M6 M7 M8 M9 MRDL ' are missing. Auto deriving 'horizontal' routing direction for layer 'M3'. (DPUI-924)
Warning: The routing directions for layer 'M1 M2 M3 M4 M5 M6 M7 M8 M9 MRDL ' are missing. Auto deriving 'vertical' routing direction for layer 'M4'. (DPUI-924)
Warning: The routing directions for layer 'M1 M2 M3 M4 M5 M6 M7 M8 M9 MRDL ' are missing. Auto deriving 'horizontal' routing direction for layer 'M5'. (DPUI-924)
Warning: The routing directions for layer 'M1 M2 M3 M4 M5 M6 M7 M8 M9 MRDL ' are missing. Auto deriving 'vertical' routing direction for layer 'M6'. (DPUI-924)
Warning: The routing directions for layer 'M1 M2 M3 M4 M5 M6 M7 M8 M9 MRDL ' are missing. Auto deriving 'horizontal' routing direction for layer 'M7'. (DPUI-924)
Warning: The routing directions for layer 'M1 M2 M3 M4 M5 M6 M7 M8 M9 MRDL ' are missing. Auto deriving 'vertical' routing direction for layer 'M8'. (DPUI-924)
Warning: The routing directions for layer 'M1 M2 M3 M4 M5 M6 M7 M8 M9 MRDL ' are missing. Auto deriving 'horizontal' routing direction for layer 'M9'. (DPUI-924)
Warning: The routing directions for layer 'M1 M2 M3 M4 M5 M6 M7 M8 M9 MRDL ' are missing. Auto deriving 'vertical' routing direction for layer 'MRDL'. (DPUI-924)
Use site_def 'unit' to initialize floorplan.
Removing existing floorplan objects
Creating core...
Core utilization ratio = 50.70%
Unplacing all cells...
Creating site array...
Creating routing tracks...
Initializing floorplan completed.
place_pins -self
Information: Starting 'place_pins' (FLW-8000)
Information: Time: 2026-09-26 04:29:12 / Session:  00:00:09 / Command:  00:00:00 / CPU:  00:00:00 / Memory: 411 MB (FLW-8100)
Information: The command 'place_pins' cleared the undo history. (UNDO-016)
Load DB...
CPU Time for load db: 00:00:00.00u 00:00:00.00s 00:00:00.00e: 

Min routing layer: M1
Max routing layer: MRDL


CPU Time for Top Level Pre-Route Processing: 00:00:00.00u 00:00:00.00s 00:00:00.00e: 
CPU Time for Leaf Level Pre-Route Processing: 00:00:00.00u 00:00:00.00s 00:00:00.00e: 
Number of block ports: 164
Number of block pin locations assigned from router: 0
CPU Time for Pin Preparation: 00:00:00.00u 00:00:00.00s 00:00:00.00e: 
Number of PG ports on blocks: 0
Number of pins created: 164
CPU Time for Pin Creation: 00:00:00.00u 00:00:00.00s 00:00:00.00e: 
Total Pin Placement CPU Time: 00:00:00.00u 00:00:00.00s 00:00:00.01e: 
Information: Ending   'place_pins' (FLW-8001)
Information: Time: 2026-09-26 04:29:12 / Session:  00:00:09 / Command:  00:00:00 / CPU:  00:00:00 / Memory: 413 MB (FLW-8100)
1
#------------------- 3) placement -------------------------------------
place_opt
Information: Starting 'place_opt' (FLW-8000)
Information: Time: 2026-09-26 04:29:12 / Session:  00:00:09 / Command:  00:00:00 / CPU:  00:00:00 / Memory: 413 MB (FLW-8100)
INFO: place_opt is running in balanced flow mode
INFO: Total Power Aware Optimization Enabled (Dynamic + Leakage)
Warning: Corner default:  0 process number, 1 process label, 0 voltage, and 0 temperature mismatches. (PVT-030)
Warning: 548 cells affected for early, 548 for late. (PVT-031)
Warning: 0 port driving_cells affected for early, 0 for late. (PVT-034)
INFO: disable CRPR-based timing. 
Information: The stitching and editing of coupling caps is turned OFF for design 'water_sched_lib:water_sched.design'. (TIM-125)
Information: Design Average RC for design water_sched  (NEX-011)
Information: r = 1.790748 ohm/um, via_r = 0.466610 ohm/cut, c = 0.068467 ff/um, cc = 0.000000 ff/um (X dir) (NEX-017)
Information: r = 1.672017 ohm/um, via_r = 0.578659 ohm/cut, c = 0.077717 ff/um, cc = 0.000000 ff/um (Y dir) (NEX-017)
Number of Site types in the design = 1
Setting up Chip Core
Chip Core shape: (50000 50000) (642800 635200)
Number of VARs = 1
Number of unique PDs = 1
Number of Power Domains = 1
Number of Voltage Areas = 1
Number of supply Nets = 2
Number of used supplies = 0
Blocked VAs: 
INFO: Running power improvement flow (1)
INFO: place_opt is running with flow.common.io_priority high.
Warning: No clock routing rules were specified. Use set_clock_routing_rules to specify routing rules for accurate clock latency estimation. (OPT-902)
Warning: No clock routing rules were specified. Use set_clock_routing_rules to specify routing rules for accurate clock latency estimation. (OPT-902)
Information: Estimating clock gate latencies for scenario 'default'. (OPT-909)

----------------------------------------------------------------------------------------------------------
Information: Starting place_opt / initial_place (FLW-8000)
Information: Time: 2026-09-26 04:29:13 / Session:  00:00:09 / Command:  00:00:00 / CPU:  00:00:00 / Memory: 565 MB (FLW-8100)
----------------------------------------------------------------------------------------------------------


Information: Starting place_opt / initial_place / Initial Placement (FLW-8000)
Information: Time: 2026-09-26 04:29:13 / Session:  00:00:09 / Command:  00:00:00 / CPU:  00:00:00 / Memory: 565 MB (FLW-8100)
Information: The RC mode used is VR for design 'water_sched'. (NEX-022)
Information: Update timing completed net estimation for all the timing graph nets (TIM-111)
Information: Net estimation statistics: timing graph nets = 615, routed nets = 0, across physical hierarchy nets = 0, parasitics cached nets = 0, delay annotated nets = 0, parasitics annotated nets = 0, multi-voltage nets = 0. (TIM-112)
************************************************************
Timer Settings:
Delay Calculation Style:                   auto
Signal Integrity Analysis:                 disabled
Timing Window Analysis:                    disabled
Advanced Waveform Propagation:             disabled
Variation Type:                            fixed_derate
Clock Reconvergence Pessimism Removal:     disabled
Advanced Receiver Model:                   disabled
LLE:                                       disabled
ML Acceleration:                           off
Smart Arc Optimization:                    disabled
************************************************************
Running merge clock gates
************************************************************
* CTS STEP: Clock Gate Merging
************************************************************
Setting for clock gate merging......
Setting all modes active.
Information: CTS will work on the following scenarios. (CTS-101)
   default	(Mode: default; Corner: default)
Information: CTS will work on all clocks in active scenarios, including 1 master clocks and 0 generated clocks. (CTS-107)
Output units used in this log:
   Time        : 1.00ns
   Resistance  : 1.00MOhm
   Capacitance : 1.00fF
   Power       : 1.00pW
   Length      : 1.00um
Information: Clock derating is enabled

CTS related app options set by user:
   No CTS related app option is set.

Collecting ICGs in clock trees......

Searching for equivalent ICGs......

Merging equivalent ICGs......

Clearing settings of clock gate merging......
Clearing enable all modes setting.

Information: Total 0 ICGs are not considered in merging for reasons: don't touch - 0; fixed - 0; other reasons - 0. (CTS-124)
 - message 'CTS-125' limit is (10).

Information: Total 0 ICGs are unique in the design. (CTS-126)
 - message 'CTS-127' limit is (10).

************************************************************
* CTS STEP: Summary
************************************************************
merge_clock_gates Statistics: Total
    ICG                       0
    Merged                    0
    Survived                  0
    Removed                   0
    ICG at the end            0


Summary of messages during CTS:
===============================================================
  Tag   Count  Type           Description
---------------------------------------------------------------
 No error or warning message.
Number of Site types in the design = 1
Setting up Chip Core
Chip Core shape: (50000 50000) (642800 635200)
Number of VARs = 1
Number of unique PDs = 1
Number of Power Domains = 1
Number of Voltage Areas = 1
Number of supply Nets = 2
Number of used supplies = 0
Blocked VAs: 
INFO: sweep stats: 0 gates / 0 nets gobbled, 0 gates (0 seq) simplified
Running initial placement
----------------------------------------------------------------
running create_placement
Warning: No clock routing rules were specified. Use set_clock_routing_rules to specify routing rules for accurate clock latency estimation. (OPT-902)
CGRW: permuting timing equivalent pins only
Corner Scaling is off, multiplier is 1.000000
Information: timingScenario default timingCorner default.  Using corner default for worst leakage corner. (OPT-078)
nplLib: default vr hor dist = 1525
nplLib: default vr ver dist = 1525
nplLib: default vr buf size = 6
nplLib: default vr buf size = 2
Placer using max_unbuffered_distance = 1525.26
Info: embedded eLpp will optimize for scenario default
Information: Activity propagation will be performed for scenario default.
Information: Doing activity propagation for mode 'default' and corner 'default' with effort level 'medium'. (POW-024)
Information: Timer-derived activity data is cached on scenario default (POW-052)
Information: Running switching activity propagation in scalar mode!

 **** Information : No. of simulation cycles = 7 ****
Info: e-eLpp used with low effort

Placement Options:
Effort:                        high_effort         
Timing Driven:                 true                
Buffering Aware Timing Driven: true                
Seed locs:                     false               
Incremental:                   false               
Congestion:                    false               
Fix Macros:                    true                
Place Macros:                  false               
Channel Size Macros:           false               


Start transferring placement data.
Warning: a large fraction of the nets have zero toggle rate (59.187%)
****** eLpp estimated wire length 
0.596687% of the net wire length are clock nets
0% of the clock net wire length has no activity
Clock net wire length: 728280
Total net wire length: 1.22054e+08
****** eLpp weights (no caps) (no lengths)
Number of nets: 615, of which 614 non-clock nets
Number of nets with 0 toggle rate: 364 (59.187%)
Max toggle rate = 0.2, average toggle rate = 0.00436114
Max non-clock toggle rate = 0.0359933
eLpp weight range = (0, 45.8595)
*** 4 nets are filtered out
****** Net weight manager: report ******
Weights included: eLpp  PostEffort  
Number of nets with non-default weights: 615
Amt power = 0.1
Non-default weight range: (0.9, 9.48595)
                             Min         Max         Avg       Stdev        Skew
       Toggle Rates            0         0.2  0.00436114  0.00997989     12.5284
      Power Weights            0     45.8595           1     2.28837     12.5284
      Final Weights          0.9     9.48595      1.0065    0.369722     19.6743
Information: Automatic repeater spreading is enabled.
Restructuring in 1 hierarchies
CGRW: importing permutable pins & pairs, size 8 and above
Information: Automatic timing control is enabled.
Information: Clock gate latency aware placement is enabled. (PLACE-085)
Using worst RC corner 'default' for buffer aware analysis.
DTDP placement: scenario=default
Factor(0) = 1
Factor(BASE) = 1
skew 0 name=clk included=1
Completed transferring placement data.
Running placement using 1 thread(s)
Information: Enhanced Auto Density Control is used. (PLACE-098)
Information: Enhanced auto density configuration is 13179.
Information: Automatic density control has selected the following settings: max_density 0.60, congestion_driven_max_util 0.87. (PLACE-027)
Information: HFW control 'on' invoked.
Creating placement from scratch.
coarse place 0% done.
Selected 7 sequential cells for slack balancing.
coarse place 13% done.
coarse place 25% done.
coarse place 38% done.
Warning: a large fraction of the nets have zero toggle rate (59.187%)
coarse place 50% done.
Warning: a large fraction of the nets have zero toggle rate (59.187%)
coarse place 63% done.
Warning: a large fraction of the nets have zero toggle rate (59.187%)
coarse place 75% done.
Warning: a large fraction of the nets have zero toggle rate (59.187%)
coarse place 88% done.
Warning: a large fraction of the nets have zero toggle rate (59.187%)
coarse place 100% done.
Information: Coarse placer wire length estimate = 7281.38
Information: Coarse placer active wire length estimate = 129.099
Information: Coarse placer weighted wire length estimate = 11331.9
Information: Extraction observers are detached as design net change threshold is reached.
Stored 0 bounds for preserving balanced registers 
Information: The value of option cts.compile.enable_cell_relocation has been overridden to "leaf_only" to support latency-driven placement. (CTS-973)
Warning: No clock routing rules were specified. Use set_clock_routing_rules to specify routing rules for accurate clock latency estimation. (OPT-902)
Warning: No clock routing rules were specified. Use set_clock_routing_rules to specify routing rules for accurate clock latency estimation. (OPT-902)
Information: Estimating clock gate latencies for scenario 'default'. (OPT-909)
START_CMD: optimize_dft        CPU:     10 s ( 0.00 hr) ELAPSE:     13 s ( 0.00 hr) MEM-PEAK:   633 Mb Sat Sep 26 04:29:16 2026
END_CMD: optimize_dft          CPU:     10 s ( 0.00 hr) ELAPSE:     13 s ( 0.00 hr) MEM-PEAK:   633 Mb Sat Sep 26 04:29:16 2026
----------------------------------------------------------------
Information: Ending   place_opt / initial_place / Initial Placement (FLW-8001)
Information: Time: 2026-09-26 04:29:16 / Session:  00:00:12 / Command:  00:00:03 / CPU:  00:00:03 / Memory: 633 MB (FLW-8100)



Information: Runtime Summary (place_opt / initial_place)  (FLW-9000)
----------------------------------------------------------------------------
    Elapse (Hrs)   Elapse (%)       CPU/Elapse       Category
----------------------------------------------------------------------------
      0.00           99.6%             1.0           Placement 
      0.00            0.3%             1.0           Full Timing Update 
      0.00            0.0%             1.0           DFT Opt 
      0.00            0.0%             0.4           Other 
      0.00            0.0%             0.3           Init 
----------------------------------------------------------------------------
      0.00          100.0%             1.0           Total 
----------------------------------------------------------------------------

Host Options:
-------------
Max cores: 1

Machine Spec:
-------------
12th Gen Intel(R) Core(TM) i5-12400 / 12 CPUs  
Sockets: 1, Cores: 6, HT/SMT, not-VM
----------------------------------------------------------------------------

Information: Ending   place_opt / initial_place (FLW-8001)
Information: Time: 2026-09-26 04:29:16 / Session:  00:00:12 / Command:  00:00:03 / CPU:  00:00:03 / Memory: 633 MB (FLW-8100)

----------------------------------------------------------------------------------------------------------
Information: Starting place_opt / initial_drc (FLW-8000)
Information: Time: 2026-09-26 04:29:16 / Session:  00:00:12 / Command:  00:00:03 / CPU:  00:00:03 / Memory: 633 MB (FLW-8100)
----------------------------------------------------------------------------------------------------------


Information: Starting place_opt / initial_drc / High Fanout Synthesis (FLW-8000)
Information: Time: 2026-09-26 04:29:16 / Session:  00:00:12 / Command:  00:00:03 / CPU:  00:00:03 / Memory: 633 MB (FLW-8100)
Information: The stitching and editing of coupling caps is turned OFF for design 'water_sched_lib:water_sched.design'. (TIM-125)
Information: Design Average RC for design water_sched  (NEX-011)
Information: r = 1.788327 ohm/um, via_r = 0.463479 ohm/cut, c = 0.069155 ff/um, cc = 0.000000 ff/um (X dir) (NEX-017)
Information: r = 1.672017 ohm/um, via_r = 0.578659 ohm/cut, c = 0.078833 ff/um, cc = 0.000000 ff/um (Y dir) (NEX-017)
Information: The RC mode used is VR for design 'water_sched'. (NEX-022)
Information: Update timing completed net estimation for all the timing graph nets (TIM-111)
Information: Net estimation statistics: timing graph nets = 615, routed nets = 0, across physical hierarchy nets = 0, parasitics cached nets = 615, delay annotated nets = 0, parasitics annotated nets = 0, multi-voltage nets = 0. (TIM-112)
Running initial HFS and DRC step.
Information: Initializing classic cellmap without advanced rules enabled and without PDC enabled
Information: The following app options are used in cellmap
        place.legalize.enable_color_aware_placement : false
        place.legalize.use_nll_query_cm : false
        place.legalize.enable_advanced_legalizer : false
        place.legalize.enable_prerouted_net_check : true
        place.legalize.enable_advanced_prerouted_net_check : false
        place.legalize.always_continue : true
        place.legalize.limit_legality_checks : false
        place.common.pnet_aware_density : 1.0000
        place.common.pnet_aware_min_width : 0.0000
        place.common.pnet_aware_layers : {}
        place.common.use_placement_model : false
        place.common.enable_advanced_placement_model : true
        cts.placement.cell_spacing_rule_style : maximum
Total 0.0184 seconds to build cellmap data
INFO: creating 9(r) x 9(c) GridCells YDim 8.36 XDim 8.36
INFO: number of GridCells (water_sched): 81
INFO: creating 9(r) x 9(c) GridCells YDim 8.36 XDim 8.36
INFO: number of GridCells (water_sched): 81
Total 0.0034 seconds to load 548 cell instances into cellmap, 548 cells are off site row
Moveable cells: 548; Application fixed cells: 0; Macro cells: 0; User fixed cells: 0
Average cell width 1.9194, cell height 1.6720, cell area 3.2093 for total 548 placed and application fixed cells
Information: Current block utilization is '0.50700', effective utilization is '0.50696'. (OPT-055)

    Scenario default  WNS = 0.000000, TNS = 0.000000, NVP = 0

     ELAPSED  WORST NEG TOTAL NEG              MAX       MAX     BUFFER    INVERTER   LVTH      LVTH      PEAK   
      TIME      SLACK     SLACK     AREA    TRAN COST CAP COST    COUNT     COUNT     COUNT    PERCENT   MEMORY  
    --------- --------- --------- --------- --------- --------- --------- --------- --------- --------- ---------
      0:00:13     0.000     0.000  1758.676     0.000    42.444         2       108         0     0.000       633 


    Processing cells .....10%.....20%.....30%.....40%.....50%.....60%.....70%.....80%.....90%.....100%
INFO: sweep stats: 0 gates / 2 nets gobbled, 0 gates (0 seq) simplified
Isolated 0 ports, skipped 0 ports
Already Isolated 0 ports, Deleted 0 existing Isolation cells 

    Processing cells .....10%.....20%.....30%.....40%.....50%.....60%.....70%.....80%.....90%.....100%

    Scenario default  WNS = 0.000000, TNS = 0.000000, NVP = 0

     ELAPSED  WORST NEG TOTAL NEG              MAX       MAX     BUFFER    INVERTER   LVTH      LVTH      PEAK   
      TIME      SLACK     SLACK     AREA    TRAN COST CAP COST    COUNT     COUNT     COUNT    PERCENT   MEMORY  
    --------- --------- --------- --------- --------- --------- --------- --------- --------- --------- ---------
      0:00:13     0.000     0.000  1758.676     0.000    42.444         2       108         0     0.000       633 

Corner Scaling is off, multiplier is 1.000000

    Scenario default  WNS = 0.000000, TNS = 0.000000, NVP = 0
    Scenario default  WNHS = 0.000000, TNHS = 0.000000, NHVP = 0

     ELAPSED  WORST NEG TOTAL NEG              MAX       MAX     BUFFER    INVERTER   LVTH      LVTH      PEAK     MIN DELAY 
      TIME      SLACK     SLACK     AREA    TRAN COST CAP COST    COUNT     COUNT     COUNT    PERCENT   MEMORY       COST   
    --------- --------- --------- --------- --------- --------- --------- --------- --------- --------- --------- -----------
      0:00:13     0.000     0.000  1758.676     0.000    42.444         2       108         0     0.000       633     0.201

Information: timingScenario default timingCorner default.  Using corner default for worst leakage corner. (OPT-078)
Information: Nominal = 0.0729227  Design MT = 0.500000  Target = 0.3175879  MaxRC = 0.218826 Fast Target = 0.105253 (OPT-081)
Collecting Drivers ...  
Design max_transition = 0.500
Design max_capacitance = inf
Using layer M4 for buffering distances in roi (originally M4)
GRE layer bins: None, M2
Running clock data isolation flow.
Found 0 buffer-tree drivers
No violators found
Running tristate isolation flow.
TSI: added 0 repeaters
Running mv isolation flow.
Found 0 buffer-tree drivers
No violators found
Found 13 buffer-tree drivers

Roi-HfsDrc SN: 1798569713 435980330 0 67108865 (1823.017334)

Processing Buffer Trees  (ROI) ... 

    [2]  10% ...
    [4]  20% ...
    [6]  30% ...
    [8]  40% ...
    [10]  50% ...
    [12]  60% ...
    [13] 100% Done

                  Deleted        Added
------------ ------------ ------------
    Buffers:            2           16
  Inverters:           10           10
------------ ------------ ------------
      Total:           12           26
------------ ------------ ------------

Number of Drivers Sized: 1 [7.69%]

                      P: 1 [7.69%]
                      N: 0 [0.00%]

Zbuf-RUNTIME (Hr:Min:Sec)  CPU 0 hr : 0 min : 0.13 sec ELAPSE 0 hr : 0 min : 0.13 sec
Zbuf-RUNTIME         (Min) CPU 0 min ELAPSE 0 min
ZBuf-MEM(max-mem) total 648356 K / inuse 569788 K
Information: The net parasitics of block water_sched are cleared. (TIM-123)
Information: The stitching and editing of coupling caps is turned OFF for design 'water_sched_lib:water_sched.design'. (TIM-125)
Information: Design Average RC for design water_sched  (NEX-011)
Information: r = 1.788258 ohm/um, via_r = 0.463390 ohm/cut, c = 0.069184 ff/um, cc = 0.000000 ff/um (X dir) (NEX-017)
Information: r = 1.672017 ohm/um, via_r = 0.578659 ohm/cut, c = 0.078863 ff/um, cc = 0.000000 ff/um (Y dir) (NEX-017)
Information: The RC mode used is VR for design 'water_sched'. (NEX-022)
Information: Update timing completed net estimation for all the timing graph nets (TIM-111)
Information: Net estimation statistics: timing graph nets = 629, routed nets = 0, across physical hierarchy nets = 0, parasitics cached nets = 629, delay annotated nets = 0, parasitics annotated nets = 0, multi-voltage nets = 0. (TIM-112)

    Scenario default  WNS = 0.000000, TNS = 0.000000, NVP = 0

     ELAPSED  WORST NEG TOTAL NEG              MAX       MAX     BUFFER    INVERTER   LVTH      LVTH      PEAK   
      TIME      SLACK     SLACK     AREA    TRAN COST CAP COST    COUNT     COUNT     COUNT    PERCENT   MEMORY  
    --------- --------- --------- --------- --------- --------- --------- --------- --------- --------- ---------
      0:00:13     0.000     0.000  1800.356     0.000     0.000        16       108         0     0.000       633 


    Scenario default  WNS = 0.000000, TNS = 0.000000, NVP = 0

     ELAPSED  WORST NEG TOTAL NEG              MAX       MAX     BUFFER    INVERTER   LVTH      LVTH      PEAK   
      TIME      SLACK     SLACK     AREA    TRAN COST CAP COST    COUNT     COUNT     COUNT    PERCENT   MEMORY  
    --------- --------- --------- --------- --------- --------- --------- --------- --------- --------- ---------
      0:00:13     0.000     0.000  1800.356     0.000     0.000        16       108         0     0.000       633 

Information: Ending   place_opt / initial_drc / High Fanout Synthesis (FLW-8001)
Information: Time: 2026-09-26 04:29:16 / Session:  00:00:13 / Command:  00:00:03 / CPU:  00:00:03 / Memory: 633 MB (FLW-8100)



INFO: sweep stats: 0 gates / 0 nets gobbled, 0 gates (0 seq) simplified


Information: Runtime Summary (place_opt / initial_drc)  (FLW-9000)
----------------------------------------------------------------------------
    Elapse (Hrs)   Elapse (%)       CPU/Elapse       Category
----------------------------------------------------------------------------
      0.00           85.5%             1.0           LDRC 
      0.00           14.5%             1.0           Other 
      0.00            0.0%             0.9           RC Refresh 
      0.00            0.0%             0.5           Init 
----------------------------------------------------------------------------
      0.00          100.0%             1.0           Total 
----------------------------------------------------------------------------

Host Options:
-------------
Max cores: 1

Machine Spec:
-------------
12th Gen Intel(R) Core(TM) i5-12400 / 12 CPUs  
Sockets: 1, Cores: 6, HT/SMT, not-VM
----------------------------------------------------------------------------

Information: Ending   place_opt / initial_drc (FLW-8001)
Information: Time: 2026-09-26 04:29:16 / Session:  00:00:13 / Command:  00:00:03 / CPU:  00:00:03 / Memory: 633 MB (FLW-8100)
INFO: Start environment monitoring: UCF
Information: Enabling runtime flow for U-2022 (FLW-3600)
INFO: place_opt is running in balanced flow mode.
INFO: EIO v6 - EPO v3 - Cost Function Configuration 0.5/0.5/0.5/0.5
Warning: Command 'report_tbcs' is disabled. (CMD-080)
INFO: Start environment monitoring: recipes
Information: Enabling runtime flow for U-2022 (FLW-3600)
INFO: place_opt is running in balanced flow mode.
INFO: EIO v6 - EPO v3 - Cost Function Configuration 0.5/0.5/0.5/0.5
Information: The automatic clock gate timing flow is activated. Clock latencies set on clock gate cells will be automatically adjusted by an estimate for latency. (CGT-4005)
Information: Change threshold for extractor is reset. (FLW-1300)
Information: The stitching and editing of coupling caps is turned OFF for design 'water_sched_lib:water_sched.design'. (TIM-125)
Warning: Previously executed stage '' may be unexpected for the current flow stage 'initial_opto' (FLW-5561)
Information: The net parasitics of block water_sched are cleared. (TIM-123)
Information: Timer using 1 threads
INFO: place_opt is running in balanced flow mode
Warning: Power app option opt.power.effort has been deprecated. Please remove it from your script. (OPT-035)
INFO: Leakage Power Aware Optimization Enabled
Timing Update Started(Full_timing_update) : updateCount: 1 / Mem-peak : 655 MB / Date: Sat Sep 26 04:29:19 2026

Warning: Corner default:  0 process number, 1 process label, 0 voltage, and 0 temperature mismatches. (PVT-030)
Warning: 562 cells affected for early, 562 for late. (PVT-031)
Warning: 0 port driving_cells affected for early, 0 for late. (PVT-034)
Timing Update Completed: Mem-peak: 655 MB / Date: Sat Sep 26 04:29:19 2026

Information: The automatic clock gate timing flow is activated. Clock latencies set on clock gate cells will be automatically adjusted by an estimate for latency. (CGT-4005)
INFO: compile_fusion is running with flow.common.io_priority high.
INFO: disable CRPR-based timing. 
Information: The stitching and editing of coupling caps is turned OFF for design 'water_sched_lib:water_sched.design'. (TIM-125)
Number of Site types in the design = 1
Setting up Chip Core
Chip Core shape: (50000 50000) (642800 635200)
Number of VARs = 1
Number of unique PDs = 1
Number of Power Domains = 1
Number of Voltage Areas = 1
Number of supply Nets = 2
Number of used supplies = 0
Blocked VAs: 

************************************************************
Timer Settings:
Delay Calculation Style:                   auto
Signal Integrity Analysis:                 disabled
Timing Window Analysis:                    disabled
Advanced Waveform Propagation:             disabled
Variation Type:                            fixed_derate
Clock Reconvergence Pessimism Removal:     disabled
Advanced Receiver Model:                   disabled
LLE:                                       disabled
ML Acceleration:                           off
Smart Arc Optimization:                    disabled
************************************************************
Info: update em.
Information: The netlist change observers are disabled for incremental extraction. (TIM-126)
INFO: using 1 threads
Information: Activity propagation will be performed for scenario default.
Information: Doing activity propagation for mode 'default' and corner 'default' with effort level 'medium'. (POW-024)
Information: Timer-derived activity data is cached on scenario default (POW-052)
Information: Running switching activity propagation in scalar mode!

 **** Information : No. of simulation cycles = 7 ****
Information: The netlist change observers are enabled for incremental extraction. (TIM-127)


Information: Initializing classic cellmap without advanced rules enabled and without PDC enabled
Information: The following app options are used in cellmap
        place.legalize.enable_color_aware_placement : false
        place.legalize.use_nll_query_cm : false
        place.legalize.enable_advanced_legalizer : false
        place.legalize.enable_prerouted_net_check : false
        place.legalize.enable_advanced_prerouted_net_check : false
        place.legalize.always_continue : true
        place.legalize.limit_legality_checks : false
        place.common.pnet_aware_density : 1.0000
        place.common.pnet_aware_min_width : 0.0000
        place.common.pnet_aware_layers : {}
        place.common.use_placement_model : false
        place.common.enable_advanced_placement_model : true
        cts.placement.cell_spacing_rule_style : maximum
Total 0.0085 seconds to build cellmap data
INFO: creating 14(r) x 14(c) GridCells YDim 5.016 XDim 5.016
INFO: number of GridCells (water_sched): 196
INFO: creating 14(r) x 14(c) GridCells YDim 5.016 XDim 5.016
INFO: number of GridCells (water_sched): 196
Total 0.0033 seconds to load 562 cell instances into cellmap, 536 cells are off site row
Moveable cells: 562; Application fixed cells: 0; Macro cells: 0; User fixed cells: 0
Average cell width 1.9160, cell height 1.6720, cell area 3.2035 for total 562 placed and application fixed cells



Disable clock slack update for ideal clocks
Place-opt optimization Phase 2 Iter  1          0.00        0.00      0.00         0       1792.99  31006820.00         562              0.01       832
Warning: Restoring scoped app option 'ropt.rbuf_subtree_crit_range' to original value 'unset' (from current value '-1', which is different from the scoped value '-1.0'). (FLW-2892)

Disable clock slack update for ideal clocks
Corner Scaling is off, multiplier is 1.000000
Place-opt optimization Phase 3 Iter  1          0.00        0.00      0.00         0       1792.99  31006820.00         562              0.01       865
Warning: Restoring scoped app option 'ropt.rbuf_subtree_crit_range' to original value 'unset' (from current value '-1', which is different from the scoped value '-1.0'). (FLW-2892)


Disable clock slack update for ideal clocks
Place-opt optimization Phase 1 Iter  1          0.00        0.00      0.00         0       1792.99  31006820.00         562              0.01       885
Warning: Restoring scoped app option 'ropt.rbuf_subtree_crit_range' to original value 'unset' (from current value '-1', which is different from the scoped value '-1.0'). (FLW-2892)
Information: DesignWare Summary. (DWS-3518)
-----------------
 Content Summary 
-----------------



Refreshing optGlobal after filter change.




Information: Initializing classic cellmap without advanced rules enabled and without PDC enabled
Information: The following app options are used in cellmap
        place.legalize.enable_color_aware_placement : false
        place.legalize.use_nll_query_cm : false
        place.legalize.enable_advanced_legalizer : false
        place.legalize.enable_prerouted_net_check : false
        place.legalize.enable_advanced_prerouted_net_check : false
        place.legalize.always_continue : true
        place.legalize.limit_legality_checks : false
        place.common.pnet_aware_density : 1.0000
        place.common.pnet_aware_min_width : 0.0000
        place.common.pnet_aware_layers : {}
        place.common.use_placement_model : false
        place.common.enable_advanced_placement_model : true
        cts.placement.cell_spacing_rule_style : maximum
Total 0.0089 seconds to build cellmap data
INFO: creating 14(r) x 14(c) GridCells YDim 5.016 XDim 5.016
INFO: number of GridCells (water_sched): 196
INFO: creating 14(r) x 14(c) GridCells YDim 5.016 XDim 5.016
INFO: number of GridCells (water_sched): 196
Total 0.0034 seconds to load 562 cell instances into cellmap, 536 cells are off site row
Moveable cells: 562; Application fixed cells: 0; Macro cells: 0; User fixed cells: 0
Average cell width 1.9081, cell height 1.6720, cell area 3.1904 for total 562 placed and application fixed cells
Place-opt optimization Phase 11 Iter  1         0.00        0.00      0.00         0       1792.99  31006820.00         562              0.01       885
Warning: No tie cell is available for constant fixing. (OPT-200)

Place-opt optimization Phase 12 Iter  1         0.00        0.00      0.00         0       1792.99  31006820.00         562              0.01       885
Isolated 0 ports, skipped 0 ports
Already Isolated 0 ports, Deleted 0 existing Isolation cells 

Place-opt optimization Phase 13 Iter  1         0.00        0.00      0.00         0       1792.99  31006820.00         562              0.01       885

Multi-thread GR for layer opto ...
INFO: wire-opt feature for router enabled
Start Global Route ... 
[Init] Elapsed real time: 0:00:00 
[Init] Elapsed cpu  time: sys=0:00:00 usr=0:00:00 total=0:00:00
[Init] Stage (MB): Used    0  Alloctr    0  Proc    0 
[Init] Total (MB): Used    0  Alloctr    0  Proc 4908 
Printing options for 'route.common.*'

Printing options for 'route.global.*'
global.deterministic                                    :	 on                  
global.timing_driven                                    :	 false               

Begin global routing.
Warning: Cell contains tie connections which are not connected to real PG. (ZRT-511)
NEX(Warning): extract.rc_techfile_for_diode_mode_26_thickness not set, will igonre it
Cell Min-Routing-Layer = M1
Cell Max-Routing-Layer = MRDL
Turn off antenna since no rule is specified
Information: Option route.detail.force_end_on_preferred_grid will be ignored since none of the layers have preferred grid. (ZRT-703)
Warning: Cannot find a default contact code for layer CO. (ZRT-022)
Info: number of net_type_blockage: 0 
Information: Via ladder engine would be activated for pattern must join connection in certain commands. Please refer to man-page for the command list. (ZRT-619)
Information: AutoNdr rule can't be found. Check the settings.
Information: When applicable Min-max layer allow_pin_connection mode will allow paths of length 3.55 outside the layer range. (ZRT-707)
Information: When applicable Min-max layer allow_pin_connection mode will allow paths of length 3.55 outside the layer range on clock nets. (ZRT-718)
Information: When applicable layer based tapering will taper up to 0.00 in distance from the pin. (ZRT-706)
Warning: Cell U297 is placed overlapping with other cells at {{29.321 8.302} {30.537 9.974}}. (ZRT-763)
Current Stage stats:
[End of Read DB] Elapsed real time: 0:00:00 
[End of Read DB] Elapsed cpu  time: sys=0:00:00 usr=0:00:00 total=0:00:00
[End of Read DB] Stage (MB): Used    0  Alloctr    0  Proc    6 
[End of Read DB] Total (MB): Used    0  Alloctr    0  Proc 4914 
Constructing data structure ...
Design statistics:
Design Bounding Box (0.00um,0.00um,69.28um,68.52um)
Number of routing layers = 10
layer M1, dir Hor, min width = 0.05um, min space = 0.05um pitch = 0.152um
layer M2, dir Ver, min width = 0.056um, min space = 0.056um pitch = 0.152um
layer M3, dir Hor, min width = 0.056um, min space = 0.056um pitch = 0.304um
layer M4, dir Ver, min width = 0.056um, min space = 0.056um pitch = 0.304um
layer M5, dir Hor, min width = 0.056um, min space = 0.056um pitch = 0.608um
layer M6, dir Ver, min width = 0.056um, min space = 0.056um pitch = 0.608um
layer M7, dir Hor, min width = 0.056um, min space = 0.056um pitch = 1.216um
layer M8, dir Ver, min width = 0.056um, min space = 0.056um pitch = 1.216um
layer M9, dir Hor, min width = 0.16um, min space = 0.16um pitch = 2.432um
layer MRDL, dir Ver, min width = 2um, min space = 2um pitch = 4.864um
Current Stage stats:
[End of Build Tech Data] Elapsed real time: 0:00:00 
[End of Build Tech Data] Elapsed cpu  time: sys=0:00:00 usr=0:00:00 total=0:00:00
[End of Build Tech Data] Stage (MB): Used    0  Alloctr    0  Proc    0 
[End of Build Tech Data] Total (MB): Used    0  Alloctr    0  Proc 4914 
Net statistics:
Total number of nets     = 630
Number of nets to route  = 627
Number of single or zero port nets = 1
629 open nets
 of which 628 are without routing or PSV shapes
1 nets are fully connected,
 of which 1 are detail routed and 0 are global routed.
Current Stage stats:
[End of Build All Nets] Elapsed real time: 0:00:00 
[End of Build All Nets] Elapsed cpu  time: sys=0:00:00 usr=0:00:00 total=0:00:00
[End of Build All Nets] Stage (MB): Used    0  Alloctr    0  Proc    2 
[End of Build All Nets] Total (MB): Used    0  Alloctr    0  Proc 4916 
Net length statistics: 
Net Count(Ignore Fully Rted) 628, Total Half Perimeter Wire Length (HPWL) 7635 microns
HPWL   0 ~   50 microns: Net Count      607	Total HPWL         5994 microns
HPWL  50 ~  100 microns: Net Count       19	Total HPWL         1416 microns
HPWL 100 ~  200 microns: Net Count        2	Total HPWL          224 microns
HPWL 200 ~  300 microns: Net Count        0	Total HPWL            0 microns
HPWL 300 ~  400 microns: Net Count        0	Total HPWL            0 microns
HPWL 400 ~  500 microns: Net Count        0	Total HPWL            0 microns
HPWL 500 ~  600 microns: Net Count        0	Total HPWL            0 microns
HPWL 600 ~  700 microns: Net Count        0	Total HPWL            0 microns
HPWL 700 ~  800 microns: Net Count        0	Total HPWL            0 microns
HPWL 800 ~  900 microns: Net Count        0	Total HPWL            0 microns
HPWL 900 ~ 1000 microns: Net Count        0	Total HPWL            0 microns
HPWL     > 1000 microns: Net Count        0	Total HPWL            0 microns
Number of partitions: 1 (1 x 1)
Size of partitions: 41 gCells x 41 gCells
Average gCell capacity  5.30	 on layer (1)	 M1
Average gCell capacity  11.02	 on layer (2)	 M2
Average gCell capacity  5.42	 on layer (3)	 M3
Average gCell capacity  5.51	 on layer (4)	 M4
Average gCell capacity  2.71	 on layer (5)	 M5
Average gCell capacity  2.76	 on layer (6)	 M6
Average gCell capacity  1.34	 on layer (7)	 M7
Average gCell capacity  1.37	 on layer (8)	 M8
Average gCell capacity  0.66	 on layer (9)	 M9
Average gCell capacity  0.32	 on layer (10)	 MRDL
Average number of tracks per gCell 11.02	 on layer (1)	 M1
Average number of tracks per gCell 11.12	 on layer (2)	 M2
Average number of tracks per gCell 5.54	 on layer (3)	 M3
Average number of tracks per gCell 5.59	 on layer (4)	 M4
Average number of tracks per gCell 2.80	 on layer (5)	 M5
Average number of tracks per gCell 2.83	 on layer (6)	 M6
Average number of tracks per gCell 1.44	 on layer (7)	 M7
Average number of tracks per gCell 1.44	 on layer (8)	 M8
Average number of tracks per gCell 0.73	 on layer (9)	 M9
Average number of tracks per gCell 0.37	 on layer (10)	 MRDL
Number of gCells = 16810
Current Stage stats:
[End of Build Congestion Map] Elapsed real time: 0:00:00 
[End of Build Congestion Map] Elapsed cpu  time: sys=0:00:00 usr=0:00:00 total=0:00:00
[End of Build Congestion Map] Stage (MB): Used    0  Alloctr    0  Proc    0 
[End of Build Congestion Map] Total (MB): Used    0  Alloctr    0  Proc 4917 
Current Stage stats:
[End of Add Nets Demand] Elapsed real time: 0:00:00 
[End of Add Nets Demand] Elapsed cpu  time: sys=0:00:00 usr=0:00:00 total=0:00:00
[End of Add Nets Demand] Stage (MB): Used    0  Alloctr    0  Proc    0 
[End of Add Nets Demand] Total (MB): Used    0  Alloctr    0  Proc 4917 
Number of user frozen nets = 0
Total stats:
[End of Build Data] Elapsed real time: 0:00:00 
[End of Build Data] Elapsed cpu  time: sys=0:00:00 usr=0:00:00 total=0:00:00
[End of Build Data] Stage (MB): Used    0  Alloctr    0  Proc    2 
[End of Build Data] Total (MB): Used    0  Alloctr    0  Proc 4917 
Number of partitions: 1 (1 x 1)
Size of partitions: 41 gCells x 41 gCells
Current Stage stats:
[End of Blocked Pin Detection] Elapsed real time: 0:00:00 
[End of Blocked Pin Detection] Elapsed cpu  time: sys=0:00:00 usr=0:00:00 total=0:00:00
[End of Blocked Pin Detection] Stage (MB): Used    0  Alloctr    0  Proc  107 
[End of Blocked Pin Detection] Total (MB): Used    0  Alloctr    0  Proc 5024 
Information: Using 1 threads for routing. (ZRT-444)
Information: Placement fast mode ON
Information: Multiple gcell levels ON
Information: Buffer distance is estimated to be ~862.0000um (515 gCells)

Start GR phase 0
Number of partitions: 1 (1 x 1)
Size of partitions: 41 gCells x 41 gCells
[rtAllBotParts] Elapsed real time: 0:00:00 
[rtAllBotParts] Elapsed cpu  time: sys=0:00:00 usr=0:00:00 total=0:00:00
[rtTop] Elapsed real time: 0:00:00 
[rtTop] Elapsed cpu  time: sys=0:00:00 usr=0:00:00 total=0:00:00
Current Stage stats:
[End of Initial Routing] Elapsed real time: 0:00:00 
[End of Initial Routing] Elapsed cpu  time: sys=0:00:00 usr=0:00:00 total=0:00:00
[End of Initial Routing] Stage (MB): Used    0  Alloctr    0  Proc    1 
[End of Initial Routing] Total (MB): Used    0  Alloctr    0  Proc 5026 
Initial. Routing result:
Initial. Both Dirs: Dmd-Cap  =     0 Max = 0 GRCs =     0 (0.00%)
Initial. H routing: Dmd-Cap  =     0 Max = 0 (GRCs =  0) GRCs =     0 (0.00%)
Initial. V routing: Dmd-Cap  =     0 Max = 0 (GRCs =  0) GRCs =     0 (0.00%)
Initial. Both Dirs: Overflow =     7 Max = 3 GRCs =    12 (0.36%)
Initial. H routing: Overflow =     4 Max = 2 (GRCs =  1) GRCs =    11 (0.65%)
Initial. V routing: Overflow =     2 Max = 3 (GRCs =  1) GRCs =     1 (0.06%)
Initial. M1         Overflow =     1 Max = 1 (GRCs =  2) GRCs =     2 (0.12%)
Initial. M2         Overflow =     2 Max = 3 (GRCs =  1) GRCs =     1 (0.06%)
Initial. M3         Overflow =     3 Max = 2 (GRCs =  1) GRCs =     9 (0.54%)
Initial. M4         Overflow =     0 Max = 0 (GRCs =  0) GRCs =     0 (0.00%)
Initial. M5         Overflow =     0 Max = 0 (GRCs =  0) GRCs =     0 (0.00%)
Initial. M6         Overflow =     0 Max = 0 (GRCs =  0) GRCs =     0 (0.00%)
Initial. M7         Overflow =     0 Max = 0 (GRCs =  0) GRCs =     0 (0.00%)
Initial. M8         Overflow =     0 Max = 0 (GRCs =  0) GRCs =     0 (0.00%)
Initial. M9         Overflow =     0 Max = 0 (GRCs =  0) GRCs =     0 (0.00%)
Initial. MRDL       Overflow =     0 Max = 0 (GRCs =  0) GRCs =     0 (0.00%)

Initial. Total Wire Length = 7565.64
Initial. Layer M1 wire length = 626.11
Initial. Layer M2 wire length = 3699.29
Initial. Layer M3 wire length = 3224.39
Initial. Layer M4 wire length = 4.32
Initial. Layer M5 wire length = 11.53
Initial. Layer M6 wire length = 0.00
Initial. Layer M7 wire length = 0.00
Initial. Layer M8 wire length = 0.00
Initial. Layer M9 wire length = 0.00
Initial. Layer MRDL wire length = 0.00
Initial. Total Number of Contacts = 2986
Initial. Via VIA12SQ_C count = 1812
Initial. Via VIA23SQ_C count = 1168
Initial. Via VIA34SQ_C count = 4
Initial. Via VIA45SQ_C count = 2
Initial. Via VIA56SQ_C count = 0
Initial. Via VIA67SQ_C count = 0
Initial. Via VIA78SQ_C count = 0
Initial. Via VIA89_C count = 0
Initial. Via VIA9RDL count = 0
Initial. completed.

Start GR phase 1
Sat Sep 26 04:29:23 2026
Number of partitions: 1 (1 x 1)
Size of partitions: 41 gCells x 41 gCells
[rtAllParts] Elapsed real time: 0:00:00 
[rtAllParts] Elapsed cpu  time: sys=0:00:00 usr=0:00:00 total=0:00:00
[updNetsDmd] Elapsed real time: 0:00:00 
[updNetsDmd] Elapsed cpu  time: sys=0:00:00 usr=0:00:00 total=0:00:00
Current Stage stats:
[End of Phase1 Routing] Elapsed real time: 0:00:00 
[End of Phase1 Routing] Elapsed cpu  time: sys=0:00:00 usr=0:00:00 total=0:00:00
[End of Phase1 Routing] Stage (MB): Used    0  Alloctr    0  Proc    0 
[End of Phase1 Routing] Total (MB): Used    0  Alloctr    0  Proc 5026 
phase1. Routing result:
phase1. Both Dirs: Dmd-Cap  =     0 Max = 0 GRCs =     0 (0.00%)
phase1. H routing: Dmd-Cap  =     0 Max = 0 (GRCs =  0) GRCs =     0 (0.00%)
phase1. V routing: Dmd-Cap  =     0 Max = 0 (GRCs =  0) GRCs =     0 (0.00%)
phase1. Both Dirs: Overflow =     0 Max = 1 GRCs =     1 (0.03%)
phase1. H routing: Overflow =     0 Max = 1 (GRCs =  1) GRCs =     1 (0.06%)
phase1. V routing: Overflow =     0 Max = 0 (GRCs =  0) GRCs =     0 (0.00%)
phase1. M1         Overflow =     0 Max = 1 (GRCs =  1) GRCs =     1 (0.06%)
phase1. M2         Overflow =     0 Max = 0 (GRCs =  0) GRCs =     0 (0.00%)
phase1. M3         Overflow =     0 Max = 0 (GRCs =  0) GRCs =     0 (0.00%)
phase1. M4         Overflow =     0 Max = 0 (GRCs =  0) GRCs =     0 (0.00%)
phase1. M5         Overflow =     0 Max = 0 (GRCs =  0) GRCs =     0 (0.00%)
phase1. M6         Overflow =     0 Max = 0 (GRCs =  0) GRCs =     0 (0.00%)
phase1. M7         Overflow =     0 Max = 0 (GRCs =  0) GRCs =     0 (0.00%)
phase1. M8         Overflow =     0 Max = 0 (GRCs =  0) GRCs =     0 (0.00%)
phase1. M9         Overflow =     0 Max = 0 (GRCs =  0) GRCs =     0 (0.00%)
phase1. MRDL       Overflow =     0 Max = 0 (GRCs =  0) GRCs =     0 (0.00%)

phase1. Total Wire Length = 7578.35
phase1. Layer M1 wire length = 649.78
phase1. Layer M2 wire length = 3707.48
phase1. Layer M3 wire length = 3200.45
phase1. Layer M4 wire length = 4.32
phase1. Layer M5 wire length = 16.32
phase1. Layer M6 wire length = 0.00
phase1. Layer M7 wire length = 0.00
phase1. Layer M8 wire length = 0.00
phase1. Layer M9 wire length = 0.00
phase1. Layer MRDL wire length = 0.00
phase1. Total Number of Contacts = 2989
phase1. Via VIA12SQ_C count = 1821
phase1. Via VIA23SQ_C count = 1158
phase1. Via VIA34SQ_C count = 6
phase1. Via VIA45SQ_C count = 4
phase1. Via VIA56SQ_C count = 0
phase1. Via VIA67SQ_C count = 0
phase1. Via VIA78SQ_C count = 0
phase1. Via VIA89_C count = 0
phase1. Via VIA9RDL count = 0
phase1. completed.
[End of Whole Chip Routing] Elapsed real time: 0:00:00 
[End of Whole Chip Routing] Elapsed cpu  time: sys=0:00:00 usr=0:00:00 total=0:00:00
[End of Whole Chip Routing] Stage (MB): Used    0  Alloctr    0  Proc  111 
[End of Whole Chip Routing] Total (MB): Used    0  Alloctr    0  Proc 5026 

Congestion utilization per direction:
Average vertical track utilization   =  9.73 %
Peak    vertical track utilization   = 45.00 %
Average horizontal track utilization = 10.85 %
Peak    horizontal track utilization = 58.33 %

[End of Global Routing] Elapsed real time: 0:00:00 
[End of Global Routing] Elapsed cpu  time: sys=0:00:00 usr=0:00:00 total=0:00:00
[End of Global Routing] Stage (MB): Used    0  Alloctr    0  Proc  111 
[End of Global Routing] Total (MB): Used    0  Alloctr    0  Proc 5026 
Writing out congestion map...
Updating congestion ...
Updating congestion ...
[End of dbOut] Elapsed real time: 0:00:00 
[End of dbOut] Elapsed cpu  time: sys=0:00:00 usr=0:00:00 total=0:00:00
[End of dbOut] Stage (MB): Used    0  Alloctr    0  Proc    0 
[End of dbOut] Total (MB): Used    0  Alloctr    0  Proc 5026 
{_snps_autoNdr_delay_1w3s}
Place-opt optimization Phase 14 Iter  1         0.00        0.00      0.00         0       1792.99  31006820.00         562              0.01      1003
Number of Site types in the design = 1
INFO: Skipping activation of hold scenarios prior to CUS.
Information: The value of option cts.compile.enable_cell_relocation has been overridden to "leaf_only" to support latency-driven placement. (CTS-973)
Information: CTS will work on the following scenarios. (CTS-101)
Information: CTS will work on all clocks in active scenarios, including 1 master clocks and 0 generated clocks. (CTS-107)
Information: 'default' is identified as primary corner for initial clock tree building. (CTS-103)
CCD app option: ccd.targeted_ccd_path_groups:  **clock_gating_default**
Target path group: scenario default pathgroup **clock_gating_default**
Information: CCD will use corner default for honoring max prepone/postpone limits

Summary of messages during CTS:
===============================================================
  Tag   Count  Type           Description
---------------------------------------------------------------
 No error or warning message.
Information: The value of option cts.compile.enable_cell_relocation has been overridden to "leaf_only" to support latency-driven placement. (CTS-973)
Warning: No clock routing rules were specified. Use set_clock_routing_rules to specify routing rules for accurate clock latency estimation. (OPT-902)
Warning: No clock routing rules were specified. Use set_clock_routing_rules to specify routing rules for accurate clock latency estimation. (OPT-902)
Information: Estimating clock gate latencies for scenario 'default'. (OPT-909)
INFO: Skipping deactivation of hold scenarios after CUS.
Number of Site types in the design = 1
Disable clock slack update for ideal clocks
Place-opt optimization Phase 14 Iter  2         0.00        0.00      0.00         0       1792.99  31006820.00         562              0.01      1003
Warning: Restoring scoped app option 'ropt.rbuf_subtree_crit_range' to original value 'unset' (from current value '-1', which is different from the scoped value '-1.0'). (FLW-2892)
Disable clock slack update for ideal clocks
bmap: stepx = stepy = 83600
creating bmap
DB units per micron : 10000
Place-opt optimization Phase 14 Iter  3         0.00        0.00      0.00         0       1792.99  31006820.00         562              0.01      1003
Warning: Restoring scoped app option 'ropt.rbuf_subtree_crit_range' to original value 'unset' (from current value '-1', which is different from the scoped value '-1.0'). (FLW-2892)
Place-opt optimization Phase 14 Iter  4         0.00        0.00      0.00         0       1792.99  31006820.00         562              0.01      1003
Place-opt optimization Phase 14 Iter  5         0.00        0.00      0.00         0       1792.99  31006820.00         562              0.01      1003
Place-opt optimization Phase 14 Iter  6         0.00        0.00      0.00         0       1792.99  31006820.00         562              0.01      1003

Disable clock slack update for ideal clocks
Place-opt optimization Phase 15 Iter  1         0.00        0.00      0.00         0       1792.99  31006820.00         562              0.01      1003
Warning: Restoring scoped app option 'ropt.rbuf_subtree_crit_range' to original value 'unset' (from current value '-1', which is different from the scoped value '-1.0'). (FLW-2892)
Disable clock slack update for ideal clocks
Place-opt optimization Phase 15 Iter  2         0.00        0.00      0.00         0       1792.99  31006820.00         562              0.01      1003
Warning: Restoring scoped app option 'ropt.rbuf_subtree_crit_range' to original value 'unset' (from current value '-1', which is different from the scoped value '-1.0'). (FLW-2892)
Place-opt optimization Phase 15 Iter  3         0.00        0.00      0.00         0       1792.99  31006820.00         562              0.01      1003
Number of Site types in the design = 1
INFO: Skipping activation of hold scenarios prior to CUS.
Information: The value of option cts.compile.enable_cell_relocation has been overridden to "leaf_only" to support latency-driven placement. (CTS-973)
Information: CTS will work on the following scenarios. (CTS-101)
Information: CTS will work on all clocks in active scenarios, including 1 master clocks and 0 generated clocks. (CTS-107)
Information: 'default' is identified as primary corner for initial clock tree building. (CTS-103)
CCD app option: ccd.targeted_ccd_path_groups:  **clock_gating_default**
Target path group: scenario default pathgroup **clock_gating_default**
Information: CCD will use corner default for honoring max prepone/postpone limits

Summary of messages during CTS:
===============================================================
  Tag   Count  Type           Description
---------------------------------------------------------------
 No error or warning message.
Information: The value of option cts.compile.enable_cell_relocation has been overridden to "leaf_only" to support latency-driven placement. (CTS-973)
Warning: No clock routing rules were specified. Use set_clock_routing_rules to specify routing rules for accurate clock latency estimation. (OPT-902)
Warning: No clock routing rules were specified. Use set_clock_routing_rules to specify routing rules for accurate clock latency estimation. (OPT-902)
Information: Estimating clock gate latencies for scenario 'default'. (OPT-909)
INFO: Skipping deactivation of hold scenarios after CUS.
Number of Site types in the design = 1

Disable clock slack update for ideal clocks
Place-opt optimization Phase 16 Iter  1         0.00        0.00      0.00         0       1792.99  31006820.00         562              0.01      1003
INFO: cellmap features:  adv-rules=(N), pdc=(N), clock-rules=(Y)

Disable clock slack update for ideal clocks
Place-opt optimization Phase 17 Iter  1         0.00        0.00      0.00         0       1792.99  31006820.00         562              0.01      1003
INFO: cellmap features:  adv-rules=(N), pdc=(N), clock-rules=(Y)

Place-opt optimization Phase 18 Iter  1         0.00        0.00      0.00         0       1792.99  31006820.00         562              0.01      1003

Information: Skipping dirty design check since timing is met or no cells in design
Disable clock slack update for ideal clocks
Place-opt optimization Phase 19 Iter  1         0.00        0.00      0.00         0       1792.99  31006820.00         562              0.01      1003
Warning: Restoring scoped app option 'ropt.rbuf_subtree_crit_range' to original value 'unset' (from current value '-1', which is different from the scoped value '-1.0'). (FLW-2892)
Disable clock slack update for ideal clocks
Corner Scaling is off, multiplier is 1.000000
bmap: stepx = stepy = 83600
creating bmap
DB units per micron : 10000
Place-opt optimization Phase 19 Iter  2         0.00        0.00      0.00         0       1792.99  31006820.00         562              0.01      1003
Warning: Restoring scoped app option 'ropt.rbuf_subtree_crit_range' to original value 'unset' (from current value '-1', which is different from the scoped value '-1.0'). (FLW-2892)
Place-opt optimization Phase 19 Iter  3         0.00        0.00      0.00         0       1792.99  31006820.00         562              0.01      1003
Place-opt optimization Phase 19 Iter  4         0.00        0.00      0.00         0       1792.99  31006820.00         562              0.01      1003
Place-opt optimization Phase 19 Iter  5         0.00        0.00      0.00         0       1792.99  31006820.00         562              0.01      1003
Place-opt optimization Phase 19 Iter  6         0.00        0.00      0.00         0       1792.99  31006820.00         562              0.01      1003
Place-opt optimization Phase 19 Iter  7         0.00        0.00      0.00         0       1792.99  31006820.00         562              0.01      1003
Place-opt optimization Phase 19 Iter  8         0.00        0.00      0.00         0       1792.99  31006820.00         562              0.01      1003
Place-opt optimization Phase 19 Iter  9         0.00        0.00      0.00         0       1792.99  31006820.00         562              0.01      1003
Place-opt optimization Phase 19 Iter 10         0.00        0.00      0.00         0       1792.99  31006820.00         562              0.01      1003
Place-opt optimization Phase 19 Iter 11         0.00        0.00      0.00         0       1792.99  31006820.00         562              0.01      1003
Place-opt optimization Phase 19 Iter 12         0.00        0.00      0.00         0       1792.99  31006820.00         562              0.01      1003
Place-opt optimization summary            SETUP-COST    R2R-COST HOLD-COST LDRC-COST          AREA     LEAKAGE     INSTCNT            ELAPSE       MEM
Place-opt optimization Phase 19 Iter 13         0.00        0.00      0.00         0       1792.99  31006820.00         562              0.01      1003
Place-opt optimization Phase 19 Iter 14         0.00        0.00      0.00         0       1792.99  31006820.00         562              0.01      1003
Place-opt optimization Phase 19 Iter 15         0.00        0.00      0.00         0       1792.99  31006820.00         562              0.01      1003
Place-opt optimization Phase 19 Iter 16         0.00        0.00      0.00         0       1792.99  31006820.00         562              0.01      1003

Place-opt optimization Phase 20 Iter  1         0.00        0.00      0.00         0       1792.99  31006820.00         562              0.01      1003

Place-opt optimization Phase 21 Iter  1         0.00        0.00      0.00         0       1788.92  30878494.00         560              0.01      1003
Place-opt optimization Phase 21 Iter  2         0.00        0.00      0.00         0       1788.92  30878494.00         560              0.01      1003

Disable clock slack update for ideal clocks
Place-opt optimization Phase 22 Iter  1         0.00        0.00      0.00         0       1788.92  30878494.00         560              0.01      1003
INFO: cellmap features:  adv-rules=(N), pdc=(N), clock-rules=(Y)

Place-opt optimization Phase 23 Iter  1         0.00        0.00      0.00         0       1788.92  30878494.00         560              0.01      1003
Place-opt optimization Phase 23 Iter  2         0.00        0.00      0.00         0       1788.92  30878494.00         560              0.01      1003
Warning: Restoring scoped app option 'xform.commit_density_threshold' to original value 'unset' (from current value '1.1', which is different from the scoped value '1.100000'). (FLW-2892)
Warning: Restoring scoped app option 'ropt.rutil_density_threshold' to original value 'unset' (from current value '1.1', which is different from the scoped value '1.100000'). (FLW-2892)
Warning: Restoring scoped app option 'opt.internal.levfilter_arec_slack' to original value 'unset' (from current value '-1', which is different from the scoped value '-1.0'). (FLW-2892)

Disable clock slack update for ideal clocks
Place-opt optimization Phase 24 Iter  1         0.00        0.00      0.00         0       1785.11  30857096.00         556              0.01      1003
INFO: cellmap features:  adv-rules=(N), pdc=(N), clock-rules=(Y)

Place-opt optimization Phase 25 Iter  1         0.00        0.00      0.00         0       1785.11  30856738.00         556              0.01      1003
ISR-INFO: dsizeFilter CandPruners: dSizeVTGroupCandPruner dSizeFootprintCandPruner dSizeOrigVariantCandPruner 
ISR-INFO: dsizeFilter ResultPruners: tpo_cost_rp delay_scale_rp arn_tran_rp mog_mcmm_delay_rp 

Place-opt optimization Phase 26 Iter  1         0.00        0.00      0.00         0       1785.11  30855012.00         556              0.01      1003
LAO is disable, refresh para
Information: The net parasitics of block water_sched are cleared. (TIM-123)
Information: The stitching and editing of coupling caps is turned OFF for design 'water_sched_lib:water_sched.design'. (TIM-125)

Place-opt optimization Phase 27 Iter  1         0.00        0.00      0.00         0       1785.11  30855012.00         556              0.01      1003

Place-opt optimization Phase 28 Iter  1         0.00        0.00      0.00         0       1785.11  30855012.00         556              0.01      1003

Disable clock slack update for ideal clocks
Place-opt optimization Phase 29 Iter  1         0.00        0.00      0.00         0       1785.11  30855012.00         556              0.01      1003
Warning: Restoring scoped app option 'ropt.rbuf_subtree_crit_range' to original value 'unset' (from current value '-1', which is different from the scoped value '-1.0'). (FLW-2892)
Disable clock slack update for ideal clocks
Corner Scaling is off, multiplier is 1.000000
bmap: stepx = stepy = 83600
creating bmap
DB units per micron : 10000
Place-opt optimization Phase 29 Iter  2         0.00        0.00      0.00         0       1785.11  30855012.00         556              0.01      1003
Warning: Restoring scoped app option 'ropt.rbuf_subtree_crit_range' to original value 'unset' (from current value '-1', which is different from the scoped value '-1.0'). (FLW-2892)
Place-opt optimization Phase 29 Iter  3         0.00        0.00      0.00         0       1785.11  30855012.00         556              0.01      1003
Place-opt optimization Phase 29 Iter  4         0.00        0.00      0.00         0       1785.11  30855012.00         556              0.01      1003
Place-opt optimization Phase 29 Iter  5         0.00        0.00      0.00         0       1785.11  30855012.00         556              0.01      1003
Place-opt optimization Phase 29 Iter  6         0.00        0.00      0.00         0       1785.11  30855012.00         556              0.01      1003
Place-opt optimization Phase 29 Iter  7         0.00        0.00      0.00         0       1785.11  30855012.00         556              0.01      1003
Place-opt optimization Phase 29 Iter  8         0.00        0.00      0.00         0       1785.11  30855012.00         556              0.01      1003
Place-opt optimization Phase 29 Iter  9         0.00        0.00      0.00         0       1785.11  30855012.00         556              0.01      1003

Disable clock slack update for ideal clocks
INFO:  SEQ DEL WNS is protecting TNS
INFO:  SEQ DEL WNS is protecting TNS
Place-opt optimization Phase 30 Iter  1         0.00        0.00      0.00         0       1785.11  30855012.00         556              0.01      1003
INFO: cellmap features:  adv-rules=(N), pdc=(N), clock-rules=(Y)

Place-opt optimization Phase 31 Iter  1         0.00        0.00      0.00         0       1785.11  30855012.00         556              0.01      1003
Corner Scaling is off, multiplier is 1.000000
Corner Scaling is off, multiplier is 1.000000
bmap: stepx = stepy = 83600
creating bmap
DB units per micron : 10000
Place-opt optimization Phase 31 Iter  2         0.00        0.00      0.00         0       1785.11  30855012.00         556              0.01      1003
Place-opt optimization Phase 31 Iter  3         0.00        0.00      0.00         0       1785.36  30876540.00         556              0.01      1003
Place-opt optimization Phase 31 Iter  4         0.00        0.00      0.00         0       1785.36  30876540.00         556              0.01      1003
INFO: Restore MV PD Boundary Restriction

Place-opt optimization summary            SETUP-COST    R2R-COST HOLD-COST LDRC-COST          AREA     LEAKAGE     INSTCNT            ELAPSE       MEM
Place-opt optimization Phase 32 Iter  1         0.00        0.00      0.00         0       1785.36  30876540.00         556              0.01      1003


Place-opt optimization Phase 34 Iter  1         0.00        0.00      0.00         0       1785.36  30876540.00         556              0.01      1003


Place-opt optimization complete                 0.00        0.00      0.00         0       1785.36  30876540.00         556              0.01      1003
Information: The net parasitics of block water_sched are cleared. (TIM-123)
Co-efficient Ratio Summary:
4.193421605155  6.578038173730  2.479639287277  7.744187540401  0.485050000353  3.179565833784  5.567214754587  2.894454387461  6.565921217863  9.017937605874  6.204252800933  9.863508797347  6.078179164085  2.744209941123  8.318125404907
9.699225026083  2.464623950064  1.382370221226  9.387184029619  3.142429406669  0.968752789964  6.613180723294  4.146578793224  7.876358918112  2.191135203696  3.063316141094  2.700217631377  3.840406264440  3.750207653169  7.663468642299
6.212201167950  7.759678473967  7.862243056717  0.402387977150  0.032845095897  0.596111512371  4.701287396892  7.205135512169  8.278351398268  1.183725290997  6.434018408244  5.867778929118  7.173840585364  9.669810599761  7.591497147087
7.632106393266  7.679078063326  9.831314288630  1.878805817928  3.230072343539  1.226270037326  7.050450494780  2.403928173631  6.139852544054  4.100210166110  4.374390589655  4.570815841559  5.624824008820  7.826858853678  4.759143218263
5.409027926377  2.609823652834  0.626142538674  6.381676652919  9.187474022495  0.513656796621  5.027570618562  6.119813446103  6.181472312107  1.581675465776  0.586623822107  9.584631657242  2.041773587119  3.921161467338  0.650498482345
9.472458902409  3.368484394994  4.897111549020  6.860149244452  2.000104051691  9.095345907689  2.197041709512  0.915900067443  5.466092308426  8.142690155883  7.707775265224  8.244532982053  3.504826905451  1.682717612888  7.173443518510
9.939562708373  3.617852772683  8.946772637652  1.169969532707  4.529946656262  3.090979409795  5.580726136993  1.131397763510  0.721709625254  7.515947517690  3.749904209371  1.017100231009  5.811565866269  5.826731483342  4.349393092435
0.216216918317  9.612142422527  7.311156782104  0.823519141628  0.356161286693  8.022019569284  2.603132585844  5.024802551363  1.359359521353  5.407563551201  5.904705477518  1.265479240796  0.417716513533  1.833873065081  6.448567537188
4.848373112548  2.936801055033  8.671494124225  4.212305316610  9.007627270112  3.308107178452  5.607471109985  8.514743640423  2.764676979434  9.324216038770  4.651771989997  2.300677490111  0.754631230179  1.961422011696  2.781313141418
3.355375155650  9.437909893602  9.136702642545  9.020209208464  9.978471495117  7.467457734047  3.171274721421  9.815920740044  4.331414637138  0.413524084361  6.409592198619  7.452867494699  1.902873124529  5.623408859547  7.269373808696
3.367403103784  7.093641515702  7.411336156476  6.944246976650  5.239565921087  4.802189647382  3.894401463832  4.531610419342  1.605155657803  8.173730347963  2.387859774418  7.540570236091  0.000309517956  5.833785156721  4.754597089445
4.387461656592  1.217863901793  7.505874310467  0.800933986343  9.509851607812  3.964085274420  8.341123831811  5.604907969922  5.026083246462  3.950064238237  3.321808938718  4.029788502738  9.406615296875  2.789965261318  0.723204214657
8.793224787635  8.918112219113  5.103696096373  4.141094270014  8.443881384045  0.064440375020  6.053169766345  8.842299621220  1.167950775967  8.473967886224  6.156399040238  7.977229291770  5.095843259611  1.512372070128  7.396802520513
5.512169827835  1.398268118372  5.190997333443  6.408244586760  9.731622717389  4.385364966981  9.999761759148  7.347087763210  6.393266767907  8.063326083131  7.388212187880  5.817097511593  2.343585322627  0.037327305045  0.494790040392
8.173631613985  2.544054410021  0.066110127471  8.589655457074  6.653063562487  8.808820782685  7.253678475913  3.418263540902  7.926377260982  3.652834162614  5.638256638167  6.652088106233  4.022441251365  6.796622102757  0.618572411981
3.446103618147  2.312107158167  5.365776748604  1.822107958456  2.469756204172  7.387119392116  0.867338065048  8.682345947245  8.902409336848  4.394994589711  4.649602686014  9.244521498506  4.051647109534  5.907680819704  1.709522891590
0.067443546609  2.308426814269  0.055883460719  3.265224824446  3.794567350487  0.705451168271  6.012888717343  3.718510993956  2.708373361785  2.772683994677  5.614491516996  9.532875243840  6.656218309097  9.409796958072  6.136903913139
7.763510072170  9.625254751594  7.417690064932  2.209371101703  1.043513581151  9.666269582673  0.883342434938  3.292435021621  6.918317961214  2.422527831115  9.769943482351  9.141796826562  1.286649802201  9.569285660313  2.585854302480
2.551363135935  9.521353540756  3.451201280412  3.477518126530  0.052200041776  0.313533183387  2.465081644855  7.737188484837  3.112548293680  1.055033967149  7.101064821230  5.316788791618  7.270168330810  7.178453960747  1.109995651474
3.640423276467  6.979434932421  6.938770155119  9.989997230050  8.202625075468  5.030179196142  1.411696278130  3.341418335537  5.155650943790  9.893602013670  5.627244502020  9.208532407589  1.495162346745  7.734048717127  4.721431681592
0.740044433141  4.637138041352  4.984361330991  0.198619745279  8.206103190282  7.924529562340  7.259547726936  3.008696336740  3.103784709364  1.515702841133  9.131049494424  6.976728033698  5.921032080218  9.647383789440  1.463842153161
0.419342160515  5.657803817373  0.247963928727  7.774418754040  1.048505000035  3.317956583378  4.556721475458  7.289445438746  1.656592121786  3.901793850587  7.395968280093  3.986411460627  1.607867996408  5.274421234112  3.831821260490
7.969922502608  3.246462395006  4.138237022122  6.938718402961  9.314242940666  9.096875278996  4.661318072329  4.414657879322  4.787635891811  2.219113610369  9.071874614109  4.270182354020  1.384090606444  0.375021005316  9.766355584229
9.621220116795  0.775967847396  7.786224305671  7.040238797715  0.003284509589  7.059611151237  1.470128739689  2.720513551216  9.827835139826  8.118372619099  0.318944840824  4.586838483804  2.717334038536  4.966982399976  1.759158434708
7.763210639326  6.767907806332  6.983131428863  0.187880581792  8.323007234353  9.122627003732  6.705045049478  0.240392817363  1.613985254405  4.410021106611  3.102972058965  5.457142175048  3.562432480882  0.782686125367  8.475923041826
3.540902792637  7.260982365283  4.062614253867  4.638167665291  9.918747402249  5.051365679662  1.502757061856  2.611981344610  3.618147231210  7.158167636577  9.723105382210  7.958524756617  6.204127338711  9.392117486733  8.065058568234
5.947245890240  9.336848439499  4.489711154902  0.686014924445  2.200010405169  1.909534590768  9.219704170951  2.091590006744  3.546609230842  6.814269105588  6.445210526522  4.824514889198  7.350432670545  1.168272001288  8.717353071851
0.993956270837  3.361785277268  3.894677263765  2.116996953270  7.452994665626  2.309097940979  5.558072613699  3.113139776351  0.072170962525  4.751594741769  3.041586220937  1.101871630408  3.581106566626  9.582674488334  2.434948029243
5.021621691831  7.961214242252  7.731115678210  4.082351914162  8.035616128669  3.802201956928  4.260313258584  4.502480255136  3.135935952135  3.540756345120  4.267066347751  8.126608531377  0.041721631353  3.183388646508  1.644865473718
8.484837311254  8.293680105503  3.867149412422  5.421230531661  0.900762727011  2.330810717845  2.560747110998  5.851474364042  3.276467697943  4.932421693877  3.132763998999  7.230128356319  5.075413103017  9.196143541169  6.278140034141
8.335537515565  0.943790989360  2.913670264254  5.902020920846  4.997847149511  7.746745773404  7.317127472142  1.981592074004  4.433141463713  8.041352498436  4.317545019861  9.745347356767  3.190237392452  9.562341125954  7.726946000869
Information: The stitching and editing of coupling caps is turned OFF for design 'water_sched_lib:water_sched.design'. (TIM-125)

Place-opt final QoR
___________________
Scenario Mapping Table
1: default

Pathgroup Mapping Table
1: **default**
2: **async_default**
3: **clock_gating_default**
4: **in2reg_default**
5: **reg2out_default**
6: **in2out_default**
7: core_clk

-------------------------------------------------------------------------------------------------------------------------------------------------------------
PATHGROUP QOR 
-------------------------------------------------------------------------------------------------------------------------------------------------------------
Scene  PG      WNS        TNS    NSV      WHV        THV    NHV
    1   1   0.0000     0.0000      0        -          -      -
    1   2   0.0000     0.0000      0        -          -      -
    1   3   0.0000     0.0000      0        -          -      -
    1   4   0.0000     0.0000      0        -          -      -
    1   5   0.0000     0.0000      0        -          -      -
    1   6   0.0000     0.0000      0        -          -      -
    1   7   0.0000     0.0000      0        -          -      -
----------------------------------------------------------------------------------------------------------------------------------------------------------------------
SCENARIO QOR 
----------------------------------------------------------------------------------------------------------------------------------------------------------------------
Scene  PG      WNS        TNS   R2RTNS    NSV      WHV        THV    NHV  MaxTrnV   MaxTranC  MaxCapV    Leakage
    1   *   0.0000     0.0000   0.0000      0        -          -      -        0     0.0000        0 30876540.0
----------------------------------------------------------------------------------------------------------------------------------------------------------------------
DESIGN QOR 
----------------------------------------------------------------------------------------------------------------------------------------------------------------------
Scene  PG      WNS        TNS   R2RTNS    NSV      WHV        THV    NHV  MaxTrnV   MaxTranC  MaxCapV    Leakage         Area    InstCnt     BufCnt     InvCnt
    *   *   0.0000     0.0000   0.0000      0   0.0000     0.0000      0        0     0.0000        0 30876540.0      1785.36        556         14        107
----------------------------------------------------------------------------------------------------------------------------------------------------------------------

Place-opt final QoR Summary         WNS        TNS   R2RTNS    NSV      WHV        THV    NHV  MaxTrnV  MaxCapV    Leakage         Area    InstCnt
Place-opt final QoR Summary      0.0000     0.0000   0.0000      0   0.0000     0.0000      0        0        0 30876540.0      1785.36        556

Place-opt command complete                CPU:    18 s (  0.01 hr )  ELAPSE:    22 s (  0.01 hr )  MEM-PEAK:  1003 MB
Place-opt command statistics  CPU=6 sec (0.00 hr) ELAPSED=6 sec (0.00 hr) MEM-PEAK=0.979 GB

Information: Summary of UPF Cells (UPF-532)
*******************************************************************************
                            Summary of UPF Cells                               
*******************************************************************************
This is NOT a UPF design.
UPF is NOT loaded.
UPF is NOT committed.
-------------------------------------------------------------------------------
*******************************************************************************
                        End of Summary of UPF Cells                            
*******************************************************************************
Information: The net parasitics of block water_sched are cleared. (TIM-123)
INFO: End environment monitoring: recipes
INFO: Restored 0 timer status, 15 app options, 0 tcl gvars, 0 env vars
Information: >>>>>>> 12 unique error and warning message tags while observing fusion: (MSG-3100)
Information: #prnt #trgr #lmt    Tag  Level     Format (or last printed message)                                (MSG-3036)
Information:    14    14  0 FLW-2892  WARNING   Warning: Restoring scoped app option 'ropt.rbuf_subtree_crit... (MSG-3032)
Information:     1     1  0 FLW-5561  WARNING   Warning: Previously executed stage '' may be unexpected for ... (MSG-3032)
Information:     1     1  0 CMD-080   WARNING   Warning: Command 'report_tbcs' is disabled. (CMD-080)           (MSG-3032)
Information:     1     1  0 ZRT-511   WARNING   Warning: Cell contains tie connections which are not connect... (MSG-3032)
Information:     1     1  0 ZRT-022   WARNING   Warning: Cannot find a default contact code for layer CO. (Z... (MSG-3032)
Information:     2     1  0 PVT-034   WARNING   Warning: 0 port driving_cells affected for early, 0 for late... (MSG-3032)
Information:     2     1  0 PVT-031   WARNING   Warning: 562 cells affected for early, 562 for late. (PVT-03... (MSG-3032)
Information:     2     1  0 PVT-030   WARNING   Warning: Corner default:  0 process number, 1 process label,... (MSG-3032)
Information:     1     1  0 ZRT-763   WARNING   Warning: Cell U297 is placed overlapping with other cells at... (MSG-3032)
Information:     1     1  0 OPT-200   WARNING   Warning: No tie cell is available for constant fixing. (OPT-... (MSG-3032)
Information:     1     1  0 OPT-035   WARNING   Warning: Power app option opt.power.effort has been deprecat... (MSG-3032)
Information:     9     4  0 OPT-902   WARNING   Warning: No clock routing rules were specified. Use set_cloc... (MSG-3032)
Information:    36    28  0       12  <------   Total sum of messages (MSG-3038)
Information: >>>>>>> Summary: 28 error&warning MSGs observed during fusion (MSG-3103)
INFO: End environment monitoring: UCF
INFO: Restored 0 timer status, 195 app options, 0 tcl gvars, 0 env vars
place_opt.flow.fusion_handoff false
INFO: place_opt is running in balanced flow mode
INFO: Total Power Aware Optimization Enabled (Dynamic + Leakage)
INFO: disable CRPR-based timing. 
Information: The stitching and editing of coupling caps is turned OFF for design 'water_sched_lib:water_sched.design'. (TIM-125)
Information: Design Average RC for design water_sched  (NEX-011)
Information: r = 1.788293 ohm/um, via_r = 0.463434 ohm/cut, c = 0.069157 ff/um, cc = 0.000000 ff/um (X dir) (NEX-017)
Information: r = 1.672017 ohm/um, via_r = 0.578659 ohm/cut, c = 0.078840 ff/um, cc = 0.000000 ff/um (Y dir) (NEX-017)
Number of Site types in the design = 1
Setting up Chip Core
Chip Core shape: (50000 50000) (642800 635200)
Number of VARs = 1
Number of unique PDs = 1
Number of Power Domains = 1
Number of Voltage Areas = 1
Number of supply Nets = 2
Number of used supplies = 0
Blocked VAs: 
INFO: Running power improvement flow (1)
INFO: place_opt is running with flow.common.io_priority high.
Information: The value of option cts.compile.enable_cell_relocation has been overridden to "leaf_only" to support latency-driven placement. (CTS-973)
Warning: No clock routing rules were specified. Use set_clock_routing_rules to specify routing rules for accurate clock latency estimation. (OPT-902)
Warning: No clock routing rules were specified. Use set_clock_routing_rules to specify routing rules for accurate clock latency estimation. (OPT-902)
Information: Estimating clock gate latencies for scenario 'default'. (OPT-909)

----------------------------------------------------------------------------------------------------------
Information: Starting place_opt / final_place (FLW-8000)
Information: Time: 2026-09-26 04:29:25 / Session:  00:00:22 / Command:  00:00:13 / CPU:  00:00:13 / Memory: 1004 MB (FLW-8100)
----------------------------------------------------------------------------------------------------------


Information: The RC mode used is VR for design 'water_sched'. (NEX-022)
Information: Update timing completed net estimation for all the timing graph nets (TIM-111)
Information: Net estimation statistics: timing graph nets = 623, routed nets = 0, across physical hierarchy nets = 0, parasitics cached nets = 623, delay annotated nets = 0, parasitics annotated nets = 0, multi-voltage nets = 0. (TIM-112)
Information: Starting place_opt / final_place / Timing and Congestion Driven Placement with Legalization (FLW-8000)
Information: Time: 2026-09-26 04:29:25 / Session:  00:00:22 / Command:  00:00:13 / CPU:  00:00:13 / Memory: 1004 MB (FLW-8100)
Information: Initializing classic cellmap without advanced rules enabled and without PDC enabled
Information: The following app options are used in cellmap
        place.legalize.enable_color_aware_placement : false
        place.legalize.use_nll_query_cm : false
        place.legalize.enable_advanced_legalizer : false
        place.legalize.enable_prerouted_net_check : true
        place.legalize.enable_advanced_prerouted_net_check : false
        place.legalize.always_continue : true
        place.legalize.limit_legality_checks : false
        place.common.pnet_aware_density : 1.0000
        place.common.pnet_aware_min_width : 0.0000
        place.common.pnet_aware_layers : {}
        place.common.use_placement_model : false
        place.common.enable_advanced_placement_model : true
        cts.placement.cell_spacing_rule_style : maximum
Total 0.0088 seconds to build cellmap data
INFO: creating 9(r) x 9(c) GridCells YDim 8.36 XDim 8.36
INFO: number of GridCells (water_sched): 81
INFO: creating 9(r) x 9(c) GridCells YDim 8.36 XDim 8.36
INFO: number of GridCells (water_sched): 81
Total 0.0032 seconds to load 556 cell instances into cellmap, 521 cells are off site row
Moveable cells: 556; Application fixed cells: 0; Macro cells: 0; User fixed cells: 0
Average cell width 1.9205, cell height 1.6720, cell area 3.2111 for total 556 placed and application fixed cells
Information: Current block utilization is '0.51470', effective utilization is '0.51465'. (OPT-055)

    Scenario default  WNS = 0.000000, TNS = 0.000000, NVP = 0

     ELAPSED  WORST NEG TOTAL NEG              MAX       MAX     BUFFER    INVERTER   LVTH      LVTH      PEAK   
      TIME      SLACK     SLACK     AREA    TRAN COST CAP COST    COUNT     COUNT     COUNT    PERCENT   MEMORY  
    --------- --------- --------- --------- --------- --------- --------- --------- --------- --------- ---------
      0:00:22     0.000     0.000  1785.362     0.000     0.000        14       107         0     0.000      1003 

Running final (timing-driven) placement step.
----------------------------------------------------------------
Running congestion-aware direct-timing-driven placement
Start Timing-driven placement
Information: Disabling integrated legalization, because it requires that the advanced legalizer is enabled.
Start transferring placement data.
Warning: To enable pin track alignment feature, the advanced legalizer has to be turned on using app option "place.legalize.enable_advanced_legalizer".
Warning: Pin track alignment feature will be disabled in this run
Information: Initializing classic cellmap without advanced rules enabled and without PDC enabled
Information: The following app options are used in cellmap
        place.legalize.enable_color_aware_placement : false
        place.legalize.use_nll_query_cm : false
        place.legalize.enable_advanced_legalizer : false
        place.legalize.enable_prerouted_net_check : true
        place.legalize.enable_advanced_prerouted_net_check : false
        place.legalize.always_continue : true
        place.legalize.limit_legality_checks : false
        place.common.pnet_aware_density : 1.0000
        place.common.pnet_aware_min_width : 0.0000
        place.common.pnet_aware_layers : {}
        place.common.use_placement_model : false
        place.common.enable_advanced_placement_model : true
        cts.placement.cell_spacing_rule_style : maximum
Total 0.0085 seconds to build cellmap data
Information: Extraction observers are detached as design net change threshold is reached.
Snapped 556 standard cells to the nearest cellrow to improve the accuracy of congestion analysis.
INFO: wire-opt feature for router enabled
Start Global Route ... 
[Init] Elapsed real time: 0:00:00 
[Init] Elapsed cpu  time: sys=0:00:00 usr=0:00:00 total=0:00:00
[Init] Stage (MB): Used    0  Alloctr    0  Proc    0 
[Init] Total (MB): Used    0  Alloctr    0  Proc 5030 
Printing options for 'route.common.*'

Printing options for 'route.global.*'
global.deterministic                                    :	 on                  
global.timing_driven                                    :	 false               

Begin global routing.
Warning: Cell contains tie connections which are not connected to real PG. (ZRT-511)
Cell Min-Routing-Layer = M1
Cell Max-Routing-Layer = MRDL
Turn off antenna since no rule is specified
Information: Option route.detail.force_end_on_preferred_grid will be ignored since none of the layers have preferred grid. (ZRT-703)
Warning: Cannot find a default contact code for layer CO. (ZRT-022)
Info: number of net_type_blockage: 0 
Information: Via ladder engine would be activated for pattern must join connection in certain commands. Please refer to man-page for the command list. (ZRT-619)
Information: AutoNdr rule can't be found. Check the settings.
Information: When applicable Min-max layer allow_pin_connection mode will allow paths of length 3.55 outside the layer range. (ZRT-707)
Information: When applicable Min-max layer allow_pin_connection mode will allow paths of length 3.55 outside the layer range on clock nets. (ZRT-718)
Information: When applicable layer based tapering will taper up to 0.00 in distance from the pin. (ZRT-706)
Warning: Cell cycles_done_reg[18] is placed overlapping with other cells at {{55.920 8.344} {60.176 10.016}}. (ZRT-763)
Current Stage stats:
[End of Read DB] Elapsed real time: 0:00:00 
[End of Read DB] Elapsed cpu  time: sys=0:00:00 usr=0:00:00 total=0:00:00
[End of Read DB] Stage (MB): Used    0  Alloctr    0  Proc    0 
[End of Read DB] Total (MB): Used    0  Alloctr    0  Proc 5030 
Constructing data structure ...
Design statistics:
Design Bounding Box (0.00um,0.00um,69.28um,68.52um)
Number of routing layers = 10
layer M1, dir Hor, min width = 0.05um, min space = 0.05um pitch = 0.152um
layer M2, dir Ver, min width = 0.056um, min space = 0.056um pitch = 0.152um
layer M3, dir Hor, min width = 0.056um, min space = 0.056um pitch = 0.304um
layer M4, dir Ver, min width = 0.056um, min space = 0.056um pitch = 0.304um
layer M5, dir Hor, min width = 0.056um, min space = 0.056um pitch = 0.608um
layer M6, dir Ver, min width = 0.056um, min space = 0.056um pitch = 0.608um
layer M7, dir Hor, min width = 0.056um, min space = 0.056um pitch = 1.216um
layer M8, dir Ver, min width = 0.056um, min space = 0.056um pitch = 1.216um
layer M9, dir Hor, min width = 0.16um, min space = 0.16um pitch = 2.432um
layer MRDL, dir Ver, min width = 2um, min space = 2um pitch = 4.864um
Current Stage stats:
[End of Build Tech Data] Elapsed real time: 0:00:00 
[End of Build Tech Data] Elapsed cpu  time: sys=0:00:00 usr=0:00:00 total=0:00:00
[End of Build Tech Data] Stage (MB): Used    0  Alloctr    0  Proc    0 
[End of Build Tech Data] Total (MB): Used    0  Alloctr    0  Proc 5030 
Net statistics:
Total number of nets     = 624
Number of nets to route  = 620
Number of single or zero port nets = 1
621 open nets
 of which 620 are without routing or PSV shapes
3 nets are fully connected,
 of which 3 are detail routed and 0 are global routed.
Current Stage stats:
[End of Build All Nets] Elapsed real time: 0:00:00 
[End of Build All Nets] Elapsed cpu  time: sys=0:00:00 usr=0:00:00 total=0:00:00
[End of Build All Nets] Stage (MB): Used    0  Alloctr    0  Proc    0 
[End of Build All Nets] Total (MB): Used    0  Alloctr    0  Proc 5030 
Net length statistics: 
Net Count(Ignore Fully Rted) 620, Total Half Perimeter Wire Length (HPWL) 7689 microns
HPWL   0 ~   50 microns: Net Count      597	Total HPWL         5941 microns
HPWL  50 ~  100 microns: Net Count       21	Total HPWL         1524 microns
HPWL 100 ~  200 microns: Net Count        2	Total HPWL          224 microns
HPWL 200 ~  300 microns: Net Count        0	Total HPWL            0 microns
HPWL 300 ~  400 microns: Net Count        0	Total HPWL            0 microns
HPWL 400 ~  500 microns: Net Count        0	Total HPWL            0 microns
HPWL 500 ~  600 microns: Net Count        0	Total HPWL            0 microns
HPWL 600 ~  700 microns: Net Count        0	Total HPWL            0 microns
HPWL 700 ~  800 microns: Net Count        0	Total HPWL            0 microns
HPWL 800 ~  900 microns: Net Count        0	Total HPWL            0 microns
HPWL 900 ~ 1000 microns: Net Count        0	Total HPWL            0 microns
HPWL     > 1000 microns: Net Count        0	Total HPWL            0 microns
Number of partitions: 1 (1 x 1)
Size of partitions: 41 gCells x 41 gCells
Average gCell capacity  5.98	 on layer (1)	 M1
Average gCell capacity  11.02	 on layer (2)	 M2
Average gCell capacity  5.42	 on layer (3)	 M3
Average gCell capacity  5.51	 on layer (4)	 M4
Average gCell capacity  2.71	 on layer (5)	 M5
Average gCell capacity  2.76	 on layer (6)	 M6
Average gCell capacity  1.34	 on layer (7)	 M7
Average gCell capacity  1.37	 on layer (8)	 M8
Average gCell capacity  0.66	 on layer (9)	 M9
Average gCell capacity  0.32	 on layer (10)	 MRDL
Average number of tracks per gCell 11.02	 on layer (1)	 M1
Average number of tracks per gCell 11.12	 on layer (2)	 M2
Average number of tracks per gCell 5.54	 on layer (3)	 M3
Average number of tracks per gCell 5.59	 on layer (4)	 M4
Average number of tracks per gCell 2.80	 on layer (5)	 M5
Average number of tracks per gCell 2.83	 on layer (6)	 M6
Average number of tracks per gCell 1.44	 on layer (7)	 M7
Average number of tracks per gCell 1.44	 on layer (8)	 M8
Average number of tracks per gCell 0.73	 on layer (9)	 M9
Average number of tracks per gCell 0.37	 on layer (10)	 MRDL
Number of gCells = 16810
Current Stage stats:
[End of Build Congestion Map] Elapsed real time: 0:00:00 
[End of Build Congestion Map] Elapsed cpu  time: sys=0:00:00 usr=0:00:00 total=0:00:00
[End of Build Congestion Map] Stage (MB): Used    0  Alloctr    0  Proc    0 
[End of Build Congestion Map] Total (MB): Used    0  Alloctr    0  Proc 5030 
Current Stage stats:
[End of Add Nets Demand] Elapsed real time: 0:00:00 
[End of Add Nets Demand] Elapsed cpu  time: sys=0:00:00 usr=0:00:00 total=0:00:00
[End of Add Nets Demand] Stage (MB): Used    0  Alloctr    0  Proc    0 
[End of Add Nets Demand] Total (MB): Used    0  Alloctr    0  Proc 5030 
Number of user frozen nets = 0
Total stats:
[End of Build Data] Elapsed real time: 0:00:00 
[End of Build Data] Elapsed cpu  time: sys=0:00:00 usr=0:00:00 total=0:00:00
[End of Build Data] Stage (MB): Used    0  Alloctr    0  Proc    0 
[End of Build Data] Total (MB): Used    0  Alloctr    0  Proc 5030 
Number of partitions: 1 (1 x 1)
Size of partitions: 41 gCells x 41 gCells
Current Stage stats:
[End of Blocked Pin Detection] Elapsed real time: 0:00:00 
[End of Blocked Pin Detection] Elapsed cpu  time: sys=0:00:00 usr=0:00:00 total=0:00:00
[End of Blocked Pin Detection] Stage (MB): Used    0  Alloctr    0  Proc    0 
[End of Blocked Pin Detection] Total (MB): Used    0  Alloctr    0  Proc 5030 
Information: Using 1 threads for routing. (ZRT-444)
Information: Placement fast mode ON
Information: Multiple gcell levels ON
Information: Buffer distance is estimated to be ~862.0000um (515 gCells)

Start GR phase 0
Number of partitions: 1 (1 x 1)
Size of partitions: 41 gCells x 41 gCells
[rtAllBotParts] Elapsed real time: 0:00:00 
[rtAllBotParts] Elapsed cpu  time: sys=0:00:00 usr=0:00:00 total=0:00:00
[rtTop] Elapsed real time: 0:00:00 
[rtTop] Elapsed cpu  time: sys=0:00:00 usr=0:00:00 total=0:00:00
Current Stage stats:
[End of Initial Routing] Elapsed real time: 0:00:00 
[End of Initial Routing] Elapsed cpu  time: sys=0:00:00 usr=0:00:00 total=0:00:00
[End of Initial Routing] Stage (MB): Used    0  Alloctr    0  Proc    0 
[End of Initial Routing] Total (MB): Used    0  Alloctr    0  Proc 5030 
Initial. Routing result:
Initial. Both Dirs: Dmd-Cap  =     0 Max = 0 GRCs =     0 (0.00%)
Initial. H routing: Dmd-Cap  =     0 Max = 0 (GRCs =  0) GRCs =     0 (0.00%)
Initial. V routing: Dmd-Cap  =     0 Max = 0 (GRCs =  0) GRCs =     0 (0.00%)
Initial. Both Dirs: Overflow =     6 Max = 3 GRCs =     9 (0.27%)
Initial. H routing: Overflow =     4 Max = 1 (GRCs =  8) GRCs =     8 (0.48%)
Initial. V routing: Overflow =     2 Max = 3 (GRCs =  1) GRCs =     1 (0.06%)
Initial. M1         Overflow =     4 Max = 1 (GRCs =  4) GRCs =     4 (0.24%)
Initial. M2         Overflow =     2 Max = 3 (GRCs =  1) GRCs =     1 (0.06%)
Initial. M3         Overflow =     0 Max = 1 (GRCs =  4) GRCs =     4 (0.24%)
Initial. M4         Overflow =     0 Max = 0 (GRCs =  0) GRCs =     0 (0.00%)
Initial. M5         Overflow =     0 Max = 0 (GRCs =  0) GRCs =     0 (0.00%)
Initial. M6         Overflow =     0 Max = 0 (GRCs =  0) GRCs =     0 (0.00%)
Initial. M7         Overflow =     0 Max = 0 (GRCs =  0) GRCs =     0 (0.00%)
Initial. M8         Overflow =     0 Max = 0 (GRCs =  0) GRCs =     0 (0.00%)
Initial. M9         Overflow =     0 Max = 0 (GRCs =  0) GRCs =     0 (0.00%)
Initial. MRDL       Overflow =     0 Max = 0 (GRCs =  0) GRCs =     0 (0.00%)

Initial. Total Wire Length = 7597.57
Initial. Layer M1 wire length = 177.68
Initial. Layer M2 wire length = 3813.09
Initial. Layer M3 wire length = 3600.14
Initial. Layer M4 wire length = 6.67
Initial. Layer M5 wire length = 0.00
Initial. Layer M6 wire length = 0.00
Initial. Layer M7 wire length = 0.00
Initial. Layer M8 wire length = 0.00
Initial. Layer M9 wire length = 0.00
Initial. Layer MRDL wire length = 0.00
Initial. Total Number of Contacts = 3242
Initial. Via VIA12SQ_C count = 1833
Initial. Via VIA23SQ_C count = 1405
Initial. Via VIA34SQ_C count = 4
Initial. Via VIA45SQ_C count = 0
Initial. Via VIA56SQ_C count = 0
Initial. Via VIA67SQ_C count = 0
Initial. Via VIA78SQ_C count = 0
Initial. Via VIA89_C count = 0
Initial. Via VIA9RDL count = 0
Initial. completed.

Start GR phase 1
Sat Sep 26 04:29:26 2026
Number of partitions: 1 (1 x 1)
Size of partitions: 41 gCells x 41 gCells
[rtAllParts] Elapsed real time: 0:00:00 
[rtAllParts] Elapsed cpu  time: sys=0:00:00 usr=0:00:00 total=0:00:00
[updNetsDmd] Elapsed real time: 0:00:00 
[updNetsDmd] Elapsed cpu  time: sys=0:00:00 usr=0:00:00 total=0:00:00
Current Stage stats:
[End of Phase1 Routing] Elapsed real time: 0:00:00 
[End of Phase1 Routing] Elapsed cpu  time: sys=0:00:00 usr=0:00:00 total=0:00:00
[End of Phase1 Routing] Stage (MB): Used    0  Alloctr    0  Proc    0 
[End of Phase1 Routing] Total (MB): Used    0  Alloctr    0  Proc 5030 
phase1. Routing result:
phase1. Both Dirs: Dmd-Cap  =     0 Max = 0 GRCs =     0 (0.00%)
phase1. H routing: Dmd-Cap  =     0 Max = 0 (GRCs =  0) GRCs =     0 (0.00%)
phase1. V routing: Dmd-Cap  =     0 Max = 0 (GRCs =  0) GRCs =     0 (0.00%)
phase1. Both Dirs: Overflow =     4 Max = 1 GRCs =     6 (0.18%)
phase1. H routing: Overflow =     4 Max = 1 (GRCs =  6) GRCs =     6 (0.36%)
phase1. V routing: Overflow =     0 Max = 0 (GRCs =  0) GRCs =     0 (0.00%)
phase1. M1         Overflow =     4 Max = 1 (GRCs =  6) GRCs =     6 (0.36%)
phase1. M2         Overflow =     0 Max = 0 (GRCs =  0) GRCs =     0 (0.00%)
phase1. M3         Overflow =     0 Max = 0 (GRCs =  0) GRCs =     0 (0.00%)
phase1. M4         Overflow =     0 Max = 0 (GRCs =  0) GRCs =     0 (0.00%)
phase1. M5         Overflow =     0 Max = 0 (GRCs =  0) GRCs =     0 (0.00%)
phase1. M6         Overflow =     0 Max = 0 (GRCs =  0) GRCs =     0 (0.00%)
phase1. M7         Overflow =     0 Max = 0 (GRCs =  0) GRCs =     0 (0.00%)
phase1. M8         Overflow =     0 Max = 0 (GRCs =  0) GRCs =     0 (0.00%)
phase1. M9         Overflow =     0 Max = 0 (GRCs =  0) GRCs =     0 (0.00%)
phase1. MRDL       Overflow =     0 Max = 0 (GRCs =  0) GRCs =     0 (0.00%)

phase1. Total Wire Length = 7597.25
phase1. Layer M1 wire length = 211.56
phase1. Layer M2 wire length = 3813.22
phase1. Layer M3 wire length = 3565.80
phase1. Layer M4 wire length = 6.67
phase1. Layer M5 wire length = 0.00
phase1. Layer M6 wire length = 0.00
phase1. Layer M7 wire length = 0.00
phase1. Layer M8 wire length = 0.00
phase1. Layer M9 wire length = 0.00
phase1. Layer MRDL wire length = 0.00
phase1. Total Number of Contacts = 3244
phase1. Via VIA12SQ_C count = 1836
phase1. Via VIA23SQ_C count = 1404
phase1. Via VIA34SQ_C count = 4
phase1. Via VIA45SQ_C count = 0
phase1. Via VIA56SQ_C count = 0
phase1. Via VIA67SQ_C count = 0
phase1. Via VIA78SQ_C count = 0
phase1. Via VIA89_C count = 0
phase1. Via VIA9RDL count = 0
phase1. completed.
[End of Whole Chip Routing] Elapsed real time: 0:00:00 
[End of Whole Chip Routing] Elapsed cpu  time: sys=0:00:00 usr=0:00:00 total=0:00:00
[End of Whole Chip Routing] Stage (MB): Used    0  Alloctr    0  Proc    0 
[End of Whole Chip Routing] Total (MB): Used    0  Alloctr    0  Proc 5030 

Congestion utilization per direction:
Average vertical track utilization   = 10.05 %
Peak    vertical track utilization   = 42.86 %
Average horizontal track utilization = 10.39 %
Peak    horizontal track utilization = 55.56 %

[End of Global Routing] Elapsed real time: 0:00:00 
[End of Global Routing] Elapsed cpu  time: sys=0:00:00 usr=0:00:00 total=0:00:00
[End of Global Routing] Stage (MB): Used    0  Alloctr    0  Proc    0 
[End of Global Routing] Total (MB): Used    0  Alloctr    0  Proc 5030 
Writing out congestion map...
Updating congestion ...
Updating congestion ...
[End of dbOut] Elapsed real time: 0:00:00 
[End of dbOut] Elapsed cpu  time: sys=0:00:00 usr=0:00:00 total=0:00:00
[End of dbOut] Stage (MB): Used    0  Alloctr    0  Proc    0 
[End of dbOut] Total (MB): Used    0  Alloctr    0  Proc 5030 
Using per-layer congestion maps for congestion reduction.
Information: 2.56% of design has horizontal routing density above target_routing_density of 0.80.
Information: 0.00% of design has vertical routing density above target_routing_density of 0.80.
Completed transferring placement data.
Running placement using 1 thread(s)
Information: Enhanced Auto Density Control is used. (PLACE-098)
Information: Enhanced auto density configuration is 13179.
Information: Automatic density control has selected the following settings: max_density 0.70, congestion_driven_max_util 0.89. (PLACE-027)
Information: HFW control 'on' invoked.
coarse place 100% done.
Information: Reducing cell density for 2.7% of the movable cells to alleviate congestion. This changes the average cell density in non-congested areas from 0.515 to 0.515. (PLACE-030)
Information: The value of option cts.compile.enable_cell_relocation has been overridden to "leaf_only" to support latency-driven placement. (CTS-973)
Warning: No clock routing rules were specified. Use set_clock_routing_rules to specify routing rules for accurate clock latency estimation. (OPT-902)
Information: The RC mode used is VR for design 'water_sched'. (NEX-022)
Information: Update timing completed net estimation for all the timing graph nets (TIM-111)
Information: Net estimation statistics: timing graph nets = 623, routed nets = 0, across physical hierarchy nets = 0, parasitics cached nets = 623, delay annotated nets = 0, parasitics annotated nets = 0, multi-voltage nets = 0. (TIM-112)
Corner Scaling is off, multiplier is 1.000000
Information: timingScenario default timingCorner default.  Using corner default for worst leakage corner. (OPT-078)
nplLib: default vr hor dist = 1525
nplLib: default vr ver dist = 1525
nplLib: default vr buf size = 6
nplLib: default vr buf size = 2
Placer using max_unbuffered_distance = 1525.26

Placement Options:
Effort:                        medium_effort       
Timing Driven:                 true                
Buffering Aware Timing Driven: false               
Seed locs:                     true                
Incremental:                   false               
Congestion:                    true                
Congestion Effort:             medium              
Fix Macros:                    true                
Place Macros:                  false               
Channel Size Macros:           false               


Information: Activity propagation will be performed for scenario default.
Information: Doing activity propagation for mode 'default' and corner 'default' with effort level 'medium'. (POW-024)
Information: Timer-derived activity data is cached on scenario default (POW-052)
Information: Running switching activity propagation in scalar mode!

 **** Information : No. of simulation cycles = 7 ****
Warning: a large fraction of the nets have zero toggle rate (58.2665%)
****** eLpp estimated wire length 
5.84623% of the net wire length are clock nets
0% of the clock net wire length has no activity
Clock net wire length: 4.61429e+06
Total net wire length: 7.89277e+07
****** eLpp weights (with caps) (no lengths)
Number of nets: 623, of which 622 non-clock nets
Number of nets with 0 toggle rate: 363 (58.2665%)
Max toggle rate = 0.2, average toggle rate = 0.004423
Max non-clock toggle rate = 0.0359933
eLpp weight range = (0, 11.3612)
*** 1 nets are filtered out
Start transferring placement data.
****** Net weight manager: report ******
Weights included: eLpp  PostEffort  
Number of nets with non-default weights: 623
Amt power = 0.1
Non-default weight range: (0.9, 6.03612)
                             Min         Max         Avg       Stdev        Skew
       Toggle Rates            0         0.2    0.004423  0.00993646     12.5138
      Power Weights            0     11.3612    0.251253    0.564451     12.5138
      Final Weights          0.9     6.03612    0.931546     0.20759     23.8686
Information: Automatic repeater spreading is enabled.
Information: Automatic timing control is enabled.
Information: Clock gate latency aware placement is enabled. (PLACE-085)
Information: The value of option cts.compile.enable_cell_relocation has been overridden to "leaf_only" to support latency-driven placement. (CTS-973)
DTDP placement: scenario=default
Factor(0) = 1
Factor(BASE) = 1
Information: The net parasitics of block water_sched are cleared. (TIM-123)
skew 1112 name=clk included=1
Completed transferring placement data.
Running placement using 1 thread(s)
Information: Enhanced Auto Density Control is used. (PLACE-098)
Information: Enhanced auto density configuration is 13179.
Information: Automatic density control has selected the following settings: max_density 0.70, congestion_driven_max_util 0.89. (PLACE-027)
Information: HFW control 'on' invoked.
coarse place 50% done.
coarse place 75% done.
coarse place 100% done.
Information: Coarse placer wire length estimate = 6821.87
Information: Coarse placer active wire length estimate = 116.725
Information: Coarse placer weighted wire length estimate = 9116.31
Information: Extraction observers are detached as design net change threshold is reached.
Information: The value of option cts.compile.enable_cell_relocation has been overridden to "leaf_only" to support latency-driven placement. (CTS-973)
Warning: No clock routing rules were specified. Use set_clock_routing_rules to specify routing rules for accurate clock latency estimation. (OPT-902)
Warning: No clock routing rules were specified. Use set_clock_routing_rules to specify routing rules for accurate clock latency estimation. (OPT-902)
Information: Estimating clock gate latencies for scenario 'default'. (OPT-909)
----------------------------------------------------------------
START_CMD: optimize_dft        CPU:     21 s ( 0.01 hr) ELAPSE:     24 s ( 0.01 hr) MEM-PEAK:  1003 Mb Sat Sep 26 04:29:27 2026
END_CMD: optimize_dft          CPU:     21 s ( 0.01 hr) ELAPSE:     24 s ( 0.01 hr) MEM-PEAK:  1003 Mb Sat Sep 26 04:29:27 2026
Fixing logic constant
Completed Timing-driven placement, Elapsed time =   0: 0: 1 
----------------------------------------------------------------
Running legalize_placement
Information: Initializing classic cellmap without advanced rules enabled and without PDC enabled
Information: The following app options are used in cellmap
        place.legalize.enable_color_aware_placement : false
        place.legalize.use_nll_query_cm : false
        place.legalize.enable_advanced_legalizer : false
        place.legalize.enable_prerouted_net_check : true
        place.legalize.enable_advanced_prerouted_net_check : false
        place.legalize.always_continue : true
        place.legalize.limit_legality_checks : false
        place.common.pnet_aware_density : 1.0000
        place.common.pnet_aware_min_width : 0.0000
        place.common.pnet_aware_layers : {}
        place.common.use_placement_model : false
        place.common.enable_advanced_placement_model : true
        cts.placement.cell_spacing_rule_style : maximum
Total 0.0087 seconds to build cellmap data
INFO: creating 9(r) x 9(c) GridCells YDim 8.36 XDim 8.36
INFO: number of GridCells (water_sched): 81
INFO: creating 9(r) x 9(c) GridCells YDim 8.36 XDim 8.36
INFO: number of GridCells (water_sched): 81
Total 0.0034 seconds to load 556 cell instances into cellmap, 556 cells are off site row
Moveable cells: 556; Application fixed cells: 0; Macro cells: 0; User fixed cells: 0
Average cell width 1.9205, cell height 1.6720, cell area 3.2111 for total 556 placed and application fixed cells
Start Legalization
nplDplc2Placer::setParam(effort,1)
nplDplc2Placer::setParam(debug,0)
nplDplc2Placer::setParam(site_check,2)
nplDplc2Placer::setParam(app_firm_wgt,0)
Warning: Routing direction of metal layer PO is neither "horizontal" nor "vertical".  PDC checks will not be performed on this layer. (PDC-003)
PDC app_options settings =========
	place.legalize.enable_prerouted_net_check: 1
	place.legalize.num_tracks_for_access_check: 1
	place.legalize.use_eol_spacing_for_access_check: 0
	place.legalize.allow_touch_track_for_access_check: 1
	place.legalize.reduce_conservatism_in_eol_check: 0
	place.legalize.preroute_shape_merge_distance: 0.0
	place.legalize.enable_non_preferred_direction_span_check: 0

Layer M1: cached 0 shapes out of 0 total shapes.
Layer M2: cached 0 shapes out of 0 total shapes.
Cached 0 vias out of 0 total vias.

Legalizing Top Level Design water_sched ... 
Information: Initializing classic cellmap without advanced rules enabled and without PDC enabled
Information: The following app options are used in cellmap
        place.legalize.enable_color_aware_placement : false
        place.legalize.use_nll_query_cm : false
        place.legalize.enable_advanced_legalizer : false
        place.legalize.enable_prerouted_net_check : true
        place.legalize.enable_advanced_prerouted_net_check : false
        place.legalize.always_continue : true
        place.legalize.limit_legality_checks : false
        place.common.pnet_aware_density : 1.0000
        place.common.pnet_aware_min_width : 0.0000
        place.common.pnet_aware_layers : {}
        place.common.use_placement_model : false
        place.common.enable_advanced_placement_model : true
        cts.placement.cell_spacing_rule_style : maximum
Total 0.0086 seconds to build cellmap data
Information: Creating classic rule checker.
Warning: Routing direction of metal layer PO is neither "horizontal" nor "vertical".  PDC checks will not be performed on this layer. (PDC-003)
=====> Processed 41 ref cells (8 fillers) from library

Bounds/Regions In This Design:
        Area    Num Cells  Exclusive Name
 (square um)
     3469.07          556        Yes DEFAULT_VA

Warning: max_legality_failures=5000 ignored.
	To use it, set limit_legality_checks to true.
Warning: max_legality_check_range=500 ignored.
	To use it, set limit_legality_checks to true.
Starting legalizer.
Warning: Exclusive bound 'DEFAULT' has no cells.
Optimizing Exclusive Bound 'DEFAULT_VA' (2/2)
    Done Exclusive Bound 'DEFAULT_VA' (2/2) (0 sec)
Legalization complete (0 total sec)

****************************************
  Report : Placement Attempts
  Site   : unit
****************************************

number of cells:                    556
number of references:                41
number of site rows:                 35
number of locations attempted:    13181
number of locations failed:           0  (0.0%)

Legality of references at locations:
0 references had failures.

Legality of references in rows:
0 references had row failures.

****************************************
  Report : Cell Displacements
****************************************

number of cells aggregated:         556 (7025 total sites)
avg row height over cells:        1.672 um
rms cell displacement:            0.507 um ( 0.30 row height)
rms weighted cell displacement:   0.507 um ( 0.30 row height)
max cell displacement:            1.061 um ( 0.63 row height)
avg cell displacement:            0.445 um ( 0.27 row height)
avg weighted cell displacement:   0.445 um ( 0.27 row height)
number of cells moved:              556
number of large displacements:        0
large displacement threshold:     3.000 row height

Displacements of worst 10 cells:
Cell: U594 (OA21X1_RVT)
  Input location: (5.997,54.3412)
  Legal location: (6.672,55.16)
  Displacement:   1.061 um ( 0.63 row height)
Cell: U509 (NAND2X0_RVT)
  Input location: (14.2352,14.3732)
  Legal location: (14.272,13.36)
  Displacement:   1.014 um ( 0.61 row height)
Cell: U398 (NAND2X0_RVT)
  Input location: (62.8392,30.9987)
  Legal location: (63.216,30.08)
  Displacement:   0.993 um ( 0.59 row height)
Cell: U393 (INVX0_RVT)
  Input location: (54.82,24.0268)
  Legal location: (54.096,23.392)
  Displacement:   0.963 um ( 0.58 row height)
Cell: U600 (INVX0_RVT)
  Input location: (13.0286,54.3914)
  Legal location: (12.752,53.488)
  Displacement:   0.945 um ( 0.57 row height)
Cell: U525 (NAND2X0_RVT)
  Input location: (5.4292,29.2121)
  Legal location: (5.912,28.408)
  Displacement:   0.938 um ( 0.56 row height)
Cell: U649 (NAND2X0_RVT)
  Input location: (36.7974,60.9111)
  Legal location: (36.768,61.848)
  Displacement:   0.937 um ( 0.56 row height)
Cell: U604 (INVX0_RVT)
  Input location: (17.0337,46.0178)
  Legal location: (17.312,45.128)
  Displacement:   0.932 um ( 0.56 row height)
Cell: U563 (NAND2X0_RVT)
  Input location: (6.2902,44.0817)
  Legal location: (6.976,43.456)
  Displacement:   0.928 um ( 0.56 row height)
Cell: U608 (INVX0_RVT)
  Input location: (20.8823,45.9733)
  Legal location: (20.504,45.128)
  Displacement:   0.926 um ( 0.55 row height)

Completed Legalization, Elapsed time =   0: 0: 0 
Moved 556 out of 556 cells, ratio = 1.000000
Total displacement = 294.739502(um)
Max displacement = 1.493800(um), U594 (5.997000, 54.341202, 0) => (6.672000, 56.832001, 4)
Displacement histogram:
  0 ~  10% cells displacement <=      0.14(um)
  0 ~  20% cells displacement <=      0.24(um)
  0 ~  30% cells displacement <=      0.34(um)
  0 ~  40% cells displacement <=      0.43(um)
  0 ~  50% cells displacement <=      0.53(um)
  0 ~  60% cells displacement <=      0.60(um)
  0 ~  70% cells displacement <=      0.69(um)
  0 ~  80% cells displacement <=      0.80(um)
  0 ~  90% cells displacement <=      0.89(um)
  0 ~ 100% cells displacement <=      1.49(um)
Legalization succeeded.
----------------------------------------------------------------
Information: The stitching and editing of coupling caps is turned OFF for design 'water_sched_lib:water_sched.design'. (TIM-125)
Information: Design Average RC for design water_sched  (NEX-011)
Information: r = 1.788293 ohm/um, via_r = 0.463434 ohm/cut, c = 0.068972 ff/um, cc = 0.000000 ff/um (X dir) (NEX-017)
Information: r = 1.672017 ohm/um, via_r = 0.578659 ohm/cut, c = 0.078727 ff/um, cc = 0.000000 ff/um (Y dir) (NEX-017)
Information: The RC mode used is VR for design 'water_sched'. (NEX-022)
Information: Update timing completed net estimation for all the timing graph nets (TIM-111)
Information: Net estimation statistics: timing graph nets = 623, routed nets = 0, across physical hierarchy nets = 0, parasitics cached nets = 623, delay annotated nets = 0, parasitics annotated nets = 0, multi-voltage nets = 0. (TIM-112)

    Scenario default  WNS = 0.000000, TNS = 0.000000, NVP = 0

     ELAPSED  WORST NEG TOTAL NEG              MAX       MAX     BUFFER    INVERTER   LVTH      LVTH      PEAK   
      TIME      SLACK     SLACK     AREA    TRAN COST CAP COST    COUNT     COUNT     COUNT    PERCENT   MEMORY  
    --------- --------- --------- --------- --------- --------- --------- --------- --------- --------- ---------
      0:00:23     0.000     0.000  1785.362     0.000     0.000        14       107         0     0.000      1003 

Information: Ending   place_opt / final_place / Timing and Congestion Driven Placement with Legalization (FLW-8001)
Information: Time: 2026-09-26 04:29:27 / Session:  00:00:23 / Command:  00:00:14 / CPU:  00:00:14 / Memory: 1004 MB (FLW-8100)



INFO: sweep stats: 0 gates / 0 nets gobbled, 0 gates (0 seq) simplified


Information: Runtime Summary (place_opt / final_place)  (FLW-9000)
----------------------------------------------------------------------------
    Elapse (Hrs)   Elapse (%)       CPU/Elapse       Category
----------------------------------------------------------------------------
      0.00           62.6%             1.0           Placement 
      0.00           21.2%             1.0           Global Route 
      0.00            5.9%             1.0           Full Timing Update 
      0.00            5.4%             1.0           Legalize 
      0.00            4.8%             1.0           Other 
      0.00            0.0%             1.0           DFT Opt 
      0.00            0.0%             1.0           Init 
      0.00            0.0%             0.8           RC Refresh 
----------------------------------------------------------------------------
      0.00          100.0%             1.0           Total 
----------------------------------------------------------------------------

Host Options:
-------------
Max cores: 1

Machine Spec:
-------------
12th Gen Intel(R) Core(TM) i5-12400 / 12 CPUs  
Sockets: 1, Cores: 6, HT/SMT, not-VM
----------------------------------------------------------------------------

Information: Ending   place_opt / final_place (FLW-8001)
Information: Time: 2026-09-26 04:29:27 / Session:  00:00:24 / Command:  00:00:14 / CPU:  00:00:14 / Memory: 1004 MB (FLW-8100)

Information: >>>>>>> 5 unique error and warning message tags while observing place_opt / final_place: (MSG-3100)
Information: #prnt #trgr #lmt    Tag  Level     Format (or last printed message)                                (MSG-3036)
Information:     2     1  0 ZRT-511   WARNING   Warning: Cell contains tie connections which are not connect... (MSG-3032)
Information:     2     1  0 ZRT-022   WARNING   Warning: Cannot find a default contact code for layer CO. (Z... (MSG-3032)
Information:     2     1  0 ZRT-763   WARNING   Warning: Cell cycles_done_reg[18] is placed overlapping with... (MSG-3032)
Information:     2     2  0 PDC-003   WARNING   Warning: Routing direction of metal layer PO is neither "hor... (MSG-3032)
Information:    14     3  0 OPT-902   WARNING   Warning: No clock routing rules were specified. Use set_cloc... (MSG-3032)
Information:    22     8  0        5  <------   Total sum of messages (MSG-3038)
Information: >>>>>>> Summary: 8 error&warning MSGs observed during place_opt / final_place (MSG-3103)

INFO: Start environment monitoring: UCF
Information: Enabling runtime flow for U-2022 (FLW-3600)
INFO: place_opt is running in balanced flow mode.
INFO: EIO v6 - EPO v3 - Cost Function Configuration 0.5/0.5/0.5/0.5
Warning: Command 'report_tbcs' is disabled. (CMD-080)
INFO: Start environment monitoring: recipes
Information: Enabling runtime flow for U-2022 (FLW-3600)
INFO: place_opt is running in balanced flow mode.
INFO: EIO v6 - EPO v3 - Cost Function Configuration 0.5/0.5/0.5/0.5
Information: The automatic clock gate timing flow is activated. Clock latencies set on clock gate cells will be automatically adjusted by an estimate for latency. (CGT-4005)
INFO: place_opt is running in balanced flow mode
Warning: Power app option opt.power.effort has been deprecated. Please remove it from your script. (OPT-035)
INFO: Leakage Power Aware Optimization Enabled
Information: The automatic clock gate timing flow is activated. Clock latencies set on clock gate cells will be automatically adjusted by an estimate for latency. (CGT-4005)
INFO: compile_fusion is running with flow.common.io_priority high.
INFO: disable CRPR-based timing. 
Information: The stitching and editing of coupling caps is turned OFF for design 'water_sched_lib:water_sched.design'. (TIM-125)
Number of Site types in the design = 1
Setting up Chip Core
Chip Core shape: (50000 50000) (642800 635200)
Number of VARs = 1
Number of unique PDs = 1
Number of Power Domains = 1
Number of Voltage Areas = 1
Number of supply Nets = 2
Number of used supplies = 0
Blocked VAs: 

Warning: Previously executed stage 'initial_opto' may be unexpected for the current flow stage 'final_opto' (FLW-5561)

Information: The net parasitics of block water_sched are cleared. (TIM-123)
Information: The stitching and editing of coupling caps is turned OFF for design 'water_sched_lib:water_sched.design'. (TIM-125)
Number of Site types in the design = 1
Setting up Chip Core
Chip Core shape: (50000 50000) (642800 635200)
Number of VARs = 1
Number of unique PDs = 1
Number of Power Domains = 1
Number of Voltage Areas = 1
Number of supply Nets = 2
Number of used supplies = 0
Blocked VAs: 


Info: update em.

Place-opt timing update complete          CPU:    21 s (  0.01 hr )  ELAPSE:    25 s (  0.01 hr )  MEM-PEAK:  1003 MB

Place-opt initial QoR
_____________________
Scenario Mapping Table
1: default

Pathgroup Mapping Table
1: **default**
2: **async_default**
3: **clock_gating_default**
4: **in2reg_default**
5: **reg2out_default**
6: **in2out_default**
7: core_clk

-------------------------------------------------------------------------------------------------------------------------------------------------------------
PATHGROUP QOR 
-------------------------------------------------------------------------------------------------------------------------------------------------------------
Scene  PG      WNS        TNS    NSV      WHV        THV    NHV
    1   1   0.0000     0.0000      0        -          -      -
    1   2   0.0000     0.0000      0        -          -      -
    1   3   0.0000     0.0000      0        -          -      -
    1   4   0.0000     0.0000      0        -          -      -
    1   5   0.0000     0.0000      0        -          -      -
    1   6   0.0000     0.0000      0        -          -      -
    1   7   0.0000     0.0000      0        -          -      -
----------------------------------------------------------------------------------------------------------------------------------------------------------------------
SCENARIO QOR 
----------------------------------------------------------------------------------------------------------------------------------------------------------------------
Scene  PG      WNS        TNS   R2RTNS    NSV      WHV        THV    NHV  MaxTrnV   MaxTranC  MaxCapV    Leakage
    1   *   0.0000     0.0000   0.0000      0        -          -      -        0     0.0000        0 30877524.0
----------------------------------------------------------------------------------------------------------------------------------------------------------------------
DESIGN QOR 
----------------------------------------------------------------------------------------------------------------------------------------------------------------------
Scene  PG      WNS        TNS   R2RTNS    NSV      WHV        THV    NHV  MaxTrnV   MaxTranC  MaxCapV    Leakage         Area    InstCnt     BufCnt     InvCnt
    *   *   0.0000     0.0000   0.0000      0   0.0000     0.0000      0        0     0.0000        0 30877524.0      1785.36        556         14        107
----------------------------------------------------------------------------------------------------------------------------------------------------------------------

Place-opt initial QoR Summary       WNS        TNS   R2RTNS    NSV      WHV        THV    NHV  MaxTrnV  MaxCapV    Leakage         Area    InstCnt
Place-opt initial QoR Summary    0.0000     0.0000   0.0000      0   0.0000     0.0000      0        0        0 30877524.0      1785.36        556
Information: The netlist change observers are disabled for incremental extraction. (TIM-126)
INFO: using 1 threads
Place-opt initialization complete         CPU:    22 s (  0.01 hr )  ELAPSE:    26 s (  0.01 hr )  MEM-PEAK:  1003 MB
Information: The netlist change observers are enabled for incremental extraction. (TIM-127)

Information: Initializing classic cellmap without advanced rules enabled and without PDC enabled
Information: The following app options are used in cellmap
        place.legalize.enable_color_aware_placement : false
        place.legalize.use_nll_query_cm : false
        place.legalize.enable_advanced_legalizer : false
        place.legalize.enable_prerouted_net_check : true
        place.legalize.enable_advanced_prerouted_net_check : false
        place.legalize.always_continue : true
        place.legalize.limit_legality_checks : false
        place.common.pnet_aware_density : 1.0000
        place.common.pnet_aware_min_width : 0.0000
        place.common.pnet_aware_layers : {}
        place.common.use_placement_model : false
        place.common.enable_advanced_placement_model : true
        cts.placement.cell_spacing_rule_style : maximum
Total 0.0086 seconds to build cellmap data
INFO: creating 14(r) x 14(c) GridCells YDim 5.016 XDim 5.016
INFO: number of GridCells (water_sched): 196
INFO: creating 14(r) x 14(c) GridCells YDim 5.016 XDim 5.016
INFO: number of GridCells (water_sched): 196
Total 0.0034 seconds to load 556 cell instances into cellmap
Moveable cells: 556; Application fixed cells: 0; Macro cells: 0; User fixed cells: 0
Average cell width 1.9205, cell height 1.6720, cell area 3.2111 for total 556 placed and application fixed cells
Place-opt optimization Phase 5 Iter  1          0.00        0.00      0.00         0       1785.36  30877524.00         556              0.01      1003
Isolated 0 ports, skipped 0 ports
Already Isolated 0 ports, Deleted 0 existing Isolation cells 

Place-opt optimization Phase 6 Iter  1          0.00        0.00      0.00         0       1785.36  30877524.00         556              0.01      1003
Corner Scaling is off, multiplier is 1.000000
Corner Scaling is off, multiplier is 1.000000
bmap: stepx = stepy = 83600
creating bmap
DB units per micron : 10000
Place-opt optimization Phase 6 Iter  2          0.00        0.00      0.00         0       1785.36  30877524.00         556              0.01      1003
INFO: Restore MV PD Boundary Restriction

Place-opt optimization Phase 7 Iter  1          0.00        0.00      0.00         0       1785.36  30877524.00         556              0.01      1003
Place-opt optimization Phase 7 Iter  2          0.00        0.00      0.00         0       1785.36  30877524.00         556              0.01      1003
Place-opt optimization Phase 7 Iter  3          0.00        0.00      0.00         0       1785.36  30877524.00         556              0.01      1003
Place-opt optimization Phase 7 Iter  4          0.00        0.00      0.00         0       1785.36  30877524.00         556              0.01      1003
Number of Site types in the design = 1
INFO: Skipping activation of hold scenarios prior to CUS.
Information: The value of option cts.compile.enable_cell_relocation has been overridden to "leaf_only" to support latency-driven placement. (CTS-973)
Information: CTS will work on the following scenarios. (CTS-101)
Information: CTS will work on all clocks in active scenarios, including 1 master clocks and 0 generated clocks. (CTS-107)
Information: 'default' is identified as primary corner for initial clock tree building. (CTS-103)
CCD app option: ccd.targeted_ccd_path_groups:  **clock_gating_default**
Target path group: scenario default pathgroup **clock_gating_default**
Information: CCD will use corner default for honoring max prepone/postpone limits

Summary of messages during CTS:
===============================================================
  Tag   Count  Type           Description
---------------------------------------------------------------
 No error or warning message.
Information: The value of option cts.compile.enable_cell_relocation has been overridden to "leaf_only" to support latency-driven placement. (CTS-973)
Warning: No clock routing rules were specified. Use set_clock_routing_rules to specify routing rules for accurate clock latency estimation. (OPT-902)
Warning: No clock routing rules were specified. Use set_clock_routing_rules to specify routing rules for accurate clock latency estimation. (OPT-902)
Information: Estimating clock gate latencies for scenario 'default'. (OPT-909)
INFO: Skipping deactivation of hold scenarios after CUS.
Number of Site types in the design = 1
Place-opt optimization Phase 7 Iter  5          0.00        0.00      0.00         0       1785.36  30877524.00         556              0.01      1003
Place-opt optimization Phase 7 Iter  6          0.00        0.00      0.00         0       1785.36  30877524.00         556              0.01      1003
Place-opt optimization Phase 7 Iter  7          0.00        0.00      0.00         0       1785.36  30877524.00         556              0.01      1003
Place-opt optimization Phase 7 Iter  8          0.00        0.00      0.00         0       1785.36  30877524.00         556              0.01      1003
Number of Site types in the design = 1
INFO: Skipping activation of hold scenarios prior to CUS.
Information: The value of option cts.compile.enable_cell_relocation has been overridden to "leaf_only" to support latency-driven placement. (CTS-973)
Information: CTS will work on the following scenarios. (CTS-101)
Information: CTS will work on all clocks in active scenarios, including 1 master clocks and 0 generated clocks. (CTS-107)
Information: 'default' is identified as primary corner for initial clock tree building. (CTS-103)
CCD app option: ccd.targeted_ccd_path_groups:  **clock_gating_default**
Target path group: scenario default pathgroup **clock_gating_default**
Information: CCD will use corner default for honoring max prepone/postpone limits

Summary of messages during CTS:
===============================================================
  Tag   Count  Type           Description
---------------------------------------------------------------
 No error or warning message.
Information: The value of option cts.compile.enable_cell_relocation has been overridden to "leaf_only" to support latency-driven placement. (CTS-973)
Warning: No clock routing rules were specified. Use set_clock_routing_rules to specify routing rules for accurate clock latency estimation. (OPT-902)
Warning: No clock routing rules were specified. Use set_clock_routing_rules to specify routing rules for accurate clock latency estimation. (OPT-902)
Information: Estimating clock gate latencies for scenario 'default'. (OPT-909)
INFO: Skipping deactivation of hold scenarios after CUS.
Number of Site types in the design = 1
Place-opt optimization Phase 7 Iter  9          0.00        0.00      0.00         0       1785.36  30877524.00         556              0.01      1003
Corner Scaling is off, multiplier is 1.000000
bmap: stepx = stepy = 83600
creating bmap
DB units per micron : 10000
Place-opt optimization Phase 7 Iter 10          0.00        0.00      0.00         0       1785.36  30877524.00         556              0.01      1003
Place-opt optimization Phase 7 Iter 11          0.00        0.00      0.00         0       1785.36  30877524.00         556              0.01      1003
Place-opt optimization Phase 7 Iter 12          0.00        0.00      0.00         0       1785.36  30877524.00         556              0.01      1003
Place-opt optimization Phase 7 Iter 13          0.00        0.00      0.00         0       1785.36  30877524.00         556              0.01      1003
Place-opt optimization Phase 7 Iter 14          0.00        0.00      0.00         0       1785.36  30877524.00         556              0.01      1003

Place-opt optimization Phase 8 Iter  1          0.00        0.00      0.00         0       1785.36  30877524.00         556              0.01      1003

Place-opt optimization Phase 9 Iter  1          0.00        0.00      0.00         0       1781.55  30484312.00         556              0.01      1003

Disable clock slack update for ideal clocks
Place-opt optimization Phase 10 Iter  1         0.00        0.00      0.00         0       1781.55  30484312.00         556              0.01      1003
INFO: cellmap features:  adv-rules=(N), pdc=(N), clock-rules=(Y)

Disable clock slack update for ideal clocks
Place-opt optimization Phase 11 Iter  1         0.00        0.00      0.00         0       1781.55  30484312.00         556              0.01      1003
INFO: cellmap features:  adv-rules=(N), pdc=(N), clock-rules=(Y)

Place-opt optimization Phase 12 Iter  1         0.00        0.00      0.00         0       1781.55  30484312.00         556              0.01      1003

Place-opt optimization Phase 13 Iter  1         0.00        0.00      0.00         0       1781.55  30484312.00         556              0.01      1003

Place-opt optimization Phase 14 Iter  1         0.00        0.00      0.00         0       1781.55  30484312.00         556              0.01      1003
Place-opt optimization Phase 14 Iter  2         0.00        0.00      0.00         0       1781.55  30484312.00         556              0.01      1003

Disable clock slack update for ideal clocks
Information: Activity propagation will be performed for scenario default.
Information: Doing activity propagation for mode 'default' and corner 'default' with effort level 'low'. (POW-024)
Information: Timer-derived activity data is cached on scenario default (POW-052)
Information: Running switching activity propagation in scalar mode!

 **** Information : No. of simulation cycles = 4 ****
Place-opt optimization Phase 15 Iter  1         0.00        0.00      0.00         0       1781.55  30481926.00         556              0.01      1003
INFO: cellmap features:  adv-rules=(N), pdc=(N), clock-rules=(Y)

Place-opt optimization Phase 16 Iter  1         0.00        0.00      0.00         0       1781.55  30481926.00         556              0.01      1003
ISR-INFO: dsizeFilter CandPruners: dSizeVTGroupCandPruner dSizeFootprintCandPruner dSizeOrigVariantCandPruner 
ISR-INFO: dsizeFilter ResultPruners: tpo_cost_rp delay_scale_rp arn_tran_rp mog_mcmm_delay_rp 

Disable clock slack update for ideal clocks
INFO:  SEQ DEL WNS is protecting TNS
INFO:  SEQ DEL WNS is protecting TNS
Place-opt optimization Phase 17 Iter  1         0.00        0.00      0.00         0       1781.55  30481926.00         556              0.01      1003
INFO: cellmap features:  adv-rules=(N), pdc=(N), clock-rules=(Y)

Place-opt optimization summary            SETUP-COST    R2R-COST HOLD-COST LDRC-COST          AREA     LEAKAGE     INSTCNT            ELAPSE       MEM
Place-opt optimization Phase 18 Iter  1         0.00        0.00      0.00         0       1781.55  30481926.00         556              0.01      1003
Place-opt optimization Phase 18 Iter  2         0.00        0.00      0.00         0       1781.55  30481926.00         556              0.01      1003

Place-opt optimization Phase 19 Iter  1         0.00        0.00      0.00         0       1781.55  30481926.00         556              0.01      1003
Warning: No tie cell is available for constant fixing. (OPT-200)

Place-opt optimization Phase 20 Iter  1         0.00        0.00      0.00         0       1781.55  30481926.00         556              0.01      1003

Place-opt optimization Phase 21 Iter  1         0.00        0.00      0.00         0       1781.55  30481926.00         556              0.01      1003



START_FUNC : legalize_placement_pre_run_core CPU :     24 s ( 0.01 hr) ELAPSE :     28 s ( 0.01 hr) MEM-PEAK :  1003 Mb
END_FUNC : legalize_placement_pre_run_core CPU :     24 s ( 0.01 hr) ELAPSE :     28 s ( 0.01 hr) MEM-PEAK :  1003 Mb
Place-opt optimization Phase 24 Iter  1         0.00        0.00      0.00         0       1781.55  30481926.00         556              0.01      1003
nplDplc2Placer::setParam(effort,1)
nplDplc2Placer::setParam(debug,0)
nplDplc2Placer::setParam(site_check,2)
nplDplc2Placer::setParam(app_firm_wgt,0)
Warning: Routing direction of metal layer PO is neither "horizontal" nor "vertical".  PDC checks will not be performed on this layer. (PDC-003)
PDC app_options settings =========
	place.legalize.enable_prerouted_net_check: 1
	place.legalize.num_tracks_for_access_check: 1
	place.legalize.use_eol_spacing_for_access_check: 0
	place.legalize.allow_touch_track_for_access_check: 1
	place.legalize.reduce_conservatism_in_eol_check: 0
	place.legalize.preroute_shape_merge_distance: 0.0
	place.legalize.enable_non_preferred_direction_span_check: 0

Layer M1: cached 0 shapes out of 0 total shapes.
Layer M2: cached 0 shapes out of 0 total shapes.
Cached 0 vias out of 0 total vias.

Legalizing Top Level Design water_sched ... 
Information: Initializing classic cellmap without advanced rules enabled and without PDC enabled
Information: The following app options are used in cellmap
        place.legalize.enable_color_aware_placement : false
        place.legalize.use_nll_query_cm : false
        place.legalize.enable_advanced_legalizer : false
        place.legalize.enable_prerouted_net_check : true
        place.legalize.enable_advanced_prerouted_net_check : false
        place.legalize.always_continue : true
        place.legalize.limit_legality_checks : false
        place.common.pnet_aware_density : 1.0000
        place.common.pnet_aware_min_width : 0.0000
        place.common.pnet_aware_layers : {}
        place.common.use_placement_model : false
        place.common.enable_advanced_placement_model : true
        cts.placement.cell_spacing_rule_style : maximum
Total 0.0088 seconds to build cellmap data
Information: Creating classic rule checker.
Warning: Routing direction of metal layer PO is neither "horizontal" nor "vertical".  PDC checks will not be performed on this layer. (PDC-003)
=====> Processed 40 ref cells (8 fillers) from library

Bounds/Regions In This Design:
        Area    Num Cells  Exclusive Name
 (square um)
     3469.07          556        Yes DEFAULT_VA

Starting legalizer.
Warning: Exclusive bound 'DEFAULT' has no cells.
Optimizing Exclusive Bound 'DEFAULT_VA' (2/2)
    Done Exclusive Bound 'DEFAULT_VA' (2/2) (0 sec)
Legalization complete (0 total sec)

****************************************
  Report : Placement Attempts
  Site   : unit
****************************************

number of cells:                    556
number of references:                40
number of site rows:                 35
number of locations attempted:    11614
number of locations failed:           0  (0.0%)

Legality of references at locations:
0 references had failures.

Legality of references in rows:
0 references had row failures.

****************************************
  Report : Cell Displacements
****************************************

number of cells aggregated:         556 (7010 total sites)
avg row height over cells:        1.672 um
rms cell displacement:            0.000 um ( 0.00 row height)
rms weighted cell displacement:   0.000 um ( 0.00 row height)
max cell displacement:            0.000 um ( 0.00 row height)
avg cell displacement:            0.000 um ( 0.00 row height)
avg weighted cell displacement:   0.000 um ( 0.00 row height)
number of cells moved:                0
number of large displacements:        0
large displacement threshold:     3.000 row height

Displacements of worst 10 cells:
Cell: U641 (AND2X1_RVT)
  Input location: (44.824,36.768)
  Legal location: (44.824,36.768)
  Displacement:   0.000 um ( 0.00 row height)
Cell: U549 (AND2X1_RVT)
  Input location: (45.888,28.408)
  Legal location: (45.888,28.408)
  Displacement:   0.000 um ( 0.00 row height)
Cell: U503 (AND2X1_RVT)
  Input location: (51.664,28.408)
  Legal location: (51.664,28.408)
  Displacement:   0.000 um ( 0.00 row height)
Cell: U480 (AND2X1_RVT)
  Input location: (36.312,28.408)
  Legal location: (36.312,28.408)
  Displacement:   0.000 um ( 0.00 row height)
Cell: U332 (AND2X1_RVT)
  Input location: (45.432,15.032)
  Legal location: (45.432,15.032)
  Displacement:   0.000 um ( 0.00 row height)
Cell: U375 (AND2X1_RVT)
  Input location: (60.024,5)
  Legal location: (60.024,5)
  Displacement:   0.000 um ( 0.00 row height)
Cell: U374 (AND2X1_RVT)
  Input location: (55.768,5)
  Legal location: (55.768,5)
  Displacement:   0.000 um ( 0.00 row height)
Cell: U349 (AND2X1_RVT)
  Input location: (47.408,20.048)
  Legal location: (47.408,20.048)
  Displacement:   0.000 um ( 0.00 row height)
Cell: U348 (AND2X1_RVT)
  Input location: (46.8,18.376)
  Legal location: (46.8,18.376)
  Displacement:   0.000 um ( 0.00 row height)
Cell: U689 (AND2X1_RVT)
  Input location: (48.016,25.064)
  Legal location: (48.016,25.064)
  Displacement:   0.000 um ( 0.00 row height)

Information: The net parasitics of block water_sched are cleared. (TIM-123)
Information: The stitching and editing of coupling caps is turned OFF for design 'water_sched_lib:water_sched.design'. (TIM-125)


INFO: Enabled CLO at stage after_LGL3.

INFO: place.legalize.enable_advanced_legalizer not set - need to revert CLO
INFO: First Place-opt did not mark run with CLO enabled/disabled property
INFO: Concurrent Legalization and Optimization (CLO) Reverted

Information: Initializing classic cellmap without advanced rules enabled and without PDC enabled
Information: The following app options are used in cellmap
        place.legalize.enable_color_aware_placement : false
        place.legalize.use_nll_query_cm : false
        place.legalize.enable_advanced_legalizer : false
        place.legalize.enable_prerouted_net_check : true
        place.legalize.enable_advanced_prerouted_net_check : false
        place.legalize.always_continue : true
        place.legalize.limit_legality_checks : false
        place.common.pnet_aware_density : 1.0000
        place.common.pnet_aware_min_width : 0.0000
        place.common.pnet_aware_layers : {}
        place.common.use_placement_model : false
        place.common.enable_advanced_placement_model : true
        cts.placement.cell_spacing_rule_style : maximum
Total 0.0083 seconds to build cellmap data
INFO: creating 14(r) x 14(c) GridCells YDim 5.016 XDim 5.016
INFO: number of GridCells (water_sched): 196
INFO: creating 14(r) x 14(c) GridCells YDim 5.016 XDim 5.016
INFO: number of GridCells (water_sched): 196
Total 0.0034 seconds to load 556 cell instances into cellmap
Moveable cells: 556; Application fixed cells: 0; Macro cells: 0; User fixed cells: 0
Average cell width 1.9164, cell height 1.6720, cell area 3.2042 for total 556 placed and application fixed cells
Place-opt optimization Phase 28 Iter  1         0.00        0.00      0.00         3       1781.55  30481926.00         556              0.01      1003

Place-opt optimization Phase 29 Iter  1         0.00        0.00      0.00         2       1781.55  30481926.00         556              0.01      1003
Corner Scaling is off, multiplier is 1.000000
bmap: stepx = stepy = 83600
creating bmap
DB units per micron : 10000

Place-opt optimization Phase 30 Iter  1         0.00        0.00      0.00         2       1781.55  30481926.00         556              0.01      1003
Place-opt optimization Phase 30 Iter  2         0.00        0.00      0.00         2       1781.55  30481926.00         556              0.01      1003
Place-opt optimization Phase 30 Iter  3         0.00        0.00      0.00         0       1785.36  30875138.00         556              0.01      1003
INFO: Restore MV PD Boundary Restriction

Place-opt optimization Phase 31 Iter  1         0.00        0.00      0.00         0       1785.36  30875138.00         556              0.01      1003
Place-opt optimization Phase 31 Iter  2         0.00        0.00      0.00         0       1785.36  30875138.00         556              0.01      1003
Place-opt optimization Phase 31 Iter  3         0.00        0.00      0.00         0       1785.36  30875138.00         556              0.01      1003
Corner Scaling is off, multiplier is 1.000000
bmap: stepx = stepy = 83600
creating bmap
DB units per micron : 10000
Place-opt optimization Phase 31 Iter  4         0.00        0.00      0.00         0       1785.36  30875138.00         556              0.01      1003
Place-opt optimization Phase 31 Iter  5         0.00        0.00      0.00         0       1785.36  30875138.00         556              0.01      1003

Place-opt optimization Phase 32 Iter  1         0.00        0.00      0.00         0       1785.36  30875138.00         556              0.01      1003

Place-opt optimization Phase 33 Iter  1         0.00        0.00      0.00         0       1785.36  30875138.00         556              0.01      1003
Corner Scaling is off, multiplier is 1.000000
Corner Scaling is off, multiplier is 1.000000
bmap: stepx = stepy = 83600
creating bmap
DB units per micron : 10000
Place-opt optimization Phase 33 Iter  2         0.00        0.00      0.00         0       1785.36  30875138.00         556              0.01      1003
INFO: Restore MV PD Boundary Restriction



START_FUNC : legalize_placement_pre_run_core CPU :     25 s ( 0.01 hr) ELAPSE :     29 s ( 0.01 hr) MEM-PEAK :  1003 Mb
END_FUNC : legalize_placement_pre_run_core CPU :     25 s ( 0.01 hr) ELAPSE :     29 s ( 0.01 hr) MEM-PEAK :  1003 Mb
Place-opt optimization Phase 36 Iter  1         0.00        0.00      0.00         0       1785.36  30875138.00         556              0.01      1003
nplDplc2Placer::setParam(effort,1)
nplDplc2Placer::setParam(debug,0)
nplDplc2Placer::setParam(site_check,2)
nplDplc2Placer::setParam(app_firm_wgt,0)
Warning: Routing direction of metal layer PO is neither "horizontal" nor "vertical".  PDC checks will not be performed on this layer. (PDC-003)
PDC app_options settings =========
	place.legalize.enable_prerouted_net_check: 1
	place.legalize.num_tracks_for_access_check: 1
	place.legalize.use_eol_spacing_for_access_check: 0
	place.legalize.allow_touch_track_for_access_check: 1
	place.legalize.reduce_conservatism_in_eol_check: 0
	place.legalize.preroute_shape_merge_distance: 0.0
	place.legalize.enable_non_preferred_direction_span_check: 0

Layer M1: cached 0 shapes out of 0 total shapes.
Layer M2: cached 0 shapes out of 0 total shapes.
Cached 0 vias out of 0 total vias.

Legalizing Top Level Design water_sched ... 
Information: Initializing classic cellmap without advanced rules enabled and without PDC enabled
Information: The following app options are used in cellmap
        place.legalize.enable_color_aware_placement : false
        place.legalize.use_nll_query_cm : false
        place.legalize.enable_advanced_legalizer : false
        place.legalize.enable_prerouted_net_check : true
        place.legalize.enable_advanced_prerouted_net_check : false
        place.legalize.always_continue : true
        place.legalize.limit_legality_checks : false
        place.common.pnet_aware_density : 1.0000
        place.common.pnet_aware_min_width : 0.0000
        place.common.pnet_aware_layers : {}
        place.common.use_placement_model : false
        place.common.enable_advanced_placement_model : true
        cts.placement.cell_spacing_rule_style : maximum
Total 0.0087 seconds to build cellmap data
Information: Creating classic rule checker.
Warning: Routing direction of metal layer PO is neither "horizontal" nor "vertical".  PDC checks will not be performed on this layer. (PDC-003)
=====> Processed 41 ref cells (8 fillers) from library

Bounds/Regions In This Design:
        Area    Num Cells  Exclusive Name
 (square um)
     3469.07          556        Yes DEFAULT_VA

Starting legalizer.
Warning: Exclusive bound 'DEFAULT' has no cells.
Optimizing Exclusive Bound 'DEFAULT_VA' (2/2)
    Done Exclusive Bound 'DEFAULT_VA' (2/2) (0 sec)
Legalization complete (0 total sec)

****************************************
  Report : Placement Attempts
  Site   : unit
****************************************

number of cells:                    556
number of references:                41
number of site rows:                 35
number of locations attempted:    11614
number of locations failed:           0  (0.0%)

Legality of references at locations:
0 references had failures.

Legality of references in rows:
0 references had row failures.

****************************************
  Report : Cell Displacements
****************************************

number of cells aggregated:         556 (7025 total sites)
avg row height over cells:        1.672 um
rms cell displacement:            0.000 um ( 0.00 row height)
rms weighted cell displacement:   0.000 um ( 0.00 row height)
max cell displacement:            0.000 um ( 0.00 row height)
avg cell displacement:            0.000 um ( 0.00 row height)
avg weighted cell displacement:   0.000 um ( 0.00 row height)
number of cells moved:                0
number of large displacements:        0
large displacement threshold:     3.000 row height

Displacements of worst 10 cells:
Cell: U641 (AND2X1_RVT)
  Input location: (44.824,36.768)
  Legal location: (44.824,36.768)
  Displacement:   0.000 um ( 0.00 row height)
Cell: U549 (AND2X1_RVT)
  Input location: (45.888,28.408)
  Legal location: (45.888,28.408)
  Displacement:   0.000 um ( 0.00 row height)
Cell: U503 (AND2X1_RVT)
  Input location: (51.664,28.408)
  Legal location: (51.664,28.408)
  Displacement:   0.000 um ( 0.00 row height)
Cell: U480 (AND2X1_RVT)
  Input location: (36.312,28.408)
  Legal location: (36.312,28.408)
  Displacement:   0.000 um ( 0.00 row height)
Cell: U332 (AND2X1_RVT)
  Input location: (45.432,15.032)
  Legal location: (45.432,15.032)
  Displacement:   0.000 um ( 0.00 row height)
Cell: U375 (AND2X1_RVT)
  Input location: (60.024,5)
  Legal location: (60.024,5)
  Displacement:   0.000 um ( 0.00 row height)
Cell: U374 (AND2X1_RVT)
  Input location: (55.768,5)
  Legal location: (55.768,5)
  Displacement:   0.000 um ( 0.00 row height)
Cell: U349 (AND2X1_RVT)
  Input location: (47.408,20.048)
  Legal location: (47.408,20.048)
  Displacement:   0.000 um ( 0.00 row height)
Cell: U348 (AND2X1_RVT)
  Input location: (46.8,18.376)
  Legal location: (46.8,18.376)
  Displacement:   0.000 um ( 0.00 row height)
Cell: U689 (AND2X1_RVT)
  Input location: (48.016,25.064)
  Legal location: (48.016,25.064)
  Displacement:   0.000 um ( 0.00 row height)

Information: The net parasitics of block water_sched are cleared. (TIM-123)
Information: The stitching and editing of coupling caps is turned OFF for design 'water_sched_lib:water_sched.design'. (TIM-125)

INFO: Enabled CLO at stage after_LGL4.

INFO: place.legalize.enable_advanced_legalizer not set - need to revert CLO
INFO: First Place-opt did not mark run with CLO enabled/disabled property
INFO: Concurrent Legalization and Optimization (CLO) Reverted

Information: Initializing classic cellmap without advanced rules enabled and without PDC enabled
Information: The following app options are used in cellmap
        place.legalize.enable_color_aware_placement : false
        place.legalize.use_nll_query_cm : false
        place.legalize.enable_advanced_legalizer : false
        place.legalize.enable_prerouted_net_check : true
        place.legalize.enable_advanced_prerouted_net_check : false
        place.legalize.always_continue : true
        place.legalize.limit_legality_checks : false
        place.common.pnet_aware_density : 1.0000
        place.common.pnet_aware_min_width : 0.0000
        place.common.pnet_aware_layers : {}
        place.common.use_placement_model : false
        place.common.enable_advanced_placement_model : true
        cts.placement.cell_spacing_rule_style : maximum
Total 0.0084 seconds to build cellmap data
INFO: creating 14(r) x 14(c) GridCells YDim 5.016 XDim 5.016
INFO: number of GridCells (water_sched): 196
INFO: creating 14(r) x 14(c) GridCells YDim 5.016 XDim 5.016
INFO: number of GridCells (water_sched): 196
Total 0.0036 seconds to load 556 cell instances into cellmap
Moveable cells: 556; Application fixed cells: 0; Macro cells: 0; User fixed cells: 0
Average cell width 1.9205, cell height 1.6720, cell area 3.2111 for total 556 placed and application fixed cells
Place-opt optimization Phase 39 Iter  1         0.00        0.00      0.00         0       1785.36  30875138.00         556              0.01      1003

Place-opt optimization Phase 40 Iter  1         0.00        0.00      0.00         0       1785.36  30875138.00         556              0.01      1003

Number of Site types in the design = 1
Setting up Chip Core
Chip Core shape: (50000 50000) (642800 635200)
Number of VARs = 1
Number of unique PDs = 1
Number of Power Domains = 1
Number of Voltage Areas = 1
Number of supply Nets = 2
Number of used supplies = 0
Blocked VAs: 
INFO: Running FTB cleanup in end of npo flow.
Enable dominated scenarios

Place-opt optimization complete                 0.00        0.00      0.00         0       1785.36  30875138.00         556              0.01      1003
Co-efficient Ratio Summary:
4.193421605155  6.578038173730  2.479639287277  7.744187540401  0.485050000353  3.179565833784  5.567214754587  2.894454387461  6.565921217863  9.017937505874  6.181322200933  9.863507035908  6.078178564085  2.744209741123  8.318125304907
9.699225026083  2.464623950064  1.382370221226  9.387184029619  3.142429406669  0.968752789964  6.613180723294  4.146578793224  7.876358918112  2.191135103696  3.940486541094  2.700216979938  3.840405664440  3.750207453169  7.663468542299
6.212201167950  7.759678473967  7.862243056717  0.402387977150  0.032845095897  0.596111512371  4.701287396892  7.205135512169  8.278351398268  1.183725190997  6.311188808244  5.867777267779  7.173849985364  9.669810399761  7.591497047087
7.632106393266  7.679078063326  9.831314288630  1.878805817928  3.230072343539  1.226270037326  7.050450494780  2.403928173631  6.139852544054  4.100210066110  4.251460989655  4.570814189110  5.624823408820  7.826858653678  4.759143118263
5.409027926377  2.609823652834  0.626142538674  6.381676652919  9.187474022495  0.513656796621  5.027570618562  6.119813446103  6.181472312107  1.581675365776  0.463793222107  9.584630995803  2.041772987119  3.921161267338  0.650498382345
9.472458902409  3.368484394994  4.897111549020  6.860149244452  2.000104051691  9.095345907689  2.197041709512  0.915900067443  5.466092308426  8.142690355883  7.645524465224  8.244531848401  3.504825305451  1.682717412888  7.173443418510
9.939562708373  3.617852772683  8.946772637652  1.169969532707  4.529946656262  3.090979409795  5.580726136993  1.131397763510  0.721709625254  7.515947717690  3.687753409371  1.017109197457  5.811564266269  5.826731283342  4.349393992435
0.216216918317  9.612142422527  7.311156782104  0.823519141628  0.356161286693  8.022019569284  2.603132585844  5.024802551363  1.359359521353  5.407563751201  5.842554677518  1.265478106144  0.417715913533  1.833873865081  6.448567437188
4.848373112548  2.936801055033  8.671494124225  4.212305316610  9.007627270112  3.308107178452  5.607471109985  8.514743640423  2.764676979434  9.324216238770  4.599520189997  2.300676356569  0.754630630179  1.961422811696  2.781313041418
3.355375155650  9.437909893602  9.136702642545  9.020209208464  9.978471495117  7.467457734047  3.171274721421  9.815920740044  4.331414637138  0.413524284361  6.347341398619  7.452866350047  1.902872524529  5.623408659547  7.269373708696
3.367403103784  7.093641515702  7.411336156476  6.944246976650  5.239565921087  4.802189647382  3.894401463832  4.531610419342  1.605155657803  8.173730547963  2.225608974418  7.540579192449  0.000308917956  5.833785956721  4.754597989445
4.387461656592  1.217863901793  7.505874310467  0.800933986343  9.509851607812  3.964085274420  8.341123831811  5.604907969922  5.026083246462  3.950064438237  3.269657138718  4.029787468186  9.406614696875  2.789965061318  0.723204114657
8.793224787635  8.918112219113  5.103696096373  4.141094270014  8.443881384045  0.064440375020  6.053169766345  8.842299621220  1.167950775967  8.473967086224  6.094809640238  7.977228157128  5.095842659611  1.512372870128  7.396802420513
5.512169827835  1.398268118372  5.190997333443  6.408244586760  9.731622717389  4.385364966981  9.999761759148  7.347087763210  6.393266767907  8.063326283131  7.226722787880  5.817096477941  2.343584722627  0.037327105045  0.494790940392
8.173631613985  2.544054410021  0.066110127471  8.589655457074  6.653063562487  8.808820782685  7.253678475913  3.418263540902  7.926377260982  3.652834362614  5.576766238167  6.652087062681  4.022440651365  6.796622902757  0.618572311981
3.446103618147  2.312107158167  5.365776748604  1.822107958456  2.469756204172  7.387119392116  0.867338065048  8.682345947245  8.902409336848  4.394994789711  4.587112286014  9.244520354954  4.051646509534  5.907680619704  1.709522791590
0.067443546609  2.308426814269  0.055883460719  3.265224824446  3.794567350487  0.705451168271  6.012888717343  3.718510993956  2.708373361785  2.772683194677  5.675744716996  9.532875506838  6.656217909097  9.409796958072  6.136903813139
7.763510072170  9.625254751594  7.417690064932  2.209371101703  1.043513581151  9.666269582673  0.883342434938  3.292435021621  6.918317961214  2.422527031115  9.720296682351  9.141796189550  1.286648402201  9.569285660313  2.585854202480
2.551363135935  9.521353540756  3.451201280412  3.477518126530  0.052200041776  0.313533183387  2.465081644855  7.737188484837  3.112548293680  1.055033167149  7.162317021230  5.316788054606  7.270167930810  7.178453960747  1.109995551474
3.640423276467  6.979434932421  6.938770155119  9.989997230050  8.202625075468  5.030179196142  1.411696278130  3.341418335537  5.155650943790  9.893602213670  5.680637502020  9.208532041781  1.495162346745  7.734048717127  4.721431681592
0.740044433141  4.637138041352  4.984361330991  0.198619745279  8.206103190282  7.924529562340  7.259547726936  3.008696336740  3.103784709364  1.515702041133  9.194568294424  6.976728677890  5.921032080218  9.647383789440  1.463842153161
0.419342160515  5.657803817373  0.247963928727  7.774418754040  1.048505000035  3.317956583378  4.556721475458  7.289445438746  1.656592121786  3.901793050587  7.358559680093  3.986411004829  1.607867996408  5.274421234112  3.831821260490
7.969922502608  3.246462395006  4.138237022122  6.938718402961  9.314242940666  9.096875278996  4.661318072329  4.414657879322  4.787635891811  2.219113810369  9.034465014109  4.270182998222  1.384090606444  0.375021005316  9.766355584229
9.621220116795  0.775967847396  7.786224305671  7.040238797715  0.003284509589  7.059611151237  1.470128739689  2.720513551216  9.827835139826  8.118372819099  0.371535240824  4.586838027006  2.717334038536  4.966982399976  1.759158434708
7.763210639326  6.767907806332  6.983131428863  0.187880581792  8.323007234353  9.122627003732  6.705045049478  0.240392817363  1.613985254405  4.410021306611  3.165563458965  5.457142719240  3.562432480882  0.782686125367  8.475923041826
3.540902792637  7.260982365283  4.062614253867  4.638167665291  9.918747402249  5.051365679662  1.502757061856  2.611981344610  3.618147231210  7.158167836577  9.786796782210  7.958524390819  6.204127338711  9.392117486733  8.065058568234
5.947245890240  9.336848439499  4.489711154902  0.686014924445  2.200010405169  1.909534590768  9.219704170951  2.091590006744  3.546609230842  6.814269005588  6.447222126522  4.824514805503  7.350432670545  1.168272001288  8.717353071851
0.993956270837  3.361785277268  3.894677263765  2.116996953270  7.452994665626  2.309097940979  5.558072613699  3.113139776351  0.072170962525  4.751594741769  3.041445020937  1.101871630408  3.581106566626  9.582674488334  2.434948029243
5.021621691831  7.961214242252  7.731115678210  4.082351914162  8.035616128669  3.802201956928  4.260313258584  4.502480255136  3.135935952135  3.540756345120  4.267925147751  8.126608531377  0.041721631353  3.183388646508  1.644865473718
8.484837311254  8.293680105503  3.867149412422  5.421230531661  0.900762727011  2.330810717845  2.560747110998  5.851474364042  3.276467697943  4.932421693877  3.132622798999  7.230128356319  5.075413103017  9.196143541169  6.278140034141
8.335537515565  0.943790989360  2.913670264254  5.902020920846  4.997847149511  7.746745773404  7.317127472142  1.981592074004  4.433141463713  8.041352498436  4.317404819861  9.745347356767  3.190237392452  9.562341125954  7.726946000869
6.336740310378  4.709364151570  2.741133615647  6.694424697665  0.523956592108  7.480218964738  2.389440146383  2.453161041934  2.160515565780  3.817373024796  6.905230577441  8.754118630907  5.000080931795  6.583379855672  1.475468428944
5.438746165659  2.121786390179  3.750587431046  7.080093398634  3.950985160781  2.396408527442  0.834112383181  1.560490796992  2.502608324646  2.395006413823  0.009635493871  8.402039467571  2.940611509687  5.278997866131  8.072339141465
7.879322478763  5.891811221911  3.510369609637  3.414109427001  4.844388138404  5.006444037502  0.605316976634  5.884229962122  0.116795077596  7.847396778622  7.382184504023  8.797883536475  4.509534305961  1.151238547012  8.739699972051
3.551216982783  5.139826811837  2.519099733344  3.640824458676  0.973162271738  9.438536496698  1.999976175914  8.734708776321  0.639326676790  7.806332698313  4.405376818788  0.581860368457  7.234308512262  7.003733070504  5.049488724039
2.817363161398  5.254405441002  1.006611012747  1.858965545707  4.665306356248  7.880882078268  5.725367847591  3.341826354090  2.792637726098  2.365283406261  7.230370263816  7.665369427921  7.402294105136  5.679663550275  7.061866961198
1.344610361814  7.231210715816  7.536577674860  4.182210795845  6.246975620417  2.738711939211  6.086733806504  8.868234594724  5.890240933684  8.439499448971  4.131415868601  4.924513756158  0.405114790953  4.590769321970  4.170961909159
Information: The net parasitics of block water_sched are cleared. (TIM-123)
Information: The stitching and editing of coupling caps is turned OFF for design 'water_sched_lib:water_sched.design'. (TIM-125)

Place-opt final QoR
___________________
Scenario Mapping Table
1: default

Pathgroup Mapping Table
1: **default**
2: **async_default**
3: **clock_gating_default**
4: **in2reg_default**
5: **reg2out_default**
6: **in2out_default**
7: core_clk

-------------------------------------------------------------------------------------------------------------------------------------------------------------
PATHGROUP QOR 
-------------------------------------------------------------------------------------------------------------------------------------------------------------
Scene  PG      WNS        TNS    NSV      WHV        THV    NHV
    1   1   0.0000     0.0000      0   0.0000     0.0000      0
    1   2   0.0000     0.0000      0   0.0000     0.0000      0
    1   3   0.0000     0.0000      0   0.0000     0.0000      0
    1   4   0.0000     0.0000      0   0.0000     0.0000      0
    1   5   0.0000     0.0000      0   0.0000     0.0000      0
    1   6   0.0000     0.0000      0   0.0000     0.0000      0
    1   7   0.0000     0.0000      0   0.0000     0.0000      0
----------------------------------------------------------------------------------------------------------------------------------------------------------------------
SCENARIO QOR 
----------------------------------------------------------------------------------------------------------------------------------------------------------------------
Scene  PG      WNS        TNS   R2RTNS    NSV      WHV        THV    NHV  MaxTrnV   MaxTranC  MaxCapV    Leakage
    1   *   0.0000     0.0000   0.0000      0   0.0000     0.0000      0        0     0.0000        0 30875138.0
----------------------------------------------------------------------------------------------------------------------------------------------------------------------
DESIGN QOR 
----------------------------------------------------------------------------------------------------------------------------------------------------------------------
Scene  PG      WNS        TNS   R2RTNS    NSV      WHV        THV    NHV  MaxTrnV   MaxTranC  MaxCapV    Leakage         Area    InstCnt     BufCnt     InvCnt
    *   *   0.0000     0.0000   0.0000      0   0.0000     0.0000      0        0     0.0000        0 30875138.0      1785.36        556         14        107
----------------------------------------------------------------------------------------------------------------------------------------------------------------------

Place-opt final QoR Summary         WNS        TNS   R2RTNS    NSV      WHV        THV    NHV  MaxTrnV  MaxCapV    Leakage         Area    InstCnt
Place-opt final QoR Summary      0.0000     0.0000   0.0000      0   0.0000     0.0000      0        0        0 30875138.0      1785.36        556

Place-opt command complete                CPU:    25 s (  0.01 hr )  ELAPSE:    29 s (  0.01 hr )  MEM-PEAK:  1003 MB
Place-opt command statistics  CPU=4 sec (0.00 hr) ELAPSED=4 sec (0.00 hr) MEM-PEAK=0.979 GB
Information: The net parasitics of block water_sched are cleared. (TIM-123)
INFO: End environment monitoring: recipes
INFO: Restored 0 timer status, 15 app options, 0 tcl gvars, 0 env vars
Information: >>>>>>> 6 unique error and warning message tags while observing fusion: (MSG-3100)
Information: #prnt #trgr #lmt    Tag  Level     Format (or last printed message)                                (MSG-3036)
Information:     2     1  0 FLW-5561  WARNING   Warning: Previously executed stage 'initial_opto' may be une... (MSG-3032)
Information:     2     1  0 CMD-080   WARNING   Warning: Command 'report_tbcs' is disabled. (CMD-080)           (MSG-3032)
Information:     2     1  0 OPT-200   WARNING   Warning: No tie cell is available for constant fixing. (OPT-... (MSG-3032)
Information:     6     4  0 PDC-003   WARNING   Warning: Routing direction of metal layer PO is neither "hor... (MSG-3032)
Information:     2     1  0 OPT-035   WARNING   Warning: Power app option opt.power.effort has been deprecat... (MSG-3032)
Information:    18     4  0 OPT-902   WARNING   Warning: No clock routing rules were specified. Use set_cloc... (MSG-3032)
Information:    32    12  0        6  <------   Total sum of messages (MSG-3038)
Information: >>>>>>> Summary: 12 error&warning MSGs observed during fusion (MSG-3103)
Information: Running auto PG connection. (NDM-099)
INFO: End environment monitoring: UCF
INFO: Restored 0 timer status, 199 app options, 0 tcl gvars, 0 env vars
place_opt.flow.fusion_handoff false

Information: Runtime Summary (All Commands) (FLW-9000)
----------------------------------------------------------------------------
    Elapse (Hrs)   Elapse (%)       CPU/Elapse       Category
----------------------------------------------------------------------------
      0.00           77.3%             1.0           Other 
      0.00           18.5%             1.0           Placement 
      0.00            2.0%             1.0           LDRC 
      0.00            1.4%             1.0           Global Route 
      0.00            0.4%             1.0           Full Timing Update 
      0.00            0.4%             1.0           Legalize 
      0.00            0.0%             1.0           DFT Opt 
      0.00            0.0%             0.9           RC Refresh 
      0.00            0.0%             0.6           Init 
----------------------------------------------------------------------------
      0.01          100.0%             1.0           Total 
----------------------------------------------------------------------------

Host Options:
-------------
Max cores: 1

Machine Spec:
-------------
12th Gen Intel(R) Core(TM) i5-12400 / 12 CPUs  
Sockets: 1, Cores: 6, HT/SMT, not-VM
----------------------------------------------------------------------------

Information: Running auto PG connection. (NDM-099)
Information: Ending   'place_opt' (FLW-8001)
Information: Time: 2026-09-26 04:29:32 / Session:  00:00:29 / Command:  00:00:20 / CPU:  00:00:19 / Memory: 1004 MB (FLW-8100)
1
report_timing    > $OUT_Q/timing_after_place.rpt
report_congestion > $OUT_Q/congestion_after_place.rpt
#------------------- 4) clock tree synthesis --------------------------
clock_opt
Information: Starting 'clock_opt' (FLW-8000)
Information: Time: 2026-09-26 04:29:32 / Session:  00:00:29 / Command:  00:00:00 / CPU:  00:00:00 / Memory: 1004 MB (FLW-8100)
INFO: Running medium effort clock_opt flow.
INFO: clock_opt is running in balanced flow mode.
INFO: Total Power Aware Optimization Enabled (Dynamic + Leakage)
INFO: clock_opt is running with flow.common.io_priority high.
Number of Site types in the design = 1
Setting up Chip Core
Chip Core shape: (50000 50000) (642800 635200)
Number of VARs = 1
Number of unique PDs = 1
Number of Power Domains = 1
Number of Voltage Areas = 1
Number of supply Nets = 2
Number of used supplies = 0
Blocked VAs: 
INFO: run stage build_clock (init -> end)


----------------------------------------------------------------------------------------------------------
Information: Starting clock_opt / build_clock (FLW-8000)
Information: Time: 2026-09-26 04:29:33 / Session:  00:00:29 / Command:  00:00:00 / CPU:  00:00:00 / Memory: 1004 MB (FLW-8100)
----------------------------------------------------------------------------------------------------------

Information: Starting clock_opt / build_clock / Trial CTS (FLW-8000)
Information: Time: 2026-09-26 04:29:33 / Session:  00:00:29 / Command:  00:00:00 / CPU:  00:00:00 / Memory: 1004 MB (FLW-8100)
Running clock synthesis step.
Info: Enabling GR in trial CTO
cts.compile.enable_local_skew turned off because cts.common.enable_max is true
Information: The value of option cts.compile.enable_cell_relocation has been overridden to "leaf_only" to support latency-driven placement. (CTS-973)
************************************************************
* CTS STEP: Design Initialization for Trial Synthesis
************************************************************
Information: All clock objects will be converted from ideal to propagated clock during CTS. (CTS-105)
Information: CTS will work on the following scenarios. (CTS-101)
   default	(Mode: default; Corner: default)
Information: CTS will work on all clocks in active scenarios, including 1 master clocks and 0 generated clocks. (CTS-107)
Output units used in this log:
   Time        : 1.00ns
   Resistance  : 1.00MOhm
   Capacitance : 1.00fF
   Power       : 1.00pW
   Length      : 1.00um
Information: Clock derating is enabled

CTS related app options set by user:
   cts.common.copy_balance_points_to_missing_modes = true
   cts.compile.enable_local_skew = true
   cts.optimize.enable_global_route = true
   cts.optimize.enable_local_skew = true

Buffer/Inverter reference list for clock tree synthesis:
   saed32_rvt|saed32_rvt_std/DELLN1X2_RVT
   saed32_rvt|saed32_rvt_std/DELLN2X2_RVT
   saed32_rvt|saed32_rvt_std/DELLN3X2_RVT
   saed32_rvt|saed32_rvt_std/NBUFFX16_RVT
   saed32_rvt|saed32_rvt_std/NBUFFX2_RVT
   saed32_rvt|saed32_rvt_std/NBUFFX32_RVT
   saed32_rvt|saed32_rvt_std/NBUFFX4_RVT
   saed32_rvt|saed32_rvt_std/NBUFFX8_RVT
   saed32_rvt|saed32_rvt_std/AOBUFX1_RVT
   saed32_rvt|saed32_rvt_std/AOBUFX2_RVT
   saed32_rvt|saed32_rvt_std/AOBUFX4_RVT
   saed32_rvt|saed32_rvt_std/IBUFFX16_RVT
   saed32_rvt|saed32_rvt_std/IBUFFX2_RVT
   saed32_rvt|saed32_rvt_std/IBUFFX32_RVT
   saed32_rvt|saed32_rvt_std/IBUFFX4_RVT
   saed32_rvt|saed32_rvt_std/IBUFFX8_RVT
   saed32_rvt|saed32_rvt_std/INVX0_RVT
   saed32_rvt|saed32_rvt_std/INVX16_RVT
   saed32_rvt|saed32_rvt_std/INVX1_RVT
   saed32_rvt|saed32_rvt_std/INVX2_RVT
   saed32_rvt|saed32_rvt_std/INVX32_RVT
   saed32_rvt|saed32_rvt_std/INVX4_RVT
   saed32_rvt|saed32_rvt_std/INVX8_RVT
   saed32_rvt|saed32_rvt_std/AOINVX1_RVT
   saed32_rvt|saed32_rvt_std/AOINVX2_RVT
   saed32_rvt|saed32_rvt_std/AOINVX4_RVT

ICG reference list:
   saed32_rvt|saed32_rvt_std/CGLNPRX2_RVT
   saed32_rvt|saed32_rvt_std/CGLNPRX8_RVT
   saed32_rvt|saed32_rvt_std/CGLNPSX16_RVT
   saed32_rvt|saed32_rvt_std/CGLNPSX2_RVT
   saed32_rvt|saed32_rvt_std/CGLNPSX4_RVT
   saed32_rvt|saed32_rvt_std/CGLNPSX8_RVT
   saed32_rvt|saed32_rvt_std/CGLPPRX2_RVT
   saed32_rvt|saed32_rvt_std/CGLPPRX8_RVT
   saed32_rvt|saed32_rvt_std/CGLPPSX16_RVT
   saed32_rvt|saed32_rvt_std/CGLPPSX2_RVT
   saed32_rvt|saed32_rvt_std/CGLPPSX4_RVT
   saed32_rvt|saed32_rvt_std/CGLPPSX8_RVT

Information: 'default' is identified as primary corner for initial clock tree building. (CTS-103)
Number of Site types in the design = 1
Setting up Chip Core
Chip Core shape: (50000 50000) (642800 635200)
Number of VARs = 1
Number of unique PDs = 1
Number of Power Domains = 1
Number of Voltage Areas = 1
Number of supply Nets = 2
Number of used supplies = 0
Blocked VAs: 
Warning: No clock routing rule is specified. (CTS-038)

Clock cell spacing rule list:
   No clock cell spacing rule is found.
Information: The run time for design initialization is 0 hr : 0 min : 0.04 sec, cpu time is 0 hr : 0 min : 0.04 sec. (CTS-104)
************************************************************
* CTS STEP: Existing Clock Tree Removal
************************************************************

No buffer or inverter has been removed.
Information: The run time for existing clock tree removal is 0 hr : 0 min : 0.00 sec, cpu time is 0 hr : 0 min : 0.00 sec. (CTS-104)
************************************************************
* CTS STEP: Clock Tree Initialization
************************************************************
Drc Mode Option: auto
Information: Initializing classic cellmap without advanced rules enabled and with PDC enabled
Information: The following app options are used in cellmap
        place.legalize.enable_color_aware_placement : false
        place.legalize.use_nll_query_cm : false
        place.legalize.enable_advanced_legalizer : false
        place.legalize.enable_prerouted_net_check : true
        place.legalize.enable_advanced_prerouted_net_check : false
        place.legalize.always_continue : true
        place.legalize.limit_legality_checks : false
        place.common.pnet_aware_density : 1.0000
        place.common.pnet_aware_min_width : 0.0000
        place.common.pnet_aware_layers : {}
        place.common.use_placement_model : false
        place.common.enable_advanced_placement_model : true
        cts.placement.cell_spacing_rule_style : maximum
Information: Creating classic rule checker.
Warning: Routing direction of metal layer PO is neither "horizontal" nor "vertical".  PDC checks will not be performed on this layer. (PDC-003)
PDC app_options settings =========
	place.legalize.enable_prerouted_net_check: 1
	place.legalize.num_tracks_for_access_check: 1
	place.legalize.use_eol_spacing_for_access_check: 0
	place.legalize.allow_touch_track_for_access_check: 1
	place.legalize.reduce_conservatism_in_eol_check: 0
	place.legalize.preroute_shape_merge_distance: 0.0
	place.legalize.enable_non_preferred_direction_span_check: 0

Layer M1: cached 0 shapes out of 0 total shapes.
Layer M2: cached 0 shapes out of 0 total shapes.
Cached 0 vias out of 0 total vias.
Total 0.0127 seconds to build cellmap data
INFO: creating 9(r) x 9(c) GridCells YDim 8.36 XDim 8.36
INFO: number of GridCells (water_sched): 81
INFO: creating 9(r) x 9(c) GridCells YDim 8.36 XDim 8.36
INFO: number of GridCells (water_sched): 81
Total 0.0057 seconds to load 556 cell instances into cellmap
Moveable cells: 556; Application fixed cells: 0; Macro cells: 0; User fixed cells: 0
Average cell width 1.9205, cell height 1.6720, cell area 3.2111 for total 556 placed and application fixed cells
Information: Legalizer's PDC rule check is enabled
Information: Legalizer's advanced rule check is enabled

Start Auto-Exception Derivations...
 No internal pin was found.
 No conflict pin was found.
 No macro pin was found for clock balance point settings.
 No macro pin was found for disabling self arcs.
Info: 122 sinks and boundary insts are collected
Information: The run time for clock tree initialization is 0 hr : 0 min : 0.02 sec, cpu time is 0 hr : 0 min : 0.02 sec. (CTS-104)
Setting target skew for clock: core_clk (mode default corner default) as 1.500000
Target skew for clock 'core_clk' in mode 'default' corner 'default' is 1.500000.
Drc Mode Option: auto
Corner Scaling is off, multiplier is 1.000000
Automatic Zbuf-CTS Mode: total_powerInformation: Running Max-CTS
Enable multi-thread Tasks, number of thread is 1
Info: run cts with the following settings: _runCts 1 _runCto 1 _runSnapClockSinks 1
Information: The stitching and editing of coupling caps is turned OFF for design 'water_sched_lib:water_sched.design'. (TIM-125)
Information: Update timing completed net estimation for all the timing graph nets (TIM-111)
Information: Net estimation statistics: timing graph nets = 623, routed nets = 0, across physical hierarchy nets = 0, parasitics cached nets = 1, delay annotated nets = 0, parasitics annotated nets = 0, multi-voltage nets = 0. (TIM-112)
************************************************************
* CTS STEP: Clock Cell Relocation
************************************************************
Warning: No clock routing rules were specified. Use set_clock_routing_rules to specify routing rules for accurate clock latency estimation. (OPT-902)
A total of 0 clock cells have been relocated
Information: The run time for clock cell relocation is 0 hr : 0 min : 0.19 sec, cpu time is 0 hr : 0 min : 0.19 sec. (CTS-104)
Information: The run time for netlink placement is 0 hr : 0 min : 0.00 sec, cpu time is 0 hr : 0 min : 0.00 sec. (CTS-104)
************************************************************
* CTS STEP: Gate-By-Gate Clock Tree Synthesis
************************************************************
Design rule constraints:
     max fanout  = 1000000
Computing criticality for all echelons
Warning: No clock routing rules were specified. Use set_clock_routing_rules to specify routing rules for accurate clock latency estimation. (OPT-902)
Num of echelons 1
  Level 0 Num Nodes: 1
Processing Echelon 1
Processing parameter set (max_tran 0.500000 max_cap 0.600000)
Warning: No default voltage defined in the design, taking it as zero for power calculations. (POW-080)
Warning: No default voltage defined in the design, taking it as zero for power calculations. (POW-080)
Warning: No default voltage defined in the design, taking it as zero for power calculations. (POW-080)
Warning: No default voltage defined in the design, taking it as zero for power calculations. (POW-080)
Warning: No default voltage defined in the design, taking it as zero for power calculations. (POW-080)
Warning: No default voltage defined in the design, taking it as zero for power calculations. (POW-080)
Warning: No default voltage defined in the design, taking it as zero for power calculations. (POW-080)
Warning: No default voltage defined in the design, taking it as zero for power calculations. (POW-080)
Warning: No default voltage defined in the design, taking it as zero for power calculations. (POW-080)
Warning: No default voltage defined in the design, taking it as zero for power calculations. (POW-080)
Note - message 'POW-080' limit (10) exceeded. Remainder will be suppressed.
Information: timingScenario CTS_DRC_OFF_SCEN0 timingCorner default.  Using corner default for worst leakage corner. Using corner default for worst dynamic corner. (OPT-078)
Information: Nominal = 0.0729227  Design MT = 0.475000  Target = 0.3180445  MaxRC = 0.219148 Fast Target = 0.105427 (OPT-081)
Using layer M4 for buffering distances in roi (originally M4)
bmap: stepx = stepy = 83600
creating bmap
DB units per micron : 10000
Core Area = 9 X 9 ()
   10% ...Number of Drivers Sized: 0 [0.00%]

-------------------------------------------------------------
 Echelon 1 gate by gate clock synthesis
 Gate level 1 clock tree synthesis
 Driving pin = clk
 Clocks: 
     core_clk (default)
 Design rule constraints:
     max transition = 0.500000
     max capacitance = 600.000000
 Number of Sinks = 122
 Number of Gates = 0
 Number of Loads = 122
 Added 2 Repeaters (B: 2 I: 0). Built 1 Repeater Levels for driver clk
 Phase delay: (max r/f: 0.120182/nan  min r/f: 0.120182/nan) : clk
Information: The run time for gate-by-gate clock tree synthesis is 0 hr : 0 min : 0.45 sec, cpu time is 0 hr : 0 min : 0.45 sec. (CTS-104)
************************************************************
* CTS STEP: Latency Bottleneck Analysis
************************************************************
The longest paths are reported for the primary corner.

Information: Latency Bottleneck Path for clock 'core_clk' and skew group 'default' in mode 'default' for clock root 'clk': (CTS-141)
(1) clk [Location: (67.62, 0.14)] [Pre-CTS Fanout: 122] [Phase Delay: (Rise: 0.120182, Fall: nan)]
 (2) zone_cycles_reg[35]/CLK [Location: (7.31, 61.68)] [SINK PIN]

Information: The run time for Latency Bottleneck Analysis is 0 hr : 0 min : 0.00 sec, cpu time is 0 hr : 0 min : 0.00 sec. (CTS-104)
************************************************************
* CTS STEP: DRC Fixing Beyond Exceptions
************************************************************
Warning: No clock routing rules were specified. Use set_clock_routing_rules to specify routing rules for accurate clock latency estimation. (OPT-902)
Design rule constraints:
     max fanout  = 1000000
Num of echelons 0
Information: The run time for DRC fixing beyond exceptions is 0 hr : 0 min : 0.19 sec, cpu time is 0 hr : 0 min : 0.19 sec. (CTS-104)
There are 2 buffers and 0 inverters added (total area 7.62) by Clock Tree Synthesis.
Information: 0 out of 2 clock cells have been moved due to NDR or via ladder related legalization rules.
Info: Clock cell and register co-legalization is disabled since advanced legalizer is disabled.
==============================Displacement Report for clock sink==============================
Clock sink moved: 1 out of 122, orientation changed without moving: 9
Clock sink displacement max = 1.672000 um, average = 0.013705 um
Clock sink with large displacement: 0 (Threshold: 5.016000 um)
Largest displacement cells:
Clock sink inst 'timer_reg[8]' snapped from (22.78, 33.42) (R0) to (21.11, 33.42) (R0) displacement = 1.672000 um.
==============================================================================================
Information: The run time for snapping registers is 0 hr : 0 min : 0.00 sec, cpu time is 0 hr : 0 min : 0.00 sec. (CTS-104)
INFO: wire-opt feature for router enabled
Cell Min-Routing-Layer = M1
Cell Max-Routing-Layer = MRDL
Turn off antenna since no rule is specified
Information: Option route.detail.force_end_on_preferred_grid will be ignored since none of the layers have preferred grid. (ZRT-703)
Warning: Cannot find a default contact code for layer CO. (ZRT-022)
Warning: Port VDD of cell water_sched is unplaced.  This may impact routing result. (ZRT-740)
Warning: Port VSS of cell water_sched is unplaced.  This may impact routing result. (ZRT-740)
Warning: Ignore 2 top cell ports with no pins. (ZRT-027)
Info: number of net_type_blockage: 0 
Information: Via ladder engine would be activated for pattern must join connection in certain commands. Please refer to man-page for the command list. (ZRT-619)
Information: AutoNdr rule can't be found. Check the settings.
Information: When applicable Min-max layer allow_pin_connection mode will allow paths of length 3.55 outside the layer range. (ZRT-707)
Information: When applicable Min-max layer allow_pin_connection mode will allow paths of length 3.55 outside the layer range on clock nets. (ZRT-718)
Information: When applicable layer based tapering will taper up to 0.00 in distance from the pin. (ZRT-706)
CTO: setting route_reuse..
************************************************************
* CTS STEP: Clock Net Global Routing
************************************************************
Performing initial clock net global routing ...
Warning: Power net VSS has no power preroutes, skip tie-off. (ZRT-101)
Information: The net parasitics of block water_sched are cleared. (TIM-123)
Total number of global routed clock nets: 3
Information: The run time for clock net global routing is 0 hr : 0 min : 0.18 sec, cpu time is 0 hr : 0 min : 0.18 sec. (CTS-104)
Information: The stitching and editing of coupling caps is turned OFF for design 'water_sched_lib:water_sched.design'. (TIM-125)
Information: Design water_sched has 627 nets, 3 global routed, 0 detail routed. (NEX-024)
Information: The RC mode used is CTO for design 'water_sched'. (NEX-022)
Information: Update timing completed net estimation for all the timing graph nets (TIM-111)
Information: Net estimation statistics: timing graph nets = 625, routed nets = 3, across physical hierarchy nets = 0, parasitics cached nets = 3, delay annotated nets = 0, parasitics annotated nets = 0, multi-voltage nets = 0. (TIM-112)
Information: The netlist change observers are disabled for incremental timing updates. (TIM-119)
Information: The netlist change observers are disabled for incremental extraction. (TIM-126)
CTSSC route status detected: clock (VR 0, GR 240, DR 0), data (VR 622, GR 0, DR 0); stage = auto, isPostRoute = FALSE
Information: 'default' is identified as primary corner for initial clock tree building. (CTS-103)
INFO: wire-opt feature for router enabled
Cell Min-Routing-Layer = M1
Cell Max-Routing-Layer = MRDL
Turn off antenna since no rule is specified
Information: Option route.detail.force_end_on_preferred_grid will be ignored since none of the layers have preferred grid. (ZRT-703)
Warning: Cannot find a default contact code for layer CO. (ZRT-022)
Warning: Port VDD of cell water_sched is unplaced.  This may impact routing result. (ZRT-740)
Warning: Port VSS of cell water_sched is unplaced.  This may impact routing result. (ZRT-740)
Warning: Ignore 2 top cell ports with no pins. (ZRT-027)
Info: number of net_type_blockage: 0 
Information: Via ladder engine would be activated for pattern must join connection in certain commands. Please refer to man-page for the command list. (ZRT-619)
Information: AutoNdr rule can't be found. Check the settings.
Information: When applicable Min-max layer allow_pin_connection mode will allow paths of length 3.55 outside the layer range. (ZRT-707)
Information: When applicable Min-max layer allow_pin_connection mode will allow paths of length 3.55 outside the layer range on clock nets. (ZRT-718)
Information: When applicable layer based tapering will taper up to 0.00 in distance from the pin. (ZRT-706)
Warning: Standard cell pin AOINVX4_RVT/VDDG has no valid via regions. (ZRT-044)
Warning: Standard cell pin AOINVX1_RVT/VDDG has no valid via regions. (ZRT-044)
Warning: Standard cell pin AOINVX2_RVT/VDDG has no valid via regions. (ZRT-044)
Warning: Standard cell pin AOBUFX2_RVT/VDDG has no valid via regions. (ZRT-044)
Warning: Standard cell pin AOBUFX4_RVT/VDDG has no valid via regions. (ZRT-044)
Warning: Standard cell pin AOBUFX1_RVT/VDDG has no valid via regions. (ZRT-044)
GR Routing Service: Started IMRD 
GR Routing Service: ndmAttrDef 'usr_tmng_crit' created with default value 0 
GR Routing Service: ndmAttrDef 'rted_by_minDly' created with default value 0 
GR Routing Service: ndmAttrDef 'port_subnet_crit_blkConn' created with default value 0 
GR Routing Service: ndmAttrDef 'port_subnet_crit_blkPort' created with default value 0 
Loading timing information to the router ...
Design  Scenario default (Mode default Corner default)
Timing information loaded to the router.
Information: Design Average RC for design water_sched  (NEX-011)
Information: r = 1.788258 ohm/um, via_r = 0.463390 ohm/cut, c = 0.068973 ff/um, cc = 0.000000 ff/um (X dir) (NEX-017)
Information: r = 1.672017 ohm/um, via_r = 0.578659 ohm/cut, c = 0.078734 ff/um, cc = 0.000000 ff/um (Y dir) (NEX-017)
GR Routing Service: Setting costIdx to 3 
GR Routing Service: rebuildCongmap: itr = 3 
Warning: Power net VSS has no power preroutes, skip tie-off. (ZRT-101)
Number of partitions: 1 (1 x 1)
Size of partitions: 41 gCells x 41 gCells
Average gCell capacity  5.85	 on layer (1)	 M1
Average gCell capacity  11.02	 on layer (2)	 M2
Average gCell capacity  5.42	 on layer (3)	 M3
Average gCell capacity  5.51	 on layer (4)	 M4
Average gCell capacity  2.71	 on layer (5)	 M5
Average gCell capacity  2.76	 on layer (6)	 M6
Average gCell capacity  1.34	 on layer (7)	 M7
Average gCell capacity  1.37	 on layer (8)	 M8
Average gCell capacity  0.66	 on layer (9)	 M9
Average gCell capacity  0.32	 on layer (10)	 MRDL
Average number of tracks per gCell 11.02	 on layer (1)	 M1
Average number of tracks per gCell 11.12	 on layer (2)	 M2
Average number of tracks per gCell 5.54	 on layer (3)	 M3
Average number of tracks per gCell 5.59	 on layer (4)	 M4
Average number of tracks per gCell 2.80	 on layer (5)	 M5
Average number of tracks per gCell 2.83	 on layer (6)	 M6
Average number of tracks per gCell 1.44	 on layer (7)	 M7
Average number of tracks per gCell 1.44	 on layer (8)	 M8
Average number of tracks per gCell 0.73	 on layer (9)	 M9
Average number of tracks per gCell 0.37	 on layer (10)	 MRDL
Number of gCells = 16810
[updNetsDmd] Elapsed real time: 0:00:00 
[updNetsDmd] Elapsed cpu  time: sys=0:00:00 usr=0:00:00 total=0:00:00
Created 1 thread routing service with costIdx = 3. (tbbMode 0)
GR Routing Service: Setting costIdx to 1 
rtapi Thread-server 0: startup 
Warning: Power net VSS has no power preroutes, skip tie-off. (ZRT-101)

************************************************************
* CTS STEP: Initial DRC fixing
************************************************************

[cto] Starting InitDrc.1
start cto; name: water_sched; type: design; tot_drc_vio: 0; buf_ct: 2; buf_area: 7.624320; cell_area: 7.624320
start cto; name: default:core_clk; type: clock; latency: 0.121231; gskew: 0.120850; tot_drc_vio: 0; wtran: 0.000000; wcap: 0.000000; buf_ct: 2; buf_area: 7.624320; cell_area: 7.624320
-------------------------------------------------------------
Optimizing clock tree DRC
clock: core_clk mode: default root: clk
Clock QoR Before DRC Optimization:
Clock: core_clk, Mode: default, Root: clk
Information: CTS QoR Pre Initial DRC Fixing: GlobalSkew = 0.1208; ID = 0.1212; NetsWithDRC = 0; Worst Tran/Cap cost = 0.0000/0.0000; ClockBufCount = 2; ClockBufArea = 7.6243; ClockCellArea = 7.6243; ClockWireLen = 505.0250; Clock = core_clk; Mode = default; Corner = default; ClockRoot = clk. (CTS-037)

Begin Pre-Opt Drc Fixing
Starting multithread based drc fixing Pre opt drc fixing
Info: message level of flow 16 ctoDrc is set as 0/1 for verbose/tMessage
Iteration 1 (effort: high)
Iteration 2 (effort: high)

    Optimization Summary 		

-------------------------------------------------

	# Drivers Attempted               =          0
	# Skipped during isValid and estimate          =          0
	# Failed subgraph evaluation           =          0
	# Failed main graph committ          =          0
	# Successful main graph commit      =          0
	# NumCTCells changed               =          0


	# Total CPU time                  = 00h:00m:00s
	# Total elapsed time              = 00h:00m:00s
	# Flow total speed up             =     1.0034

-------------------------------------------------

HARNESS Summary: 
	Margin used: 0.005

Info: message level of flow 16 ctoDrc is set back as 0/1 for verbose/tMessage
Pre-Opt drc fixing cpu time 00:00:00.14u 00:00:00.00s 00:00:00.14e: 
Clock QoR After Pre-Opt Drc Fixing:
Clock: core_clk, Mode: default, Root: clk
Information: CTS QoR Post Initial DRC Fixing: GlobalSkew = 0.1208; ID = 0.1212; NetsWithDRC = 0; Worst Tran/Cap cost = 0.0000/0.0000; ClockBufCount = 2; ClockBufArea = 7.6243; ClockCellArea = 7.6243; ClockWireLen = 505.0250; Clock = core_clk; Mode = default; Corner = default; ClockRoot = clk. (CTS-037)
The elapsed time for optimization of clock tree is 0 hr : 0 min : 0.14 sec, cpu time is 0 hr : 0 min : 0.14 sec.
Information: The run time for Initial DRC fixing is 0 hr : 0 min : 0.14 sec, cpu time is 0 hr : 0 min : 0.14 sec. (CTS-104)
[cto] Finished InitDrc.1: PASS

************************************************************
* CTS STEP: Path-based global latency and skew optimization
************************************************************

[cto] Starting GLS.1
No corner selected from constraint nor user primary corner
Selecting clock core_clk mode default corner:  default	
-------------------------------------------------------------
Optimizing clock tree global latency and skew
clock: core_clk mode: default root: clk
Clock QoR Before Global latency and skew opt:
Clock: core_clk, Mode: default, Root: clk
Information: CTS QoR Pre Optimization: GlobalSkew = 0.1208; ID = 0.1212; NetsWithDRC = 0; Worst Tran/Cap cost = 0.0000/0.0000; ClockBufCount = 2; ClockBufArea = 7.6243; ClockCellArea = 7.6243; ClockWireLen = 505.0250; Clock = core_clk; Mode = default; Corner = default; ClockRoot = clk. (CTS-037)

Begin Global Latency and Skew Optimization
Starting multithread based global latency and skew optimization
Info: message level of flow 17 ctoLatency is set as 0/1 for verbose/tMessage

    Optimization Summary 		

-------------------------------------------------

	# Drivers Attempted               =          1
	# Skipped during isValid and estimate          =          0
	# Failed subgraph evaluation           =          0
	# Failed main graph committ          =          0
	# Successful main graph commit      =          1
	# Subgraph evaluation success rate in percent =     1.0000
	# Sg2Main acceptance ratio in percent      =     1.0000
	# NumCTCells changed               =          1

	# Accepted      buffering moves =        1

	# Total CPU time                  = 00h:00m:00s
	# Total elapsed time              = 00h:00m:00s
	# Flow total speed up             =     0.9981
	# Commit CPU time                 = 00h:00m:00s
	# Commit elapsed time             = 00h:00m:00s
	# Commit speed up                 =     0.9970
	# Generator CPU time              = 00h:00m:00s
	# Generator elapsed time          = 00h:00m:00s
	# Generator speed up              =     0.9979
	# Sg CPU time                     = 00h:00m:00s
	# Sg elapsed time                 = 00h:00m:00s
	# Sg speed up                     =     0.9981
	# The rest of flow speed up       =     0.9981

-------------------------------------------------


    Optimization Summary 		

-------------------------------------------------

	# Drivers Attempted               =          0
	# Skipped during isValid and estimate          =          0
	# Failed subgraph evaluation           =          0
	# Failed main graph committ          =          0
	# Successful main graph commit      =          0
	# NumCTCells changed               =          0


	# Total CPU time                  = 00h:00m:00s
	# Total elapsed time              = 00h:00m:00s
	# Flow total speed up             =     0.9990

-------------------------------------------------

Info: message level of flow 17 ctoLatency is set back as 0/1 for verbose/tMessage
Global latency and skew opt cpu time 00:00:00.09u 00:00:00.00s 00:00:00.09e: 
Clock QoR After Global latency and skew opt:
Clock: core_clk, Mode: default, Root: clk
Information: CTS QoR Post Network Flow Optimization: GlobalSkew = 0.0180; ID = 0.1185; NetsWithDRC = 0; Worst Tran/Cap cost = 0.0000/0.0000; ClockBufCount = 3; ClockBufArea = 13.7238; ClockCellArea = 13.7238; ClockWireLen = 558.7560; Clock = core_clk; Mode = default; Corner = default; ClockRoot = clk. (CTS-037)
Longest path:
  (0) 0.0010		0.0000		ZCTSBUF_1726_37/A
  (1) 0.1171		0.1161		ZCTSBUF_1726_37/Y
  (2) 0.1185		0.0015		zone_cycles_reg[32]/CLK
Shortest path:
  (0) 0.0003		0.0000		ctosc_gls_inst_143/A
  (1) 0.0999		0.0996		ctosc_gls_inst_143/Y
  (2) 0.1005		0.0007		cycles_done_reg[19]/CLK
The elapsed time for optimization of clock tree is 0 hr : 0 min : 0.09 sec, cpu time is 0 hr : 0 min : 0.09 sec.
Information: The run time for Path-based global latency and skew optimization is 0 hr : 0 min : 0.09 sec, cpu time is 0 hr : 0 min : 0.09 sec. (CTS-104)
[cto] Finished GLS.1: PASS

************************************************************
* CTS STEP: Area recovery
************************************************************

[cto] Starting AR.1
No corner selected from constraint nor user primary corner
Selecting clock core_clk mode default corner:  default	
-------------------------------------------------------------
Optimizing clock tree area
clock: core_clk mode: default root: clk
Starting multithread based area recovery and subtree balancing
Info: message level of flow 19 ctoAreaRecovery is set as 0/1 for verbose/tMessage
Iteration 2 (effort: low)

    Optimization Summary 		

-------------------------------------------------

	# Drivers Attempted               =          6
	# Skipped during isValid and estimate          =          0
	# Failed subgraph evaluation           =          6
	# Failed main graph committ          =          0
	# Successful main graph commit      =          0
	# Subgraph evaluation success rate in percent =     0.0000
	# NumCTCells changed               =          0


	# Total CPU time                  = 00h:00m:00s
	# Total elapsed time              = 00h:00m:00s
	# Flow total speed up             =     0.9974

-------------------------------------------------

Info: message level of flow 19 ctoAreaRecovery is set back as 0/1 for verbose/tMessage
Clock QoR After Area Recovery and Subtree Balancing:
Clock: core_clk, Mode: default, Root: clk
Information: CTS QoR Post Area Recovery Resizing: GlobalSkew = 0.0180; ID = 0.1185; NetsWithDRC = 0; Worst Tran/Cap cost = 0.0000/0.0000; ClockBufCount = 3; ClockBufArea = 13.7238; ClockCellArea = 13.7238; ClockWireLen = 558.7560; Clock = core_clk; Mode = default; Corner = default; ClockRoot = clk. (CTS-037)
Area recovery and subtree balancing cpu time 00:00:00.06u 00:00:00.00s 00:00:00.06e: 
The elapsed time for optimization of clock tree is 0 hr : 0 min : 0.06 sec, cpu time is 0 hr : 0 min : 0.06 sec.
Information: The run time for Area recovery is 0 hr : 0 min : 0.06 sec, cpu time is 0 hr : 0 min : 0.06 sec. (CTS-104)
[cto] Finished AR.1: PASS

************************************************************
* CTS STEP: Final DRC fixing
************************************************************

[cto] Starting PostDrc.1
-------------------------------------------------------------
Optimizing clock tree DRC
clock: core_clk mode: default root: clk
Clock QoR Before DRC Optimization:
Clock: core_clk, Mode: default, Root: clk
Information: CTS QoR Pre Final DRC Fixing: GlobalSkew = 0.0180; ID = 0.1185; NetsWithDRC = 0; Worst Tran/Cap cost = 0.0000/0.0000; ClockBufCount = 3; ClockBufArea = 13.7238; ClockCellArea = 13.7238; ClockWireLen = 558.7560; Clock = core_clk; Mode = default; Corner = default; ClockRoot = clk. (CTS-037)

Begin Post-Opt Drc Fixing
Starting multithread based drc fixing Post opt drc fixing
Info: message level of flow 16 ctoDrc is set as 0/1 for verbose/tMessage

    Optimization Summary 		

-------------------------------------------------

	# Drivers Attempted               =          0
	# Skipped during isValid and estimate          =          0
	# Failed subgraph evaluation           =          0
	# Failed main graph committ          =          0
	# Successful main graph commit      =          0
	# NumCTCells changed               =          0


	# Total CPU time                  = 00h:00m:00s
	# Total elapsed time              = 00h:00m:00s
	# Flow total speed up             =     1.0000

-------------------------------------------------

Info: message level of flow 16 ctoDrc is set back as 0/1 for verbose/tMessage
Post-Opt drc fixing cpu time 00:00:00.00u 00:00:00.00s 00:00:00.00e: 
Clock QoR After Post-Opt Drc Fixing:
Clock: core_clk, Mode: default, Root: clk
Information: CTS QoR Post Final DRC Fixing: GlobalSkew = 0.0180; ID = 0.1185; NetsWithDRC = 0; Worst Tran/Cap cost = 0.0000/0.0000; ClockBufCount = 3; ClockBufArea = 13.7238; ClockCellArea = 13.7238; ClockWireLen = 558.7560; Clock = core_clk; Mode = default; Corner = default; ClockRoot = clk. (CTS-037)
The elapsed time for optimization of clock tree is 0 hr : 0 min : 0.00 sec, cpu time is 0 hr : 0 min : 0.00 sec.
Information: The run time for Final DRC fixing is 0 hr : 0 min : 0.00 sec, cpu time is 0 hr : 0 min : 0.00 sec. (CTS-104)
[cto] Finished PostDrc.1: PASS
[cto] Starting CtoAppOptionReset.1
[cto] Finished CtoAppOptionReset.1: PASS

************************************************************
* CTS STEP: Local skew optimization
************************************************************

[cto] Starting SolverBasedCto.1
Information: The stitching and editing of coupling caps is turned OFF for design 'water_sched_lib:water_sched.design'. (TIM-125)
Information: Update timing completed net estimation for all the timing graph nets (TIM-111)
Information: Net estimation statistics: timing graph nets = 626, routed nets = 4, across physical hierarchy nets = 0, parasitics cached nets = 4, delay annotated nets = 0, parasitics annotated nets = 0, multi-voltage nets = 0. (TIM-112)

Mode:default          Latency(early)   Latency(late)
Clock        Updated   rise    fall    rise    fall   Corner
------------------------------------------------------------
core_clk     Yes     0.1017  0.1017  0.1132  0.1132   default

Information: The stitching and editing of coupling caps is turned OFF for design 'water_sched_lib:water_sched.design'. (TIM-125)
Information: Update timing completed net estimation for all the timing graph nets (TIM-111)
Information: Net estimation statistics: timing graph nets = 626, routed nets = 4, across physical hierarchy nets = 0, parasitics cached nets = 626, delay annotated nets = 0, parasitics annotated nets = 0, multi-voltage nets = 0. (TIM-112)
Clock: core_clk, Mode: default, Root: clk
Information: CTS QoR Pre Local Skew Optimization: GlobalSkew = nan; ID = nan; NetsWithDRC = 0; Worst Tran/Cap cost = 0.0000/0.0000; ClockBufCount = 3; ClockBufArea = 13.7238; ClockCellArea = 13.7238; ClockWireLen = 558.7560; Clock = core_clk; Mode = default; Corner = default; ClockRoot = clk. (CTS-037)
CCD MOO settings for (cto1, last_qor_strategy): 4 engines
    Engine R2R_TNS has 7 objectives, 3 enabled moves, iterationLimit = 1, solverType = CG_LP, estimateFanoutPower = 0, mergeIOWithR2R = 1, areaOnly = 0, useOldEngine = 0, preponeOpt = 1
                tns300Cutoff = 300, capAllowance = 1.600000, cgccdScaleBack = 5, powerccdScaleBack = 0, needTrialSeedGeneration = 0, drcMargin = 0.000000, commitOneByOne = 0, offRoute=0
            R2R_TNS: priority 10, weight 10.000000, degradationPercentAllowed 0.010000, step back 0.090000, isTargeted 1, isMaximize 1
            HOLD_TNS: priority 20, weight 5.000000, degradationPercentAllowed 0.050000, step back 0.050000, isTargeted 1, isMaximize 1
            NONE_POWER: priority 30, weight 1.000000, degradationPercentAllowed 0.005000, step back 0.050000, isTargeted 1, isMaximize 0
            R2R_WNS: priority 50, weight 5.000000, degradationPercentAllowed 0.050000, step back 0.050000, isTargeted 1, isMaximize 1
            HOLD_WNS: priority 60, weight 5.000000, degradationPercentAllowed 0.050000, step back 0.050000, isTargeted 0, isMaximize 1
            IO_TNS: priority 70, weight 1.000000, degradationPercentAllowed 0.050000, step back 0.050000, isTargeted 0, isMaximize 1
            NONE_TOTAL_OFFSET: priority 99, weight 1.000000, degradationPercentAllowed nan, step back 0.050000, isTargeted 0, isMaximize 1
        Moves enabled: SIZE_CLOCK_TIMING, BUFFER_REMOVAL_CLOCK_TIMING, REPARENTING_CLOCK_TIMING, 
    Engine HOLD_TNS has 8 objectives, 2 enabled moves, iterationLimit = 1, solverType = CG_LP, estimateFanoutPower = 0, mergeIOWithR2R = 1, areaOnly = 0, useOldEngine = 0, preponeOpt = 0
                tns300Cutoff = 300, capAllowance = 1.600000, cgccdScaleBack = 5, powerccdScaleBack = 0, needTrialSeedGeneration = 0, drcMargin = 0.000000, commitOneByOne = 0, offRoute=1
            HOLD_TNS: priority 10, weight 2.000000, degradationPercentAllowed 0.010000, step back 0.090000, isTargeted 1, isMaximize 1
            R2R_TNS: priority 20, weight 2.000000, degradationPercentAllowed 0.025000, step back 0.050000, isTargeted 1, isMaximize 1
            NONE_POWER: priority 30, weight 1.000000, degradationPercentAllowed 0.004000, step back 0.050000, isTargeted 1, isMaximize 0
            NONE_BUFFER_COUNT: priority 40, weight 5.000000, degradationPercentAllowed 0.005000, step back 0.100000, isTargeted 1, isMaximize 0
            R2R_WNS: priority 50, weight 1.000000, degradationPercentAllowed 0.010000, step back 0.050000, isTargeted 1, isMaximize 1
            HOLD_WNS: priority 60, weight 1.000000, degradationPercentAllowed 0.050000, step back 0.050000, isTargeted 0, isMaximize 1
            IO_TNS: priority 70, weight 1.000000, degradationPercentAllowed 0.050000, step back 0.050000, isTargeted 0, isMaximize 1
            NONE_TOTAL_OFFSET: priority 100, weight 1.000000, degradationPercentAllowed nan, step back 0.050000, isTargeted 0, isMaximize 1
        Moves enabled: SIZE_CLOCK_TIMING, BUFFER_CLOCK, 
    Engine R2R_TNS has 8 objectives, 2 enabled moves, iterationLimit = 1, solverType = CG_LP, estimateFanoutPower = 0, mergeIOWithR2R = 1, areaOnly = 0, useOldEngine = 0, preponeOpt = 0
                tns300Cutoff = 300, capAllowance = 1.600000, cgccdScaleBack = 5, powerccdScaleBack = 0, needTrialSeedGeneration = 1, drcMargin = 0.000000, commitOneByOne = 0, offRoute=1
            R2R_TNS: priority 10, weight 10.000000, degradationPercentAllowed 0.010000, step back 0.090000, isTargeted 1, isMaximize 1
            HOLD_TNS: priority 20, weight 5.000000, degradationPercentAllowed 0.050000, step back 0.050000, isTargeted 1, isMaximize 1
            NONE_POWER: priority 30, weight 1.000000, degradationPercentAllowed 0.005000, step back 0.050000, isTargeted 1, isMaximize 0
            NONE_BUFFER_COUNT: priority 40, weight 5.000000, degradationPercentAllowed 0.005000, step back 0.100000, isTargeted 1, isMaximize 0
            R2R_WNS: priority 50, weight 5.000000, degradationPercentAllowed 0.050000, step back 0.050000, isTargeted 1, isMaximize 1
            HOLD_WNS: priority 60, weight 5.000000, degradationPercentAllowed 0.050000, step back 0.050000, isTargeted 0, isMaximize 1
            IO_TNS: priority 70, weight 1.000000, degradationPercentAllowed 0.050000, step back 0.050000, isTargeted 0, isMaximize 1
            NONE_TOTAL_OFFSET: priority 100, weight 1.000000, degradationPercentAllowed nan, step back 0.050000, isTargeted 0, isMaximize 1
          Objectives for trial seed generation: 
            R2R_TNS: priority 10, weight 10.000000, degradationPercentAllowed 0.010000, step back 0.070000, isTargeted 1, isMaximize 1
            NONE_BUFFER_COUNT: priority 20, weight 1.000000, degradationPercentAllowed 0.100000, step back 0.050000, isTargeted 1, isMaximize 0
            NONE_TOTAL_OFFSET: priority 30, weight 1.000000, degradationPercentAllowed nan, step back 0.050000, isTargeted 1, isMaximize 1
            R2R_WNS: priority 40, weight 5.000000, degradationPercentAllowed 0.010000, step back 0.050000, isTargeted 0, isMaximize 1
            HOLD_TNS: priority 50, weight 10.000000, degradationPercentAllowed 0.010000, step back 0.030000, isTargeted 0, isMaximize 1
            HOLD_WNS: priority 60, weight 1.000000, degradationPercentAllowed 0.010000, step back 0.030000, isTargeted 0, isMaximize 1
            IO_TNS: priority 70, weight 1.000000, degradationPercentAllowed 0.050000, step back 0.050000, isTargeted 0, isMaximize 1
        Moves enabled: SIZE_CLOCK_TIMING, BUFFER_CLOCK, 
    Engine NONE_POWER has 8 objectives, 2 enabled moves, iterationLimit = 1, solverType = CG_LP, estimateFanoutPower = 1, mergeIOWithR2R = 1, areaOnly = 0, useOldEngine = 0, preponeOpt = 0
                tns300Cutoff = 300, capAllowance = 100.000000, cgccdScaleBack = 5, powerccdScaleBack = 0, needTrialSeedGeneration = 0, drcMargin = 0.000000, commitOneByOne = 0, offRoute=0
            NONE_POWER: priority 10, weight 20.000000, degradationPercentAllowed 0.005000, step back 0.050000, isTargeted 1, isMaximize 0
            NONE_BUFFER_COUNT: priority 20, weight 10.000000, degradationPercentAllowed 0.005000, step back 0.050000, isTargeted 1, isMaximize 0
            R2R_TNS: priority 30, weight 2.000000, degradationPercentAllowed 0.050000, step back 0.100000, isTargeted 1, isMaximize 1
            HOLD_TNS: priority 40, weight 1.000000, degradationPercentAllowed 0.000000, step back 0.050000, isTargeted 1, isMaximize 1
            R2R_WNS: priority 50, weight 1.000000, degradationPercentAllowed 0.005000, step back 0.050000, isTargeted 1, isMaximize 1
            HOLD_WNS: priority 60, weight 1.000000, degradationPercentAllowed 0.100000, step back 0.050000, isTargeted 0, isMaximize 1
            IO_TNS: priority 70, weight 1.000000, degradationPercentAllowed 0.050000, step back 0.050000, isTargeted 0, isMaximize 1
            NONE_TOTAL_OFFSET: priority 100, weight 1.000000, degradationPercentAllowed nan, step back 0.050000, isTargeted 0, isMaximize 1
        Moves enabled: SIZE_CLOCK_POWER, BUFFER_REMOVAL_CLOCK_POWER, 
DBG: ccdInfra::ccdInfra
Drc Mode Option: auto
CCD blasted path groups
DBG: ccdInfra::initAppOptions
DBG: ccdInfra::initCtsFixedBalancePins

CCD-Info: App options set by user
   clock_opt.flow.optimize_ndr = true
CCD: using 1 threads
CTSSC route status detected: clock (VR 0, GR 246, DR 0), data (VR 622, GR 0, DR 0); stage = auto, isPostRoute = FALSE
Information: Activity propagation will be performed for scenario default.
Information: Doing activity propagation for mode 'default' and corner 'default' with effort level 'low'. (POW-024)
Information: Timer-derived activity data is cached on scenario default (POW-052)
Information: Running switching activity propagation in scalar mode!

 **** Information : No. of simulation cycles = 4 ****
Total power = 0.091419, Leakage = 0.031890, Internal = 0.050076, Switching = 0.009454
Information: 'default' is identified as primary corner for initial clock tree building. (CTS-103)

CCD: Initial QOR:
---------------------------------------------------------------------------------------------
 Design (setup) WNS = 2.972498, TNS = 0.000000, NVP = 0
 Design (hold) WNHS = 0.180077, TNHS = 0.000000, NHVP = 0

    Scenario default  WNS = 2.972498, TNS = 0.000000, NVP = 0
    Scenario default  WNHS = 0.180077, TNHS = 0.000000, NHVP = 0
---------------------------------------------------------------------------------------------
CCD-QoR: Timing: WNS = 2.972, TNS = 0.000, NVP = 0, UNWEIGHTED_TNS = 0.000, WNHS = 0.180, TNHS = 0.000, NHVP = 0, UNWEIGHTED_TNHS = 0.000, R2R(wns=4.959334, tns=0.000000, nvp=0)
 All scenarios used by CCD
    scenario 0: default , isDynamicPower, isLeakagePower, isMaxTran, isMaxCap
          mode: default, id = 0
          corner: default, id = 0
          isSetup: wns = 2.972498, unweighted tns = 0.000000
          isHold: wns = 0.180077, unweighted tns = 0.000000

Info: message level of flow 22 cto1 is set as 0/1 for verbose/tMessage
Enable clock slack update

    Optimization Summary 		

-------------------------------------------------

  # Seeds generated                              3
  # Valid linear regressions                     1
  # Seeds with valid budget                      1
  # Seeds with accepted implementation           1
  # NumCTCells changed                           0

  # Number of cells sized                        1
  # Number of cells added                        0
  # Number of cells removed                      0
  # Number of cells relocated                    0
  # Number of cells flipped rotated              0

  # Total CPU time                               00h:00m:00s
  # Total elapsed time                           00h:00m:00s
  # Flow total speed up                          0.998242
  # Init lazy tns CPU time                       00h:00m:00s
  # Init lazy tns elapsed time                   00h:00m:00s
  # Init lazy tns speed up                       0.998296
  # Seed generation CPU time                     00h:00m:00s
  # Seed generation elapsed time                 00h:00m:00s
  # Seed generation speed up                     0.996581
  # Linear regression CPU time                   00h:00m:00s
  # Linear regression elapsed time               00h:00m:00s
  # Linear regression speed up                   0.997238
  # LP solver CPU time                           00h:00m:00s
  # LP solver elapsed time                       00h:00m:00s
  # LP solver speed up                           0.998815
  # Breakdown of elapsed runtime for solver:     
     Lazy model initializations:                 96.00%
     Prepare moo/get initial QOR:                1.54%
     Commit/annotate budget:                     0.00%
     Solve runtime: 2.22% of which 1.39% is incremental-LP runtime
     Other:                                      0.25%
  # Sg implementation CPU time                   00h:00m:00s
  # Sg implementation elapsed time               00h:00m:00s
  # Sg speed up                                  0.997635
  # Commit CPU time                              00h:00m:00s
  # Commit elapsed time                          00h:00m:00s
  # Commit speed up                              0.998779

-------------------------------------------------

Info: message level of flow 22 cto1 is set back as 0/1 for verbose/tMessage

CCD: After FMAX optimization:cto1_NONE_POWER3
---------------------------------------------------------------------------------------------
 Design (setup) WNS = 3.004459, TNS = 0.000000, NVP = 0
 Design (hold) WNHS = 0.180077, TNHS = 0.000000, NHVP = 0

    Scenario default  WNS = 3.004459, TNS = 0.000000, NVP = 0
    Scenario default  WNHS = 0.180077, TNHS = 0.000000, NHVP = 0
---------------------------------------------------------------------------------------------
CCD-QoR: Timing: WNS = 3.004, TNS = 0.000, NVP = 0, UNWEIGHTED_TNS = 0.000, WNHS = 0.180, TNHS = 0.000, NHVP = 0, UNWEIGHTED_TNHS = 0.000, R2R(wns=4.932312, tns=0.000000, nvp=0)
Mark clock trees...
Marking clock synthesized attributes

Marking spacing rules

Clock cell spacing rule list:
   No clock cell spacing rule is found.
CCD unblasted path groups
Clock: core_clk, Mode: default, Root: clk
Information: CTS QoR Post Local Skew Optimization: GlobalSkew = nan; ID = nan; NetsWithDRC = 0; Worst Tran/Cap cost = 0.0000/0.0000; ClockBufCount = 3; ClockBufArea = 11.4365; ClockCellArea = 11.4365; ClockWireLen = 558.7560; Clock = core_clk; Mode = default; Corner = default; ClockRoot = clk. (CTS-037)
Information: The run time for Local skew optimization is 0 hr : 0 min : 0.30 sec, cpu time is 0 hr : 0 min : 0.30 sec. (CTS-104)
[cto] Finished SolverBasedCto.1: PASS
rtapi Thread-server 0: shutdown 

No. startProblems      =    11 

No. doRoutes           =    11 
No. doUnroutes         =    10 
No. redoRoutes         =     2 
No. redoUnroutes       =     1 
No. undoRoutes         =    11 
No. undoUnroutes       =    10 
No. commitRoutes       =     2 
No. commitUnroutes     =     1 
No. uncommitRoutes     =     0 
No. uncommitUnroutes   =     0 
No. doRoute fails      =     0 
No. doUnroute fails    =     0 

No. viaLadderQueries   =     0 
No. doDelVias          =     0 
No. doAddVias          =     0 
No. redoDelVias        =     0 
No. redoAddVias        =     0 
No. undoDelVias        =     0 
No. undoAddVias        =     0 
No. commitChangeVias   =     0 
No. uncommitChangeVias =     0 
No. doDelVias fails    =     0 
No. doAddVias fails    =     0 

Updating congestion ...
Updating congestion ...
GR Routing Service: Wrote GR congmap to NDM 
Information: The netlist change observers are enabled for incremental timing updates. (TIM-120)
Information: The netlist change observers are enabled for incremental extraction. (TIM-127)
INFO: wire-opt feature for router enabled
Information: The net parasitics of block water_sched are cleared. (TIM-123)
Cell Min-Routing-Layer = M1
Cell Max-Routing-Layer = MRDL
Turn off antenna since no rule is specified
Information: Option route.detail.force_end_on_preferred_grid will be ignored since none of the layers have preferred grid. (ZRT-703)
Warning: Cannot find a default contact code for layer CO. (ZRT-022)
Warning: Port VDD of cell water_sched is unplaced.  This may impact routing result. (ZRT-740)
Warning: Port VSS of cell water_sched is unplaced.  This may impact routing result. (ZRT-740)
Warning: Ignore 2 top cell ports with no pins. (ZRT-027)
Info: number of net_type_blockage: 0 
Information: Via ladder engine would be activated for pattern must join connection in certain commands. Please refer to man-page for the command list. (ZRT-619)
Information: AutoNdr rule can't be found. Check the settings.
Information: When applicable Min-max layer allow_pin_connection mode will allow paths of length 3.55 outside the layer range. (ZRT-707)
Information: When applicable Min-max layer allow_pin_connection mode will allow paths of length 3.55 outside the layer range on clock nets. (ZRT-718)
Information: When applicable layer based tapering will taper up to 0.00 in distance from the pin. (ZRT-706)
Warning: Standard cell pin AOINVX4_RVT/VDDG has no valid via regions. (ZRT-044)
Warning: Standard cell pin AOINVX1_RVT/VDDG has no valid via regions. (ZRT-044)
Warning: Standard cell pin AOINVX2_RVT/VDDG has no valid via regions. (ZRT-044)
Warning: Standard cell pin AOBUFX2_RVT/VDDG has no valid via regions. (ZRT-044)
Warning: Standard cell pin AOBUFX4_RVT/VDDG has no valid via regions. (ZRT-044)
Warning: Standard cell pin AOBUFX1_RVT/VDDG has no valid via regions. (ZRT-044)
Warning: Cell ctosc_gls_inst_143 is placed overlapping with other cells at {{60.632 5.000} {62.912 6.672}}. (ZRT-763)
Start Global Route ... 
[Init] Elapsed real time: 0:00:00 
[Init] Elapsed cpu  time: sys=0:00:00 usr=0:00:00 total=0:00:00
[Init] Stage (MB): Used    0  Alloctr    0  Proc    0 
[Init] Total (MB): Used    0  Alloctr    0  Proc 5463 
Printing options for 'route.common.*'
common.verbose_level                                    :	 0                   

Printing options for 'route.global.*'

Begin global routing.
Loading parastics information to the router ...
parastics information loaded to the router.
[End of Loading Timing] Elapsed real time: 0:00:00 
[End of Loading Timing] Elapsed cpu  time: sys=0:00:00 usr=0:00:00 total=0:00:00
Constructing data structure ...
Design statistics:
Design Bounding Box (0.00um,0.00um,69.28um,68.52um)
Number of routing layers = 10
layer M1, dir Hor, min width = 0.05um, min space = 0.05um pitch = 0.152um
layer M2, dir Ver, min width = 0.056um, min space = 0.056um pitch = 0.152um
layer M3, dir Hor, min width = 0.056um, min space = 0.056um pitch = 0.304um
layer M4, dir Ver, min width = 0.056um, min space = 0.056um pitch = 0.304um
layer M5, dir Hor, min width = 0.056um, min space = 0.056um pitch = 0.608um
layer M6, dir Ver, min width = 0.056um, min space = 0.056um pitch = 0.608um
layer M7, dir Hor, min width = 0.056um, min space = 0.056um pitch = 1.216um
layer M8, dir Ver, min width = 0.056um, min space = 0.056um pitch = 1.216um
layer M9, dir Hor, min width = 0.16um, min space = 0.16um pitch = 2.432um
layer MRDL, dir Ver, min width = 2um, min space = 2um pitch = 4.864um
Current Stage stats:
[End of Build Tech Data] Elapsed real time: 0:00:00 
[End of Build Tech Data] Elapsed cpu  time: sys=0:00:00 usr=0:00:00 total=0:00:00
[End of Build Tech Data] Stage (MB): Used    0  Alloctr    0  Proc    0 
[End of Build Tech Data] Total (MB): Used    0  Alloctr    0  Proc 5463 
Warning: Power net VSS has no power preroutes, skip tie-off. (ZRT-101)
Net statistics:
Total number of nets     = 628
Number of nets to route  = 4
624 open nets
 of which 623 are without routing or PSV shapes
1 nets are partially connected,
 of which 0 are detail routed and 1 are global routed.
4 nets are fully connected,
 of which 1 are detail routed and 3 are global routed.
Current Stage stats:
[End of Build All Nets] Elapsed real time: 0:00:00 
[End of Build All Nets] Elapsed cpu  time: sys=0:00:00 usr=0:00:00 total=0:00:00
[End of Build All Nets] Stage (MB): Used    0  Alloctr    0  Proc    0 
[End of Build All Nets] Total (MB): Used    0  Alloctr    0  Proc 5463 
Net length statistics: 
Net Count(Ignore Fully Rted) 1, Total Half Perimeter Wire Length (HPWL) 84 microns
HPWL   0 ~   50 microns: Net Count        0	Total HPWL            0 microns
HPWL  50 ~  100 microns: Net Count        1	Total HPWL           84 microns
HPWL 100 ~  200 microns: Net Count        0	Total HPWL            0 microns
HPWL 200 ~  300 microns: Net Count        0	Total HPWL            0 microns
HPWL 300 ~  400 microns: Net Count        0	Total HPWL            0 microns
HPWL 400 ~  500 microns: Net Count        0	Total HPWL            0 microns
HPWL 500 ~  600 microns: Net Count        0	Total HPWL            0 microns
HPWL 600 ~  700 microns: Net Count        0	Total HPWL            0 microns
HPWL 700 ~  800 microns: Net Count        0	Total HPWL            0 microns
HPWL 800 ~  900 microns: Net Count        0	Total HPWL            0 microns
HPWL 900 ~ 1000 microns: Net Count        0	Total HPWL            0 microns
HPWL     > 1000 microns: Net Count        0	Total HPWL            0 microns
Number of partitions: 1 (1 x 1)
Size of partitions: 41 gCells x 41 gCells
Average gCell capacity  5.85	 on layer (1)	 M1
Average gCell capacity  11.02	 on layer (2)	 M2
Average gCell capacity  5.42	 on layer (3)	 M3
Average gCell capacity  5.51	 on layer (4)	 M4
Average gCell capacity  2.71	 on layer (5)	 M5
Average gCell capacity  2.76	 on layer (6)	 M6
Average gCell capacity  1.34	 on layer (7)	 M7
Average gCell capacity  1.37	 on layer (8)	 M8
Average gCell capacity  0.66	 on layer (9)	 M9
Average gCell capacity  0.32	 on layer (10)	 MRDL
Average number of tracks per gCell 11.02	 on layer (1)	 M1
Average number of tracks per gCell 11.12	 on layer (2)	 M2
Average number of tracks per gCell 5.54	 on layer (3)	 M3
Average number of tracks per gCell 5.59	 on layer (4)	 M4
Average number of tracks per gCell 2.80	 on layer (5)	 M5
Average number of tracks per gCell 2.83	 on layer (6)	 M6
Average number of tracks per gCell 1.44	 on layer (7)	 M7
Average number of tracks per gCell 1.44	 on layer (8)	 M8
Average number of tracks per gCell 0.73	 on layer (9)	 M9
Average number of tracks per gCell 0.37	 on layer (10)	 MRDL
Number of gCells = 16810
Current Stage stats:
[End of Build Congestion Map] Elapsed real time: 0:00:00 
[End of Build Congestion Map] Elapsed cpu  time: sys=0:00:00 usr=0:00:00 total=0:00:00
[End of Build Congestion Map] Stage (MB): Used    0  Alloctr    0  Proc    0 
[End of Build Congestion Map] Total (MB): Used    0  Alloctr    0  Proc 5463 
Current Stage stats:
[End of Add Nets Demand] Elapsed real time: 0:00:00 
[End of Add Nets Demand] Elapsed cpu  time: sys=0:00:00 usr=0:00:00 total=0:00:00
[End of Add Nets Demand] Stage (MB): Used    0  Alloctr    0  Proc    0 
[End of Add Nets Demand] Total (MB): Used    0  Alloctr    0  Proc 5463 
Number of user frozen nets = 0
Information: RC layer preference is turned on for this design. (ZRT-613)
Total stats:
[End of Build Data] Elapsed real time: 0:00:00 
[End of Build Data] Elapsed cpu  time: sys=0:00:00 usr=0:00:00 total=0:00:00
[End of Build Data] Stage (MB): Used    0  Alloctr    0  Proc    0 
[End of Build Data] Total (MB): Used    0  Alloctr    0  Proc 5463 
Number of partitions: 1 (1 x 1)
Size of partitions: 41 gCells x 41 gCells
Current Stage stats:
[End of Blocked Pin Detection] Elapsed real time: 0:00:00 
[End of Blocked Pin Detection] Elapsed cpu  time: sys=0:00:00 usr=0:00:00 total=0:00:00
[End of Blocked Pin Detection] Stage (MB): Used    0  Alloctr    0  Proc    0 
[End of Blocked Pin Detection] Total (MB): Used    0  Alloctr    0  Proc 5463 
Information: Using 1 threads for routing. (ZRT-444)
Information: Multiple gcell levels ON
Information: Buffer distance is estimated to be ~862.0000um (515 gCells)

Start GR phase 0
Number of partitions: 1 (1 x 1)
Size of partitions: 41 gCells x 41 gCells
[rtAllBotParts] Elapsed real time: 0:00:00 
[rtAllBotParts] Elapsed cpu  time: sys=0:00:00 usr=0:00:00 total=0:00:00
[rtTop] Elapsed real time: 0:00:00 
[rtTop] Elapsed cpu  time: sys=0:00:00 usr=0:00:00 total=0:00:00
Current Stage stats:
[End of Initial Routing] Elapsed real time: 0:00:00 
[End of Initial Routing] Elapsed cpu  time: sys=0:00:00 usr=0:00:00 total=0:00:00
[End of Initial Routing] Stage (MB): Used    0  Alloctr    0  Proc    0 
[End of Initial Routing] Total (MB): Used    0  Alloctr    0  Proc 5463 
Initial. Routing result:
Initial. Both Dirs: Dmd-Cap  =     0 Max = 0 GRCs =     0 (0.00%)
Initial. H routing: Dmd-Cap  =     0 Max = 0 (GRCs =  0) GRCs =     0 (0.00%)
Initial. V routing: Dmd-Cap  =     0 Max = 0 (GRCs =  0) GRCs =     0 (0.00%)
Initial. Both Dirs: Overflow =     0 Max = 0 GRCs =     0 (0.00%)
Initial. H routing: Overflow =     0 Max = 0 (GRCs =  0) GRCs =     0 (0.00%)
Initial. V routing: Overflow =     0 Max = 0 (GRCs =  0) GRCs =     0 (0.00%)
Initial. M1         Overflow =     0 Max = 0 (GRCs =  0) GRCs =     0 (0.00%)
Initial. M2         Overflow =     0 Max = 0 (GRCs =  0) GRCs =     0 (0.00%)
Initial. M3         Overflow =     0 Max = 0 (GRCs =  0) GRCs =     0 (0.00%)
Initial. M4         Overflow =     0 Max = 0 (GRCs =  0) GRCs =     0 (0.00%)
Initial. M5         Overflow =     0 Max = 0 (GRCs =  0) GRCs =     0 (0.00%)
Initial. M6         Overflow =     0 Max = 0 (GRCs =  0) GRCs =     0 (0.00%)
Initial. M7         Overflow =     0 Max = 0 (GRCs =  0) GRCs =     0 (0.00%)
Initial. M8         Overflow =     0 Max = 0 (GRCs =  0) GRCs =     0 (0.00%)
Initial. M9         Overflow =     0 Max = 0 (GRCs =  0) GRCs =     0 (0.00%)
Initial. MRDL       Overflow =     0 Max = 0 (GRCs =  0) GRCs =     0 (0.00%)

Initial. Total Wire Length = 523.99
Initial. Layer M1 wire length = 0.00
Initial. Layer M2 wire length = 102.34
Initial. Layer M3 wire length = 226.73
Initial. Layer M4 wire length = 182.46
Initial. Layer M5 wire length = 12.46
Initial. Layer M6 wire length = 0.00
Initial. Layer M7 wire length = 0.00
Initial. Layer M8 wire length = 0.00
Initial. Layer M9 wire length = 0.00
Initial. Layer MRDL wire length = 0.00
Initial. Total Number of Contacts = 346
Initial. Via VIA12SQ_C count = 129
Initial. Via VIA23SQ_C count = 123
Initial. Via VIA34SQ_C count = 90
Initial. Via VIA45SQ_C count = 4
Initial. Via VIA56SQ_C count = 0
Initial. Via VIA67SQ_C count = 0
Initial. Via VIA78SQ_C count = 0
Initial. Via VIA89_C count = 0
Initial. Via VIA9RDL count = 0
Initial. completed.
[End of Whole Chip Routing] Elapsed real time: 0:00:00 
[End of Whole Chip Routing] Elapsed cpu  time: sys=0:00:00 usr=0:00:00 total=0:00:00
[End of Whole Chip Routing] Stage (MB): Used    0  Alloctr    0  Proc    0 
[End of Whole Chip Routing] Total (MB): Used    0  Alloctr    0  Proc 5463 

Congestion utilization per direction:
Average vertical track utilization   =  1.01 %
Peak    vertical track utilization   = 15.00 %
Average horizontal track utilization =  0.85 %
Peak    horizontal track utilization = 30.00 %

[End of Global Routing] Elapsed real time: 0:00:00 
[End of Global Routing] Elapsed cpu  time: sys=0:00:00 usr=0:00:00 total=0:00:00
[End of Global Routing] Stage (MB): Used    0  Alloctr    0  Proc    0 
[End of Global Routing] Total (MB): Used    0  Alloctr    0  Proc 5463 
Updating congestion ...
Updating congestion ...
[End of dbOut] Elapsed real time: 0:00:00 
[End of dbOut] Elapsed cpu  time: sys=0:00:00 usr=0:00:00 total=0:00:00
[End of dbOut] Stage (MB): Used    0  Alloctr    0  Proc    0 
[End of dbOut] Total (MB): Used    0  Alloctr    0  Proc 5463 
Skip track assign
Skip detail route
Updating the database ...
There are 1 buffers added and 0 inverters added by Clock Tree Optimization.
************************************************************
* CTS STEP: Postlude
************************************************************
Info: 122 sinks and boundary insts are set as application_fixed
Information: The run time for postlude is 0 hr : 0 min : 0.00 sec, cpu time is 0 hr : 0 min : 0.00 sec. (CTS-104)
************************************************************
* CTS STEP: Summary report
************************************************************
There are 4 flat clock tree nets.
There are 3 non-sink instances (total area 11.44) on clock trees including 0 instances dont_touch.
Clock tree synthesize and optimization added 3 buffers and 0 inverters (total area 11.44).
 Compilation of clock trees finished successfully
 Run time for cts 00:00:01.88u 00:00:00.09s 00:00:01.97e: 

Summary of messages during CTS:
===============================================================
  Tag   Count  Type           Description
---------------------------------------------------------------
CTS-038    1  Warning  No clock routing rule is specified.

No clock balance group was found, so skip the balance
Info: clearing CTS-GR option
Info: clearinf CTO-GR option
Information: Ending   clock_opt / build_clock / Trial CTS (FLW-8001)
Information: Time: 2026-09-26 04:29:35 / Session:  00:00:32 / Command:  00:00:02 / CPU:  00:00:02 / Memory: 1429 MB (FLW-8100)

Information: The stitching and editing of coupling caps is turned OFF for design 'water_sched_lib:water_sched.design'. (TIM-125)
Information: Design water_sched has 628 nets, 4 global routed, 0 detail routed. (NEX-024)
Information: The RC mode used is CTO for design 'water_sched'. (NEX-022)
Information: Design Average RC for design water_sched  (NEX-011)
Information: r = 1.788258 ohm/um, via_r = 0.463390 ohm/cut, c = 0.069133 ff/um, cc = 0.000000 ff/um (X dir) (NEX-017)
Information: r = 1.672017 ohm/um, via_r = 0.578659 ohm/cut, c = 0.079034 ff/um, cc = 0.000000 ff/um (Y dir) (NEX-017)
Information: Update timing completed net estimation for all the timing graph nets (TIM-111)
Information: Net estimation statistics: timing graph nets = 626, routed nets = 4, across physical hierarchy nets = 0, parasitics cached nets = 626, delay annotated nets = 0, parasitics annotated nets = 0, multi-voltage nets = 0. (TIM-112)
Clock-opt command begin                   CPU:    28 s (  0.01 hr )  ELAPSE:    32 s (  0.01 hr )  MEM-PEAK:  1429 MB
Info: update em.

Clock-opt timing update complete          CPU:    28 s (  0.01 hr )  ELAPSE:    32 s (  0.01 hr )  MEM-PEAK:  1429 MB
INFO: Propagating Switching Activities
Information: Activity propagation will be performed for scenario default.
Information: Doing activity propagation for mode 'default' and corner 'default' with effort level 'medium'. (POW-024)
Information: Timer-derived activity data is cached on scenario default (POW-052)
Information: Running switching activity propagation in scalar mode!

 **** Information : No. of simulation cycles = 7 ****
INFO: Switching Activity propagation took     0.00001 sec
INFO: Propagating Switching Activity for all power flows 

Clock-opt initial QoR
_____________________
Scenario Mapping Table
1: default

Pathgroup Mapping Table
1: **default**
2: **async_default**
3: **clock_gating_default**
4: **in2reg_default**
5: **reg2out_default**
6: **in2out_default**
7: core_clk

-------------------------------------------------------------------------------------------------------------------------------------------------------------
PATHGROUP QOR 
-------------------------------------------------------------------------------------------------------------------------------------------------------------
Scene  PG      WNS        TNS    NSV      WHV        THV    NHV
    1   1   0.0000     0.0000      0   0.0000     0.0000      0
    1   2   0.0000     0.0000      0   0.0000     0.0000      0
    1   3   0.0000     0.0000      0   0.0000     0.0000      0
    1   4   0.0000     0.0000      0   0.0000     0.0000      0
    1   5   0.0000     0.0000      0   0.0000     0.0000      0
    1   6   0.0000     0.0000      0   0.0000     0.0000      0
    1   7   0.0000     0.0000      0   0.0000     0.0000      0
----------------------------------------------------------------------------------------------------------------------------------------------------------------------
SCENARIO QOR 
----------------------------------------------------------------------------------------------------------------------------------------------------------------------
Scene  PG      WNS        TNS   R2RTNS    NSV      WHV        THV    NHV  MaxTrnV   MaxTranC  MaxCapV    Leakage
    1   *   0.0000     0.0000   0.0000      0   0.0000     0.0000      0        0     0.0000        0 31652608.0
----------------------------------------------------------------------------------------------------------------------------------------------------------------------
DESIGN QOR 
----------------------------------------------------------------------------------------------------------------------------------------------------------------------
Scene  PG      WNS        TNS   R2RTNS    NSV      WHV        THV    NHV  MaxTrnV   MaxTranC  MaxCapV    Leakage         Area    InstCnt     BufCnt     InvCnt
    *   *   0.0000     0.0000   0.0000      0   0.0000     0.0000      0        0     0.0000        0 31652608.0      1796.80        559         17        107
----------------------------------------------------------------------------------------------------------------------------------------------------------------------

Clock-opt initial QoR Summary       WNS        TNS   R2RTNS    NSV      WHV        THV    NHV  MaxTrnV  MaxCapV    Leakage         Area    InstCnt
Clock-opt initial QoR Summary    0.0000     0.0000   0.0000      0   0.0000     0.0000      0        0        0 31652608.0      1796.80        559
Information: The netlist change observers are disabled for incremental extraction. (TIM-126)
INFO: using 1 threads
Clock-opt initialization complete         CPU:    29 s (  0.01 hr )  ELAPSE:    33 s (  0.01 hr )  MEM-PEAK:  1429 MB
Clock-opt optimization summary            SETUP-COST    R2R-COST HOLD-COST LDRC-COST          AREA     LEAKAGE     INSTCNT            ELAPSE       MEM
Number of Site types in the design = 1
Setting up Chip Core
Chip Core shape: (50000 50000) (642800 635200)
Number of VARs = 1
Number of unique PDs = 1
Number of Power Domains = 1
Number of Voltage Areas = 1
Number of supply Nets = 2
Number of used supplies = 0
Blocked VAs: 

    Scenario default  WNS = 0.000000, TNS = 0.000000, NVP = 0
    Scenario default  WNHS = invalid, TNHS = 0.000000, NHVP = 0

     ELAPSED  WORST NEG TOTAL NEG              MAX       MAX     BUFFER    INVERTER   LVTH      LVTH      PEAK   
      TIME      SLACK     SLACK     AREA    TRAN COST CAP COST    COUNT     COUNT     COUNT    PERCENT   MEMORY  
    --------- --------- --------- --------- --------- --------- --------- --------- --------- --------- ---------
      0:00:33     0.000     0.000  1796.798     0.000     0.000        17       107         0     0.000      1429 

Information: The netlist change observers are enabled for incremental extraction. (TIM-127)

Information: Initializing classic cellmap without advanced rules enabled and without PDC enabled
Information: The following app options are used in cellmap
        place.legalize.enable_color_aware_placement : false
        place.legalize.use_nll_query_cm : false
        place.legalize.enable_advanced_legalizer : false
        place.legalize.enable_prerouted_net_check : true
        place.legalize.enable_advanced_prerouted_net_check : false
        place.legalize.always_continue : true
        place.legalize.limit_legality_checks : false
        place.common.pnet_aware_density : 1.0000
        place.common.pnet_aware_min_width : 0.0000
        place.common.pnet_aware_layers : {}
        place.common.use_placement_model : false
        place.common.enable_advanced_placement_model : true
        cts.placement.cell_spacing_rule_style : maximum
Total 0.0086 seconds to build cellmap data
INFO: creating 14(r) x 14(c) GridCells YDim 5.016 XDim 5.016
INFO: number of GridCells (water_sched): 196
INFO: creating 14(r) x 14(c) GridCells YDim 5.016 XDim 5.016
INFO: number of GridCells (water_sched): 196
Total 0.0036 seconds to load 559 cell instances into cellmap
Moveable cells: 434; Application fixed cells: 125; Macro cells: 0; User fixed cells: 0
Average cell width 1.9224, cell height 1.6720, cell area 3.2143 for total 559 placed and application fixed cells
Clock-opt optimization Phase 5 Iter  1          0.00        0.00      0.00         -       1796.80  31652608.00         559              0.01      1429

APSINFO: No multi-Vth libcells found, turning off percentage LVT optimization flow
Clock-opt optimization Phase 6 Iter  1          0.00        0.00      0.00         2       1792.99  31259396.00         559              0.01      1429
Corner Scaling is off, multiplier is 1.000000
Corner Scaling is off, multiplier is 1.000000
bmap: stepx = stepy = 83600
creating bmap
DB units per micron : 10000
Core Area = 9 X 9 ()
Clock-opt optimization Phase 6 Iter  2          0.00        0.00      0.00         2       1792.99  31259396.00         559              0.01      1429
Clock-opt optimization Phase 6 Iter  3          0.00        0.00      0.00         2       1792.99  31259396.00         559              0.01      1429
Clock-opt optimization Phase 6 Iter  4          0.00        0.00      0.00         2       1792.99  31259396.00         559              0.01      1429

Layer name: M1, Mask name: metal1, Layer number: 11
Layer name: M2, Mask name: metal2, Layer number: 13
Layer name: M3, Mask name: metal3, Layer number: 15
Layer name: M4, Mask name: metal4, Layer number: 17
Layer name: M5, Mask name: metal5, Layer number: 19
Layer name: M6, Mask name: metal6, Layer number: 21
Layer name: M7, Mask name: metal7, Layer number: 23
Layer name: M8, Mask name: metal8, Layer number: 25
Layer name: M9, Mask name: metal9, Layer number: 27
Layer name: MRDL, Mask name: metal10, Layer number: 41
Clock-opt optimization Phase 7 Iter  1          0.00        0.00      0.00         2       1796.80  31652608.00         559              0.01      1429
Clock-opt optimization Phase 7 Iter  2          0.00        0.00      0.00         2       1796.80  31652608.00         559              0.01      1429
Clock-opt optimization Phase 7 Iter  3          0.00        0.00      0.00         2       1796.80  31652608.00         559              0.01      1429
Clock-opt optimization Phase 7 Iter  4          0.00        0.00      0.00         2       1796.80  31652608.00         559              0.01      1429
Corner Scaling is off, multiplier is 1.000000
bmap: stepx = stepy = 83600
creating bmap
DB units per micron : 10000
Core Area = 9 X 9 ()
Clock-opt optimization Phase 7 Iter  5          0.00        0.00      0.00         2       1796.80  31652608.00         559              0.01      1429
Clock-opt optimization Phase 7 Iter  6          0.00        0.00      0.00         2       1796.80  31652608.00         559              0.01      1429
Clock-opt optimization Phase 7 Iter  7          0.00        0.00      0.00         2       1796.80  31652608.00         559              0.01      1429
Clock-opt optimization Phase 7 Iter  8          0.00        0.00      0.00         2       1796.80  31652608.00         559              0.01      1429
Clock-opt optimization Phase 7 Iter  9          0.00        0.00      0.00         2       1796.80  31652608.00         559              0.01      1429
Clock-opt optimization Phase 7 Iter 10          0.00        0.00      0.00         2       1796.80  31652608.00         559              0.01      1429
Clock-opt optimization Phase 7 Iter 11          0.00        0.00      0.00         2       1796.80  31652608.00         559              0.01      1429
Clock-opt optimization Phase 7 Iter 12          0.00        0.00      0.00         2       1796.80  31652608.00         559              0.01      1429
Clock-opt optimization Phase 7 Iter 13          0.00        0.00      0.00         2       1796.80  31652608.00         559              0.01      1429
Clock-opt optimization Phase 7 Iter 14          0.00        0.00      0.00         2       1796.80  31652608.00         559              0.01      1429
Clock-opt optimization Phase 7 Iter 15          0.00        0.00      0.00         2       1796.80  31652608.00         559              0.01      1429
Clock-opt optimization Phase 7 Iter 16          0.00        0.00      0.00         2       1796.80  31652608.00         559              0.01      1429
Clock-opt optimization Phase 7 Iter 17          0.00        0.00      0.00         2       1796.80  31652608.00         559              0.01      1429
Clock-opt optimization Phase 7 Iter 18          0.00        0.00      0.00         2       1796.80  31652608.00         559              0.01      1429
Clock-opt optimization Phase 7 Iter 19          0.00        0.00      0.00         2       1796.80  31652608.00         559              0.01      1429

Clock-opt optimization Phase 8 Iter  1          0.00        0.00      0.00         2       1796.80  31652608.00         559              0.01      1429

Information: Starting clock_opt / build_clock / CTS (FLW-8000)
Information: Time: 2026-09-26 04:29:37 / Session:  00:00:34 / Command:  00:00:04 / CPU:  00:00:04 / Memory: 1429 MB (FLW-8100)
Clock-opt optimization Phase 9 Iter  1          0.00        0.00      0.00         2       1796.80  31652608.00         559              0.01      1429
Info: Enabling GR in final CTS
Info: Enabling GR in final CTO
cts.compile.enable_local_skew turned off because cts.common.enable_max is true
************************************************************
* CTS STEP: Design Initialization for Clock Synthesis
************************************************************
Information: The stitching and editing of coupling caps is turned OFF for design 'water_sched_lib:water_sched.design'. (TIM-125)
Information: Update timing completed net estimation for all the timing graph nets (TIM-111)
Information: Net estimation statistics: timing graph nets = 626, routed nets = 4, across physical hierarchy nets = 0, parasitics cached nets = 4, delay annotated nets = 0, parasitics annotated nets = 0, multi-voltage nets = 0. (TIM-112)
Information: CTS will work on the following scenarios. (CTS-101)
   default	(Mode: default; Corner: default)
Information: CTS will work on all clocks in active scenarios, including 1 master clocks and 0 generated clocks. (CTS-107)
Output units used in this log:
   Time        : 1.00ns
   Resistance  : 1.00MOhm
   Capacitance : 1.00fF
   Power       : 1.00pW
   Length      : 1.00um
Information: Clock derating is enabled

CTS related app options set by user:
   cts.common.copy_balance_points_to_missing_modes = true
   cts.compile.enable_cell_relocation = none
   cts.compile.enable_global_route = true
   cts.compile.enable_local_skew = true
   cts.optimize.enable_global_route = true
   cts.optimize.enable_local_skew = true

Buffer/Inverter reference list for clock tree synthesis:
   saed32_rvt|saed32_rvt_std/DELLN1X2_RVT
   saed32_rvt|saed32_rvt_std/DELLN2X2_RVT
   saed32_rvt|saed32_rvt_std/DELLN3X2_RVT
   saed32_rvt|saed32_rvt_std/NBUFFX16_RVT
   saed32_rvt|saed32_rvt_std/NBUFFX2_RVT
   saed32_rvt|saed32_rvt_std/NBUFFX32_RVT
   saed32_rvt|saed32_rvt_std/NBUFFX4_RVT
   saed32_rvt|saed32_rvt_std/NBUFFX8_RVT
   saed32_rvt|saed32_rvt_std/AOBUFX1_RVT
   saed32_rvt|saed32_rvt_std/AOBUFX2_RVT
   saed32_rvt|saed32_rvt_std/AOBUFX4_RVT
   saed32_rvt|saed32_rvt_std/IBUFFX16_RVT
   saed32_rvt|saed32_rvt_std/IBUFFX2_RVT
   saed32_rvt|saed32_rvt_std/IBUFFX32_RVT
   saed32_rvt|saed32_rvt_std/IBUFFX4_RVT
   saed32_rvt|saed32_rvt_std/IBUFFX8_RVT
   saed32_rvt|saed32_rvt_std/INVX0_RVT
   saed32_rvt|saed32_rvt_std/INVX16_RVT
   saed32_rvt|saed32_rvt_std/INVX1_RVT
   saed32_rvt|saed32_rvt_std/INVX2_RVT
   saed32_rvt|saed32_rvt_std/INVX32_RVT
   saed32_rvt|saed32_rvt_std/INVX4_RVT
   saed32_rvt|saed32_rvt_std/INVX8_RVT
   saed32_rvt|saed32_rvt_std/AOINVX1_RVT
   saed32_rvt|saed32_rvt_std/AOINVX2_RVT
   saed32_rvt|saed32_rvt_std/AOINVX4_RVT

ICG reference list:
   saed32_rvt|saed32_rvt_std/CGLNPRX2_RVT
   saed32_rvt|saed32_rvt_std/CGLNPRX8_RVT
   saed32_rvt|saed32_rvt_std/CGLNPSX16_RVT
   saed32_rvt|saed32_rvt_std/CGLNPSX2_RVT
   saed32_rvt|saed32_rvt_std/CGLNPSX4_RVT
   saed32_rvt|saed32_rvt_std/CGLNPSX8_RVT
   saed32_rvt|saed32_rvt_std/CGLPPRX2_RVT
   saed32_rvt|saed32_rvt_std/CGLPPRX8_RVT
   saed32_rvt|saed32_rvt_std/CGLPPSX16_RVT
   saed32_rvt|saed32_rvt_std/CGLPPSX2_RVT
   saed32_rvt|saed32_rvt_std/CGLPPSX4_RVT
   saed32_rvt|saed32_rvt_std/CGLPPSX8_RVT

Information: 'default' is identified as primary corner for initial clock tree building. (CTS-103)
Number of Site types in the design = 1
Setting up Chip Core
Chip Core shape: (50000 50000) (642800 635200)
Number of VARs = 1
Number of unique PDs = 1
Number of Power Domains = 1
Number of Voltage Areas = 1
Number of supply Nets = 2
Number of used supplies = 0
Blocked VAs: 
Warning: No clock routing rule is specified. (CTS-038)

Clock cell spacing rule list:
   No clock cell spacing rule is found.
************************************************************
* CTS STEP: Clock Tree Initialization
************************************************************
Drc Mode Option: auto
Information: Initializing classic cellmap without advanced rules enabled and with PDC enabled
Information: The following app options are used in cellmap
        place.legalize.enable_color_aware_placement : false
        place.legalize.use_nll_query_cm : false
        place.legalize.enable_advanced_legalizer : false
        place.legalize.enable_prerouted_net_check : true
        place.legalize.enable_advanced_prerouted_net_check : false
        place.legalize.always_continue : true
        place.legalize.limit_legality_checks : false
        place.common.pnet_aware_density : 1.0000
        place.common.pnet_aware_min_width : 0.0000
        place.common.pnet_aware_layers : {}
        place.common.use_placement_model : false
        place.common.enable_advanced_placement_model : true
        cts.placement.cell_spacing_rule_style : maximum
Information: Creating classic rule checker.
Warning: Routing direction of metal layer PO is neither "horizontal" nor "vertical".  PDC checks will not be performed on this layer. (PDC-003)
PDC app_options settings =========
	place.legalize.enable_prerouted_net_check: 1
	place.legalize.num_tracks_for_access_check: 1
	place.legalize.use_eol_spacing_for_access_check: 0
	place.legalize.allow_touch_track_for_access_check: 1
	place.legalize.reduce_conservatism_in_eol_check: 0
	place.legalize.preroute_shape_merge_distance: 0.0
	place.legalize.enable_non_preferred_direction_span_check: 0

Layer M1: cached 0 shapes out of 62 total shapes.
Layer M2: cached 0 shapes out of 43 total shapes.
Cached 0 vias out of 346 total vias.
Total 0.0122 seconds to build cellmap data
INFO: creating 9(r) x 9(c) GridCells YDim 8.36 XDim 8.36
INFO: number of GridCells (water_sched): 81
INFO: creating 9(r) x 9(c) GridCells YDim 8.36 XDim 8.36
INFO: number of GridCells (water_sched): 81
Total 0.0057 seconds to load 559 cell instances into cellmap
Moveable cells: 434; Application fixed cells: 125; Macro cells: 0; User fixed cells: 0
Average cell width 1.9224, cell height 1.6720, cell area 3.2143 for total 559 placed and application fixed cells
Information: Legalizer's PDC rule check is enabled
Information: Legalizer's advanced rule check is enabled

Start Auto-Exception Derivations...
 No internal pin was found.
 No conflict pin was found.
 No macro pin was found for clock balance point settings.
 No macro pin was found for disabling self arcs.
Information: The run time for clock tree initialization is 0 hr : 0 min : 0.02 sec, cpu time is 0 hr : 0 min : 0.02 sec. (CTS-104)
Drc Mode Option: auto
Enable multi-thread Tasks, number of thread is 1
CTS checksum info: ctsSch::runFinalCtsInitDesign end
Design checksums     = 0xFB4AD12F (loc)  0x601C6D2E (lcell)  0x2330A6D3 (name), 0x91CD2C65 (net)
CTS: Design checksums = 0xFB4AD12F (loc)  0x601C6D2E (lcell)  0x2330A6D3 (name), 0x91CD2C65 (net)
CTS: Clock tree checksums = 0x95B47074 (loc)  0x9B59EEC9 (lcell)  0x1B549E4A (term), 0xFAB7DEDC (net)  0x9A48CA91 (netLen)
CTS: Placement checksums = 41833918 (loc) 5e190831 (lcell) 2330a6d3 (name) c99b5763 (net) a20ba528 (graph) 0 (slack) 3220f82a (para) 
Information: The netlist change observers are disabled for incremental timing updates. (TIM-119)
Information: The netlist change observers are disabled for incremental extraction. (TIM-126)
CTSSC route status detected: clock (VR 0, GR 242, DR 0), data (VR 622, GR 0, DR 0); stage = auto, isPostRoute = FALSE
Information: 'default' is identified as primary corner for initial clock tree building. (CTS-103)
INFO: wire-opt feature for router enabled
Cell Min-Routing-Layer = M1
Cell Max-Routing-Layer = MRDL
Turn off antenna since no rule is specified
Information: Option route.detail.force_end_on_preferred_grid will be ignored since none of the layers have preferred grid. (ZRT-703)
Warning: Cannot find a default contact code for layer CO. (ZRT-022)
Warning: Port VDD of cell water_sched is unplaced.  This may impact routing result. (ZRT-740)
Warning: Port VSS of cell water_sched is unplaced.  This may impact routing result. (ZRT-740)
Warning: Ignore 2 top cell ports with no pins. (ZRT-027)
Info: number of net_type_blockage: 0 
Information: Via ladder engine would be activated for pattern must join connection in certain commands. Please refer to man-page for the command list. (ZRT-619)
Information: AutoNdr rule can't be found. Check the settings.
Information: When applicable Min-max layer allow_pin_connection mode will allow paths of length 3.55 outside the layer range. (ZRT-707)
Information: When applicable Min-max layer allow_pin_connection mode will allow paths of length 3.55 outside the layer range on clock nets. (ZRT-718)
Information: When applicable layer based tapering will taper up to 0.00 in distance from the pin. (ZRT-706)
Warning: Standard cell pin AOINVX4_RVT/VDDG has no valid via regions. (ZRT-044)
Warning: Standard cell pin AOINVX1_RVT/VDDG has no valid via regions. (ZRT-044)
Warning: Standard cell pin AOINVX2_RVT/VDDG has no valid via regions. (ZRT-044)
Warning: Standard cell pin AOBUFX2_RVT/VDDG has no valid via regions. (ZRT-044)
Warning: Standard cell pin AOBUFX4_RVT/VDDG has no valid via regions. (ZRT-044)
Warning: Standard cell pin AOBUFX1_RVT/VDDG has no valid via regions. (ZRT-044)
Warning: Cell ctosc_gls_inst_143 is placed overlapping with other cells at {{60.632 5.000} {62.912 6.672}}. (ZRT-763)
GR Routing Service: Started IMRD 
GR Routing Service: ndmAttrDef 'usr_tmng_crit' created with default value 0 
GR Routing Service: ndmAttrDef 'rted_by_minDly' created with default value 0 
GR Routing Service: ndmAttrDef 'port_subnet_crit_blkConn' created with default value 0 
GR Routing Service: ndmAttrDef 'port_subnet_crit_blkPort' created with default value 0 
Loading timing information to the router ...
Design  Scenario default (Mode default Corner default)
Timing information loaded to the router.
GR Routing Service: Setting costIdx to 3 
GR Routing Service: rebuildCongmap: itr = 3 
Warning: Power net VSS has no power preroutes, skip tie-off. (ZRT-101)
Number of partitions: 1 (1 x 1)
Size of partitions: 41 gCells x 41 gCells
Average gCell capacity  5.85	 on layer (1)	 M1
Average gCell capacity  11.02	 on layer (2)	 M2
Average gCell capacity  5.42	 on layer (3)	 M3
Average gCell capacity  5.51	 on layer (4)	 M4
Average gCell capacity  2.71	 on layer (5)	 M5
Average gCell capacity  2.76	 on layer (6)	 M6
Average gCell capacity  1.34	 on layer (7)	 M7
Average gCell capacity  1.37	 on layer (8)	 M8
Average gCell capacity  0.66	 on layer (9)	 M9
Average gCell capacity  0.32	 on layer (10)	 MRDL
Average number of tracks per gCell 11.02	 on layer (1)	 M1
Average number of tracks per gCell 11.12	 on layer (2)	 M2
Average number of tracks per gCell 5.54	 on layer (3)	 M3
Average number of tracks per gCell 5.59	 on layer (4)	 M4
Average number of tracks per gCell 2.80	 on layer (5)	 M5
Average number of tracks per gCell 2.83	 on layer (6)	 M6
Average number of tracks per gCell 1.44	 on layer (7)	 M7
Average number of tracks per gCell 1.44	 on layer (8)	 M8
Average number of tracks per gCell 0.73	 on layer (9)	 M9
Average number of tracks per gCell 0.37	 on layer (10)	 MRDL
Number of gCells = 16810
[updNetsDmd] Elapsed real time: 0:00:00 
[updNetsDmd] Elapsed cpu  time: sys=0:00:00 usr=0:00:00 total=0:00:00
Created 1 thread routing service with costIdx = 3. (tbbMode 0)
GR Routing Service: Setting costIdx to 1 
rtapi Thread-server 0: startup 
Warning: Power net VSS has no power preroutes, skip tie-off. (ZRT-101)

************************************************************
* CTS STEP: Initial DRC fixing
************************************************************

[cto] Starting InitDrc.1
start cto; name: water_sched; type: design; name: water_sched; type: design; tot_drc_vio: 0; buf_ct: 3; buf_area: 11.436480; cell_area: 11.436480
start cto; name: default:core_clk; type: clock; name: default:core_clk; type: clock; latency: 0.127888; gskew: 0.015221; tot_drc_vio: 0; wtran: 0.000000; wcap: 0.000000; buf_ct: 3; buf_area: 11.436480; cell_area: 11.436480
-------------------------------------------------------------
Optimizing clock tree DRC
clock: core_clk mode: default root: clk
Clock QoR Before DRC Optimization:
Clock: core_clk, Mode: default, Root: clk
Information: CTS QoR Pre Initial DRC Fixing: GlobalSkew = 0.0152; ID = 0.1279; NetsWithDRC = 0; Worst Tran/Cap cost = 0.0000/0.0000; ClockBufCount = 3; ClockBufArea = 11.4365; ClockCellArea = 11.4365; ClockWireLen = 556.9220; Clock = core_clk; Mode = default; Corner = default; ClockRoot = clk. (CTS-037)

Begin Pre-Opt Drc Fixing
Starting multithread based drc fixing Pre opt drc fixing
Info: message level of flow 16 ctoDrc is set as 0/1 for verbose/tMessage
Iteration 1 (effort: high)
Iteration 2 (effort: high)

    Optimization Summary 		

-------------------------------------------------

	# Drivers Attempted               =          0
	# Skipped during isValid and estimate          =          0
	# Failed subgraph evaluation           =          0
	# Failed main graph committ          =          0
	# Successful main graph commit      =          0
	# NumCTCells changed               =          0


	# Total CPU time                  = 00h:00m:00s
	# Total elapsed time              = 00h:00m:00s
	# Flow total speed up             =     1.0033

-------------------------------------------------

HARNESS Summary: 
	Margin used: 0.005

Info: message level of flow 16 ctoDrc is set back as 0/1 for verbose/tMessage
Pre-Opt drc fixing cpu time 00:00:00.14u 00:00:00.00s 00:00:00.14e: 
Clock QoR After Pre-Opt Drc Fixing:
Clock: core_clk, Mode: default, Root: clk
Information: CTS QoR Post Initial DRC Fixing: GlobalSkew = 0.0152; ID = 0.1279; NetsWithDRC = 0; Worst Tran/Cap cost = 0.0000/0.0000; ClockBufCount = 3; ClockBufArea = 11.4365; ClockCellArea = 11.4365; ClockWireLen = 556.9220; Clock = core_clk; Mode = default; Corner = default; ClockRoot = clk. (CTS-037)
The elapsed time for optimization of clock tree is 0 hr : 0 min : 0.14 sec, cpu time is 0 hr : 0 min : 0.14 sec.
Information: The run time for Initial DRC fixing is 0 hr : 0 min : 0.14 sec, cpu time is 0 hr : 0 min : 0.14 sec. (CTS-104)
[cto] Finished InitDrc.1: PASS

************************************************************
* CTS STEP: Multi-objective Clock Optimization
************************************************************

[cto] Starting MultiObjectiveCto.1
Mark clock trees...
Marking clock synthesized attributes

Marking spacing rules

Clock cell spacing rule list:
   No clock cell spacing rule is found.
Information: The stitching and editing of coupling caps is turned OFF for design 'water_sched_lib:water_sched.design'. (TIM-125)
Information: Update timing completed net estimation for all the timing graph nets (TIM-111)
Information: Net estimation statistics: timing graph nets = 626, routed nets = 626, across physical hierarchy nets = 0, parasitics cached nets = 626, delay annotated nets = 0, parasitics annotated nets = 0, multi-voltage nets = 0. (TIM-112)
Information: 'default' is identified as primary corner for initial clock tree building. (CTS-103)
CCD app option: ccd.targeted_ccd_path_groups:  **clock_gating_default**
Target path group: scenario default pathgroup **clock_gating_default**
Information: CCD will use corner default for honoring max prepone/postpone limits
CCD-Info: Adjusting IO clock latencies to improve timing (ccd.adjust_io_clock_latency = true)
@ CG solver holdWeight = 0.100000
@ CG solver setupWeight = 1.000000
@ CG solver delayCostWeight = 5.000000
@ CG solver zeroDirWeight = 5.000000
@ CG solver wnsWeight = 10.000000
INFO: Clock latencies not changed
CUS IO adjustment before multi-objective clock optimization did not change IO
CCD MOO settings for (budget_implementation, last_qor_strategy): 5 engines
    Engine R2R_TNS has 6 objectives, 3 enabled moves, iterationLimit = 2, solverType = CG_LP, estimateFanoutPower = 0, mergeIOWithR2R = 1, areaOnly = 0, useOldEngine = 0, preponeOpt = 1
                tns300Cutoff = 300, capAllowance = 1.600000, cgccdScaleBack = 5, powerccdScaleBack = 0, needTrialSeedGeneration = 0, drcMargin = 0.000000, commitOneByOne = 0, offRoute=0
            R2R_TNS: priority 10, weight 10.000000, degradationPercentAllowed 0.010000, step back 0.100000, isTargeted 1, isMaximize 1
            IO_TNS: priority 10, weight 10.000000, degradationPercentAllowed 0.010000, step back 0.050000, isTargeted 0, isMaximize 1
            R2R_WNS: priority 20, weight 5.000000, degradationPercentAllowed 0.050000, step back 0.050000, isTargeted 1, isMaximize 1
            HOLD_TNS: priority 30, weight 5.000000, degradationPercentAllowed 0.500000, step back 0.050000, isTargeted 1, isMaximize 1
            NONE_POWER: priority 40, weight 1.000000, degradationPercentAllowed 0.010000, step back 0.010000, isTargeted 1, isMaximize 0
            NONE_TOTAL_OFFSET: priority 99, weight 1.000000, degradationPercentAllowed nan, step back 0.050000, isTargeted 0, isMaximize 1
        Moves enabled: SIZE_CLOCK_TIMING, BUFFER_REMOVAL_CLOCK_TIMING, REPARENTING_CLOCK_TIMING, 
    Engine R2R_TNS has 7 objectives, 2 enabled moves, iterationLimit = 1, solverType = CG_LP, estimateFanoutPower = 0, mergeIOWithR2R = 1, areaOnly = 0, useOldEngine = 0, preponeOpt = 0
                tns300Cutoff = 300, capAllowance = 1.600000, cgccdScaleBack = 5, powerccdScaleBack = 0, needTrialSeedGeneration = 1, drcMargin = 0.000000, commitOneByOne = 0, offRoute=1
            R2R_TNS: priority 10, weight 10.000000, degradationPercentAllowed 0.010000, step back 0.100000, isTargeted 1, isMaximize 1
            IO_TNS: priority 10, weight 10.000000, degradationPercentAllowed 0.010000, step back 0.050000, isTargeted 0, isMaximize 1
            R2R_WNS: priority 11, weight 5.000000, degradationPercentAllowed 0.050000, step back 0.050000, isTargeted 1, isMaximize 1
            HOLD_TNS: priority 20, weight 5.000000, degradationPercentAllowed 0.500000, step back 0.050000, isTargeted 1, isMaximize 1
            NONE_POWER: priority 30, weight 1.000000, degradationPercentAllowed 0.010000, step back 0.010000, isTargeted 1, isMaximize 0
            NONE_BUFFER_COUNT: priority 40, weight 1.000000, degradationPercentAllowed 0.010000, step back 0.100000, isTargeted 1, isMaximize 0
            NONE_TOTAL_OFFSET: priority 100, weight 1.000000, degradationPercentAllowed nan, step back 0.050000, isTargeted 0, isMaximize 1
          Objectives for trial seed generation: 
            R2R_TNS: priority 10, weight 10.000000, degradationPercentAllowed 0.010000, step back 0.070000, isTargeted 1, isMaximize 1
            NONE_BUFFER_COUNT: priority 20, weight 1.000000, degradationPercentAllowed 0.100000, step back 0.050000, isTargeted 1, isMaximize 0
            NONE_TOTAL_OFFSET: priority 30, weight 1.000000, degradationPercentAllowed nan, step back 0.050000, isTargeted 1, isMaximize 1
            R2R_WNS: priority 40, weight 5.000000, degradationPercentAllowed 0.010000, step back 0.050000, isTargeted 0, isMaximize 1
            HOLD_TNS: priority 50, weight 10.000000, degradationPercentAllowed 0.010000, step back 0.030000, isTargeted 0, isMaximize 1
            HOLD_WNS: priority 60, weight 1.000000, degradationPercentAllowed 0.010000, step back 0.030000, isTargeted 0, isMaximize 1
            IO_TNS: priority 70, weight 1.000000, degradationPercentAllowed 0.050000, step back 0.050000, isTargeted 0, isMaximize 1
        Moves enabled: SIZE_CLOCK_TIMING, BUFFER_CLOCK, 
    Engine R2R_TNS has 7 objectives, 2 enabled moves, iterationLimit = 1, solverType = CG_LP, estimateFanoutPower = 0, mergeIOWithR2R = 1, areaOnly = 0, useOldEngine = 0, preponeOpt = 0
                tns300Cutoff = 300, capAllowance = 1.600000, cgccdScaleBack = 5, powerccdScaleBack = 0, needTrialSeedGeneration = 0, drcMargin = 0.000000, commitOneByOne = 0, offRoute=1
            R2R_TNS: priority 10, weight 10.000000, degradationPercentAllowed 0.010000, step back 0.100000, isTargeted 1, isMaximize 1
            IO_TNS: priority 10, weight 10.000000, degradationPercentAllowed 0.010000, step back 0.050000, isTargeted 0, isMaximize 1
            R2R_WNS: priority 11, weight 5.000000, degradationPercentAllowed 0.050000, step back 0.050000, isTargeted 1, isMaximize 1
            HOLD_TNS: priority 20, weight 5.000000, degradationPercentAllowed 0.500000, step back 0.050000, isTargeted 1, isMaximize 1
            NONE_POWER: priority 30, weight 1.000000, degradationPercentAllowed 0.010000, step back 0.010000, isTargeted 1, isMaximize 0
            NONE_BUFFER_COUNT: priority 40, weight 1.000000, degradationPercentAllowed 0.010000, step back 0.100000, isTargeted 1, isMaximize 0
            NONE_TOTAL_OFFSET: priority 100, weight 1.000000, degradationPercentAllowed nan, step back 0.050000, isTargeted 0, isMaximize 1
        Moves enabled: SIZE_CLOCK_TIMING, BUFFER_CLOCK, 
    Engine HOLD_TNS has 8 objectives, 2 enabled moves, iterationLimit = 1, solverType = CG_LP, estimateFanoutPower = 0, mergeIOWithR2R = 1, areaOnly = 0, useOldEngine = 0, preponeOpt = 0
                tns300Cutoff = 300, capAllowance = 1.600000, cgccdScaleBack = 5, powerccdScaleBack = 0, needTrialSeedGeneration = 0, drcMargin = 0.000000, commitOneByOne = 0, offRoute=1
            HOLD_TNS: priority 10, weight 2.000000, degradationPercentAllowed 0.010000, step back 0.090000, isTargeted 1, isMaximize 1
            R2R_TNS: priority 20, weight 2.000000, degradationPercentAllowed 0.025000, step back 0.050000, isTargeted 1, isMaximize 1
            R2R_WNS: priority 25, weight 1.000000, degradationPercentAllowed 0.010000, step back 0.050000, isTargeted 1, isMaximize 1
            NONE_POWER: priority 30, weight 1.000000, degradationPercentAllowed 0.004000, step back 0.010000, isTargeted 1, isMaximize 0
            NONE_BUFFER_COUNT: priority 40, weight 5.000000, degradationPercentAllowed 0.005000, step back 0.100000, isTargeted 1, isMaximize 0
            HOLD_WNS: priority 60, weight 1.000000, degradationPercentAllowed 0.050000, step back 0.050000, isTargeted 0, isMaximize 1
            IO_TNS: priority 70, weight 1.000000, degradationPercentAllowed nan, step back 0.050000, isTargeted 0, isMaximize 1
            NONE_TOTAL_OFFSET: priority 100, weight 1.000000, degradationPercentAllowed nan, step back 0.050000, isTargeted 0, isMaximize 1
        Moves enabled: SIZE_CLOCK_TIMING, BUFFER_CLOCK, 
    Engine R2R_WNS has 8 objectives, 4 enabled moves, iterationLimit = 1, solverType = LP_ONLY, estimateFanoutPower = 0, mergeIOWithR2R = 1, areaOnly = 0, useOldEngine = 0, preponeOpt = 0
                tns300Cutoff = 300, capAllowance = 1.600000, cgccdScaleBack = 5, powerccdScaleBack = 0, needTrialSeedGeneration = 0, drcMargin = 0.000000, commitOneByOne = 0, offRoute=1
            R2R_WNS: priority 10, weight 10.000000, degradationPercentAllowed 0.000000, step back 0.005000, isTargeted 1, isMaximize 1
            R2R_TNS: priority 20, weight 5.000000, degradationPercentAllowed 0.050000, step back 0.050000, isTargeted 1, isMaximize 1
            NONE_BUFFER_COUNT: priority 30, weight 1.000000, degradationPercentAllowed 0.010000, step back 0.100000, isTargeted 1, isMaximize 0
            NONE_TOTAL_OFFSET: priority 33, weight 1.000000, degradationPercentAllowed nan, step back 0.000000, isTargeted 1, isMaximize 1
            NONE_POWER: priority 35, weight 20.000000, degradationPercentAllowed 0.010000, step back 0.010000, isTargeted 0, isMaximize 0
            HOLD_TNS: priority 60, weight 1.000000, degradationPercentAllowed 0.100000, step back 0.100000, isTargeted 0, isMaximize 1
            IO_TNS: priority 70, weight 1.000000, degradationPercentAllowed 0.100000, step back 0.050000, isTargeted 0, isMaximize 1
            IO_WNS: priority 80, weight 1.000000, degradationPercentAllowed 0.100000, step back 0.050000, isTargeted 0, isMaximize 1
        Moves enabled: SIZE_CLOCK_TIMING, BUFFER_CLOCK, BUFFER_REMOVAL_CLOCK_TIMING, REPARENTING_CLOCK_TIMING, 
DBG: ccdInfra::ccdInfra
Drc Mode Option: auto
CCD blasted path groups
DBG: ccdInfra::initAppOptions
DBG: ccdInfra::initCtsFixedBalancePins

CCD-Info: App options set by user
   clock_opt.flow.optimize_ndr = true
CCD: using 1 threads
CTSSC route status detected: clock (VR 0, GR 242, DR 0), data (VR 622, GR 0, DR 0); stage = auto, isPostRoute = FALSE
Total power = 0.090553, Leakage = 0.031653, Internal = 0.049459, Switching = 0.009442
Information: 'default' is identified as primary corner for initial clock tree building. (CTS-103)

CCD: Initial QOR:
---------------------------------------------------------------------------------------------
 Design (setup) WNS = 3.002528, TNS = 0.000000, NVP = 0
 Design (hold) WNHS = 0.180097, TNHS = 0.000000, NHVP = 0

    Scenario default  WNS = 3.002528, TNS = 0.000000, NVP = 0
    Scenario default  WNHS = 0.180097, TNHS = 0.000000, NHVP = 0
---------------------------------------------------------------------------------------------
CCD-QoR: Timing: WNS = 3.003, TNS = 0.000, NVP = 0, UNWEIGHTED_TNS = 0.000, WNHS = 0.180, TNHS = 0.000, NHVP = 0, UNWEIGHTED_TNHS = 0.000, R2R(wns=4.929798, tns=0.000000, nvp=0)
 All scenarios used by CCD
    scenario 0: default , isDynamicPower, isLeakagePower, isMaxTran, isMaxCap
          mode: default, id = 0
          corner: default, id = 0
          isSetup: wns = 3.002528, unweighted tns = 0.000000
          isHold: wns = 0.180097, unweighted tns = 0.000000

Mark clock trees...
Marking clock synthesized attributes

Marking spacing rules

Clock cell spacing rule list:
   No clock cell spacing rule is found.
CCD unblasted path groups
Information: The run time for Multi-objective Clock Optimization is 0 hr : 0 min : 0.15 sec, cpu time is 0 hr : 0 min : 0.15 sec. (CTS-104)
[cto] Finished MultiObjectiveCto.1: PASS
rtapi Thread-server 0: shutdown 

No. startProblems      =     0 

No. doRoutes           =     0 
No. doUnroutes         =     0 
No. redoRoutes         =     0 
No. redoUnroutes       =     0 
No. undoRoutes         =     0 
No. undoUnroutes       =     0 
No. commitRoutes       =     0 
No. commitUnroutes     =     0 
No. uncommitRoutes     =     0 
No. uncommitUnroutes   =     0 
No. doRoute fails      =     0 
No. doUnroute fails    =     0 

No. viaLadderQueries   =     0 
No. doDelVias          =     0 
No. doAddVias          =     0 
No. redoDelVias        =     0 
No. redoAddVias        =     0 
No. undoDelVias        =     0 
No. undoAddVias        =     0 
No. commitChangeVias   =     0 
No. uncommitChangeVias =     0 
No. doDelVias fails    =     0 
No. doAddVias fails    =     0 

Updating congestion ...
Updating congestion ...
GR Routing Service: Wrote GR congmap to NDM 
Information: The netlist change observers are enabled for incremental timing updates. (TIM-120)
Information: The netlist change observers are enabled for incremental extraction. (TIM-127)
INFO: wire-opt feature for router enabled
Information: The net parasitics of block water_sched are cleared. (TIM-123)
Cell Min-Routing-Layer = M1
Cell Max-Routing-Layer = MRDL
Turn off antenna since no rule is specified
Information: Option route.detail.force_end_on_preferred_grid will be ignored since none of the layers have preferred grid. (ZRT-703)
Warning: Cannot find a default contact code for layer CO. (ZRT-022)
Warning: Port VDD of cell water_sched is unplaced.  This may impact routing result. (ZRT-740)
Warning: Port VSS of cell water_sched is unplaced.  This may impact routing result. (ZRT-740)
Warning: Ignore 2 top cell ports with no pins. (ZRT-027)
Info: number of net_type_blockage: 0 
Information: Via ladder engine would be activated for pattern must join connection in certain commands. Please refer to man-page for the command list. (ZRT-619)
Information: AutoNdr rule can't be found. Check the settings.
Information: When applicable Min-max layer allow_pin_connection mode will allow paths of length 3.55 outside the layer range. (ZRT-707)
Information: When applicable Min-max layer allow_pin_connection mode will allow paths of length 3.55 outside the layer range on clock nets. (ZRT-718)
Information: When applicable layer based tapering will taper up to 0.00 in distance from the pin. (ZRT-706)
Warning: Standard cell pin AOINVX4_RVT/VDDG has no valid via regions. (ZRT-044)
Warning: Standard cell pin AOINVX1_RVT/VDDG has no valid via regions. (ZRT-044)
Warning: Standard cell pin AOINVX2_RVT/VDDG has no valid via regions. (ZRT-044)
Warning: Standard cell pin AOBUFX2_RVT/VDDG has no valid via regions. (ZRT-044)
Warning: Standard cell pin AOBUFX4_RVT/VDDG has no valid via regions. (ZRT-044)
Warning: Standard cell pin AOBUFX1_RVT/VDDG has no valid via regions. (ZRT-044)
Warning: Cell ctosc_gls_inst_143 is placed overlapping with other cells at {{60.632 5.000} {62.912 6.672}}. (ZRT-763)
Start Global Route ... 
[Init] Elapsed real time: 0:00:00 
[Init] Elapsed cpu  time: sys=0:00:00 usr=0:00:00 total=0:00:00
[Init] Stage (MB): Used    0  Alloctr    0  Proc    0 
[Init] Total (MB): Used    0  Alloctr    0  Proc 5463 
Printing options for 'route.common.*'
common.verbose_level                                    :	 0                   

Printing options for 'route.global.*'

Begin global routing.
Loading parastics information to the router ...
parastics information loaded to the router.
[End of Loading Timing] Elapsed real time: 0:00:00 
[End of Loading Timing] Elapsed cpu  time: sys=0:00:00 usr=0:00:00 total=0:00:00
Constructing data structure ...
Design statistics:
Design Bounding Box (0.00um,0.00um,69.28um,68.52um)
Number of routing layers = 10
layer M1, dir Hor, min width = 0.05um, min space = 0.05um pitch = 0.152um
layer M2, dir Ver, min width = 0.056um, min space = 0.056um pitch = 0.152um
layer M3, dir Hor, min width = 0.056um, min space = 0.056um pitch = 0.304um
layer M4, dir Ver, min width = 0.056um, min space = 0.056um pitch = 0.304um
layer M5, dir Hor, min width = 0.056um, min space = 0.056um pitch = 0.608um
layer M6, dir Ver, min width = 0.056um, min space = 0.056um pitch = 0.608um
layer M7, dir Hor, min width = 0.056um, min space = 0.056um pitch = 1.216um
layer M8, dir Ver, min width = 0.056um, min space = 0.056um pitch = 1.216um
layer M9, dir Hor, min width = 0.16um, min space = 0.16um pitch = 2.432um
layer MRDL, dir Ver, min width = 2um, min space = 2um pitch = 4.864um
Current Stage stats:
[End of Build Tech Data] Elapsed real time: 0:00:00 
[End of Build Tech Data] Elapsed cpu  time: sys=0:00:00 usr=0:00:00 total=0:00:00
[End of Build Tech Data] Stage (MB): Used    0  Alloctr    0  Proc    0 
[End of Build Tech Data] Total (MB): Used    0  Alloctr    0  Proc 5463 
Warning: Power net VSS has no power preroutes, skip tie-off. (ZRT-101)
Net statistics:
Total number of nets     = 628
Number of nets to route  = 4
623 open nets
 of which 623 are without routing or PSV shapes
5 nets are fully connected,
 of which 1 are detail routed and 4 are global routed.
Current Stage stats:
[End of Build All Nets] Elapsed real time: 0:00:00 
[End of Build All Nets] Elapsed cpu  time: sys=0:00:00 usr=0:00:00 total=0:00:00
[End of Build All Nets] Stage (MB): Used    0  Alloctr    0  Proc    0 
[End of Build All Nets] Total (MB): Used    0  Alloctr    0  Proc 5463 
Net length statistics: 
Net Count(Ignore Fully Rted) 0, Total Half Perimeter Wire Length (HPWL) 0 microns
HPWL   0 ~   50 microns: Net Count        0	Total HPWL            0 microns
HPWL  50 ~  100 microns: Net Count        0	Total HPWL            0 microns
HPWL 100 ~  200 microns: Net Count        0	Total HPWL            0 microns
HPWL 200 ~  300 microns: Net Count        0	Total HPWL            0 microns
HPWL 300 ~  400 microns: Net Count        0	Total HPWL            0 microns
HPWL 400 ~  500 microns: Net Count        0	Total HPWL            0 microns
HPWL 500 ~  600 microns: Net Count        0	Total HPWL            0 microns
HPWL 600 ~  700 microns: Net Count        0	Total HPWL            0 microns
HPWL 700 ~  800 microns: Net Count        0	Total HPWL            0 microns
HPWL 800 ~  900 microns: Net Count        0	Total HPWL            0 microns
HPWL 900 ~ 1000 microns: Net Count        0	Total HPWL            0 microns
HPWL     > 1000 microns: Net Count        0	Total HPWL            0 microns
Number of partitions: 1 (1 x 1)
Size of partitions: 41 gCells x 41 gCells
Average gCell capacity  5.85	 on layer (1)	 M1
Average gCell capacity  11.02	 on layer (2)	 M2
Average gCell capacity  5.42	 on layer (3)	 M3
Average gCell capacity  5.51	 on layer (4)	 M4
Average gCell capacity  2.71	 on layer (5)	 M5
Average gCell capacity  2.76	 on layer (6)	 M6
Average gCell capacity  1.34	 on layer (7)	 M7
Average gCell capacity  1.37	 on layer (8)	 M8
Average gCell capacity  0.66	 on layer (9)	 M9
Average gCell capacity  0.32	 on layer (10)	 MRDL
Average number of tracks per gCell 11.02	 on layer (1)	 M1
Average number of tracks per gCell 11.12	 on layer (2)	 M2
Average number of tracks per gCell 5.54	 on layer (3)	 M3
Average number of tracks per gCell 5.59	 on layer (4)	 M4
Average number of tracks per gCell 2.80	 on layer (5)	 M5
Average number of tracks per gCell 2.83	 on layer (6)	 M6
Average number of tracks per gCell 1.44	 on layer (7)	 M7
Average number of tracks per gCell 1.44	 on layer (8)	 M8
Average number of tracks per gCell 0.73	 on layer (9)	 M9
Average number of tracks per gCell 0.37	 on layer (10)	 MRDL
Number of gCells = 16810
Current Stage stats:
[End of Build Congestion Map] Elapsed real time: 0:00:00 
[End of Build Congestion Map] Elapsed cpu  time: sys=0:00:00 usr=0:00:00 total=0:00:00
[End of Build Congestion Map] Stage (MB): Used    0  Alloctr    0  Proc    0 
[End of Build Congestion Map] Total (MB): Used    0  Alloctr    0  Proc 5463 
Current Stage stats:
[End of Add Nets Demand] Elapsed real time: 0:00:00 
[End of Add Nets Demand] Elapsed cpu  time: sys=0:00:00 usr=0:00:00 total=0:00:00
[End of Add Nets Demand] Stage (MB): Used    0  Alloctr    0  Proc    0 
[End of Add Nets Demand] Total (MB): Used    0  Alloctr    0  Proc 5463 
Number of user frozen nets = 0
Information: RC layer preference is turned on for this design. (ZRT-613)
Total stats:
[End of Build Data] Elapsed real time: 0:00:00 
[End of Build Data] Elapsed cpu  time: sys=0:00:00 usr=0:00:00 total=0:00:00
[End of Build Data] Stage (MB): Used    0  Alloctr    0  Proc    0 
[End of Build Data] Total (MB): Used    0  Alloctr    0  Proc 5463 
Current Stage stats:
[End of Blocked Pin Detection] Elapsed real time: 0:00:00 
[End of Blocked Pin Detection] Elapsed cpu  time: sys=0:00:00 usr=0:00:00 total=0:00:00
[End of Blocked Pin Detection] Stage (MB): Used    0  Alloctr    0  Proc    0 
[End of Blocked Pin Detection] Total (MB): Used    0  Alloctr    0  Proc 5463 
Information: Using 1 threads for routing. (ZRT-444)
Information: Multiple gcell levels ON
Information: Buffer distance is estimated to be ~862.0000um (515 gCells)

Start GR phase 0
Number of partitions: 1 (1 x 1)
Size of partitions: 41 gCells x 41 gCells
[rtAllBotParts] Elapsed real time: 0:00:00 
[rtAllBotParts] Elapsed cpu  time: sys=0:00:00 usr=0:00:00 total=0:00:00
[rtTop] Elapsed real time: 0:00:00 
[rtTop] Elapsed cpu  time: sys=0:00:00 usr=0:00:00 total=0:00:00
Current Stage stats:
[End of Initial Routing] Elapsed real time: 0:00:00 
[End of Initial Routing] Elapsed cpu  time: sys=0:00:00 usr=0:00:00 total=0:00:00
[End of Initial Routing] Stage (MB): Used    0  Alloctr    0  Proc    0 
[End of Initial Routing] Total (MB): Used    0  Alloctr    0  Proc 5463 
Initial. Routing result:
Initial. Both Dirs: Dmd-Cap  =     0 Max = 0 GRCs =     0 (0.00%)
Initial. H routing: Dmd-Cap  =     0 Max = 0 (GRCs =  0) GRCs =     0 (0.00%)
Initial. V routing: Dmd-Cap  =     0 Max = 0 (GRCs =  0) GRCs =     0 (0.00%)
Initial. Both Dirs: Overflow =     0 Max = 0 GRCs =     0 (0.00%)
Initial. H routing: Overflow =     0 Max = 0 (GRCs =  0) GRCs =     0 (0.00%)
Initial. V routing: Overflow =     0 Max = 0 (GRCs =  0) GRCs =     0 (0.00%)
Initial. M1         Overflow =     0 Max = 0 (GRCs =  0) GRCs =     0 (0.00%)
Initial. M2         Overflow =     0 Max = 0 (GRCs =  0) GRCs =     0 (0.00%)
Initial. M3         Overflow =     0 Max = 0 (GRCs =  0) GRCs =     0 (0.00%)
Initial. M4         Overflow =     0 Max = 0 (GRCs =  0) GRCs =     0 (0.00%)
Initial. M5         Overflow =     0 Max = 0 (GRCs =  0) GRCs =     0 (0.00%)
Initial. M6         Overflow =     0 Max = 0 (GRCs =  0) GRCs =     0 (0.00%)
Initial. M7         Overflow =     0 Max = 0 (GRCs =  0) GRCs =     0 (0.00%)
Initial. M8         Overflow =     0 Max = 0 (GRCs =  0) GRCs =     0 (0.00%)
Initial. M9         Overflow =     0 Max = 0 (GRCs =  0) GRCs =     0 (0.00%)
Initial. MRDL       Overflow =     0 Max = 0 (GRCs =  0) GRCs =     0 (0.00%)

Initial. Total Wire Length = 523.99
Initial. Layer M1 wire length = 0.00
Initial. Layer M2 wire length = 102.34
Initial. Layer M3 wire length = 226.73
Initial. Layer M4 wire length = 182.46
Initial. Layer M5 wire length = 12.46
Initial. Layer M6 wire length = 0.00
Initial. Layer M7 wire length = 0.00
Initial. Layer M8 wire length = 0.00
Initial. Layer M9 wire length = 0.00
Initial. Layer MRDL wire length = 0.00
Initial. Total Number of Contacts = 346
Initial. Via VIA12SQ_C count = 129
Initial. Via VIA23SQ_C count = 123
Initial. Via VIA34SQ_C count = 90
Initial. Via VIA45SQ_C count = 4
Initial. Via VIA56SQ_C count = 0
Initial. Via VIA67SQ_C count = 0
Initial. Via VIA78SQ_C count = 0
Initial. Via VIA89_C count = 0
Initial. Via VIA9RDL count = 0
Initial. completed.
[End of Whole Chip Routing] Elapsed real time: 0:00:00 
[End of Whole Chip Routing] Elapsed cpu  time: sys=0:00:00 usr=0:00:00 total=0:00:00
[End of Whole Chip Routing] Stage (MB): Used    0  Alloctr    0  Proc    0 
[End of Whole Chip Routing] Total (MB): Used    0  Alloctr    0  Proc 5463 

Congestion utilization per direction:
Average vertical track utilization   =  1.01 %
Peak    vertical track utilization   = 15.00 %
Average horizontal track utilization =  0.85 %
Peak    horizontal track utilization = 30.00 %

[End of Global Routing] Elapsed real time: 0:00:00 
[End of Global Routing] Elapsed cpu  time: sys=0:00:00 usr=0:00:00 total=0:00:00
[End of Global Routing] Stage (MB): Used    0  Alloctr    0  Proc    0 
[End of Global Routing] Total (MB): Used    0  Alloctr    0  Proc 5463 
Updating congestion ...
Updating congestion ...
[End of dbOut] Elapsed real time: 0:00:00 
[End of dbOut] Elapsed cpu  time: sys=0:00:00 usr=0:00:00 total=0:00:00
[End of dbOut] Stage (MB): Used    0  Alloctr    0  Proc    0 
[End of dbOut] Total (MB): Used    0  Alloctr    0  Proc 5463 
Skip track assign
Skip detail route
Updating the database ...
************************************************************
* CTS STEP: Postlude
************************************************************
nplDplc2Placer::setParam(effort,1)
nplDplc2Placer::setParam(debug,0)
nplDplc2Placer::setParam(site_check,2)
nplDplc2Placer::setParam(app_firm_wgt,0)
Warning: Routing direction of metal layer PO is neither "horizontal" nor "vertical".  PDC checks will not be performed on this layer. (PDC-003)
PDC app_options settings =========
	place.legalize.enable_prerouted_net_check: 1
	place.legalize.num_tracks_for_access_check: 1
	place.legalize.use_eol_spacing_for_access_check: 0
	place.legalize.allow_touch_track_for_access_check: 1
	place.legalize.reduce_conservatism_in_eol_check: 0
	place.legalize.preroute_shape_merge_distance: 0.0
	place.legalize.enable_non_preferred_direction_span_check: 0

Layer M1: cached 0 shapes out of 62 total shapes.
Layer M2: cached 0 shapes out of 43 total shapes.
Cached 0 vias out of 346 total vias.

Legalizing Top Level Design water_sched ... 
Information: Initializing classic cellmap without advanced rules enabled and without PDC enabled
Information: The following app options are used in cellmap
        place.legalize.enable_color_aware_placement : false
        place.legalize.use_nll_query_cm : false
        place.legalize.enable_advanced_legalizer : false
        place.legalize.enable_prerouted_net_check : true
        place.legalize.enable_advanced_prerouted_net_check : false
        place.legalize.always_continue : true
        place.legalize.limit_legality_checks : false
        place.common.pnet_aware_density : 1.0000
        place.common.pnet_aware_min_width : 0.0000
        place.common.pnet_aware_layers : {}
        place.common.use_placement_model : false
        place.common.enable_advanced_placement_model : true
        cts.placement.cell_spacing_rule_style : maximum
Total 0.0089 seconds to build cellmap data
Information: Creating classic rule checker.
Warning: Routing direction of metal layer PO is neither "horizontal" nor "vertical".  PDC checks will not be performed on this layer. (PDC-003)
=====> Processed 41 ref cells (8 fillers) from library

Bounds/Regions In This Design:
        Area    Num Cells  Exclusive Name
 (square um)
     3469.07          559        Yes DEFAULT_VA

Starting legalizer.
Warning: Exclusive bound 'DEFAULT' has no cells.
Optimizing Exclusive Bound 'DEFAULT_VA' (2/2)
    Done Exclusive Bound 'DEFAULT_VA' (2/2) (0 sec)
Legalization complete (0 total sec)

****************************************
  Report : Placement Attempts
  Site   : unit
****************************************

number of cells:                    559
number of references:                41
number of site rows:                 35
number of locations attempted:     8346
number of locations failed:           0  (0.0%)

Legality of references at locations:
0 references had failures.

Legality of references in rows:
0 references had row failures.

****************************************
  Report : Cell Displacements
****************************************

number of cells aggregated:         434 (3609 total sites)
avg row height over cells:        1.672 um
rms cell displacement:            0.161 um ( 0.10 row height)
rms weighted cell displacement:   0.161 um ( 0.10 row height)
max cell displacement:            1.779 um ( 1.06 row height)
avg cell displacement:            0.020 um ( 0.01 row height)
avg weighted cell displacement:   0.020 um ( 0.01 row height)
number of cells moved:                7
number of large displacements:        0
large displacement threshold:     3.000 row height

Displacements of worst 10 cells:
Cell: U471 (OA222X1_RVT)
  Input location: (27.192,33.424)
  Legal location: (26.584,31.752)
  Displacement:   1.779 um ( 1.06 row height)
Cell: U437 (OA21X1_RVT)
  Input location: (61.392,5)
  Legal location: (61.392,6.672)
  Displacement:   1.672 um ( 1.00 row height)
Cell: U473 (AO22X1_RVT)
  Input location: (27.648,31.752)
  Legal location: (28.56,31.752)
  Displacement:   0.912 um ( 0.55 row height)
Cell: U468 (AO221X1_RVT)
  Input location: (29.168,33.424)
  Legal location: (29.928,33.424)
  Displacement:   0.760 um ( 0.45 row height)
Cell: U470 (AO21X1_RVT)
  Input location: (30.992,33.424)
  Legal location: (31.752,33.424)
  Displacement:   0.760 um ( 0.45 row height)
Cell: U375 (AND2X1_RVT)
  Input location: (60.024,5)
  Legal location: (59.416,5)
  Displacement:   0.608 um ( 0.36 row height)
Cell: U436 (HADDX1_RVT)
  Input location: (57.592,5)
  Legal location: (57.44,5)
  Displacement:   0.152 um ( 0.09 row height)
Cell: U549 (AND2X1_RVT)
  Input location: (45.888,28.408)
  Legal location: (45.888,28.408)
  Displacement:   0.000 um ( 0.00 row height)
Cell: U641 (AND2X1_RVT)
  Input location: (44.824,36.768)
  Legal location: (44.824,36.768)
  Displacement:   0.000 um ( 0.00 row height)
Cell: U689 (AND2X1_RVT)
  Input location: (48.016,25.064)
  Legal location: (48.016,25.064)
  Displacement:   0.000 um ( 0.00 row height)

 Successfully legalize placement.
Info: 122 sinks and boundary insts are collected
Info: 122 sinks and boundary insts are unset from application_fixed
************************************************************
* CTS STEP: Summary report
************************************************************
There are 4 flat clock tree nets.
There are 3 non-sink instances (total area 11.44) on clock trees including 0 instances dont_touch.
Clock tree synthesize and optimization added 3 buffers and 0 inverters (total area 11.44).
 Compilation of clock trees finished successfully
 Run time for cts 00:00:00.83u 00:00:00.02s 00:00:00.85e: 

Summary of messages during CTS:
===============================================================
  Tag   Count  Type           Description
---------------------------------------------------------------
CTS-038    1  Warning  No clock routing rule is specified.
Info: clearing CTS-GR option
Info: clearinf CTO-GR option
Information: The stitching and editing of coupling caps is turned OFF for design 'water_sched_lib:water_sched.design'. (TIM-125)
Information: Design water_sched has 628 nets, 4 global routed, 0 detail routed. (NEX-024)
Number of Site types in the design = 1
Setting up Chip Core
Chip Core shape: (50000 50000) (642800 635200)
Number of VARs = 1
Number of unique PDs = 1
Number of Power Domains = 1
Number of Voltage Areas = 1
Number of supply Nets = 2
Number of used supplies = 0
Blocked VAs: 
Information: Initializing classic cellmap without advanced rules enabled and without PDC enabled
Information: The following app options are used in cellmap
        place.legalize.enable_color_aware_placement : false
        place.legalize.use_nll_query_cm : false
        place.legalize.enable_advanced_legalizer : false
        place.legalize.enable_prerouted_net_check : true
        place.legalize.enable_advanced_prerouted_net_check : false
        place.legalize.always_continue : true
        place.legalize.limit_legality_checks : false
        place.common.pnet_aware_density : 1.0000
        place.common.pnet_aware_min_width : 0.0000
        place.common.pnet_aware_layers : {}
        place.common.use_placement_model : false
        place.common.enable_advanced_placement_model : true
        cts.placement.cell_spacing_rule_style : maximum
Total 0.0087 seconds to build cellmap data
INFO: creating 9(r) x 9(c) GridCells YDim 8.36 XDim 8.36
INFO: number of GridCells (water_sched): 81
INFO: creating 9(r) x 9(c) GridCells YDim 8.36 XDim 8.36
INFO: number of GridCells (water_sched): 81
Total 0.0035 seconds to load 559 cell instances into cellmap
Moveable cells: 556; Application fixed cells: 3; Macro cells: 0; User fixed cells: 0
Average cell width 1.9224, cell height 1.6720, cell area 3.2143 for total 559 placed and application fixed cells
Information: Current block utilization is '0.51790', effective utilization is '0.51795'. (OPT-055)
Information: The RC mode used is CTO for design 'water_sched'. (NEX-022)
Information: Design Average RC for design water_sched  (NEX-011)
Information: r = 1.788258 ohm/um, via_r = 0.463390 ohm/cut, c = 0.069133 ff/um, cc = 0.000000 ff/um (X dir) (NEX-017)
Information: r = 1.672017 ohm/um, via_r = 0.578659 ohm/cut, c = 0.079034 ff/um, cc = 0.000000 ff/um (Y dir) (NEX-017)
Information: Update timing completed net estimation for all the timing graph nets (TIM-111)
Information: Net estimation statistics: timing graph nets = 626, routed nets = 4, across physical hierarchy nets = 0, parasitics cached nets = 626, delay annotated nets = 0, parasitics annotated nets = 0, multi-voltage nets = 0. (TIM-112)

    Scenario default  WNS = 0.000000, TNS = 0.000000, NVP = 0

     ELAPSED  WORST NEG TOTAL NEG              MAX       MAX     BUFFER    INVERTER   LVTH      LVTH      PEAK   
      TIME      SLACK     SLACK     AREA    TRAN COST CAP COST    COUNT     COUNT     COUNT    PERCENT   MEMORY  
    --------- --------- --------- --------- --------- --------- --------- --------- --------- --------- ---------
      0:00:34     0.000     0.000  1796.798     0.000     0.000        17       107         0     0.000      1429 

Information: Ending   clock_opt / build_clock / CTS (FLW-8001)
Information: Time: 2026-09-26 04:29:38 / Session:  00:00:35 / Command:  00:00:05 / CPU:  00:00:05 / Memory: 1429 MB (FLW-8100)
Information: The value of option cts.compile.enable_cell_relocation has been overridden to "leaf_only" to support latency-driven placement. (CTS-973)

Clock-opt optimization Phase 10 Iter  1         0.00        0.00      0.00         2       1796.80  31652608.00         559              0.01      1429

Enable dominated scenarios

Clock-opt optimization summary            SETUP-COST    R2R-COST HOLD-COST LDRC-COST          AREA     LEAKAGE     INSTCNT            ELAPSE       MEM
Clock-opt optimization complete                 0.00        0.00      0.00         2       1796.80  31652608.00         559              0.01      1429
Co-efficient Ratio Summary:
4.193421605155  6.578038173730  2.479639287277  7.744187540401  0.485050000353  3.179565833784  5.567214754587  2.894454387461  6.565921217863  9.017937505874  6.269830600933  9.863508178661  6.078178864085  2.744209041123  8.318125304907
9.699225026083  2.464623950064  1.382370221226  9.387184029619  3.142429406669  0.968752789964  6.613180723294  4.146578793224  7.876358918112  2.191135403696  3.088663741094  2.700217631377  3.840405964440  3.750207753169  7.663468542299
6.212201167950  7.759678473967  7.862243056717  0.402387977150  0.032845095897  0.596111512371  4.701287396892  7.205135512169  8.278351398268  1.183725190997  6.499696208244  5.867778300432  7.173849285364  9.669810699761  7.591497047087
7.632106393266  7.679078063326  9.831314288630  1.878805817928  3.230072343539  1.226270037326  7.050450494780  2.403928173631  6.139852544054  4.100210066110  4.339978389655  4.570815222873  5.624823708820  7.826858953678  4.759143118263
5.409027926377  2.609823652834  0.626142538674  6.381676652919  9.187474022495  0.513656796621  5.027570618562  6.119813446103  6.181472312107  1.581675365776  0.541201622107  9.584631038566  2.041772287119  3.921161567338  0.650498382345
9.472458902409  3.368484394994  4.897111549020  6.860149244452  2.000104051691  9.095345907689  2.197041709512  0.915900067443  5.466092308426  8.142690055883  7.762353065224  8.244532363377  3.504825605451  1.682717712888  7.173443418510
9.939562708373  3.617852772683  8.946772637652  1.169969532707  4.529946656262  3.090979409795  5.580726136993  1.131397763510  0.721709625254  7.515947417690  3.704582009371  1.017100612323  5.811564566269  5.826731583342  4.349393992435
Information: The net parasitics of block water_sched are cleared. (TIM-123)
Information: The stitching and editing of coupling caps is turned OFF for design 'water_sched_lib:water_sched.design'. (TIM-125)
Information: Design water_sched has 628 nets, 4 global routed, 0 detail routed. (NEX-024)
Information: The RC mode used is CTO for design 'water_sched'. (NEX-022)
Information: Design Average RC for design water_sched  (NEX-011)
Information: r = 1.788258 ohm/um, via_r = 0.463390 ohm/cut, c = 0.069133 ff/um, cc = 0.000000 ff/um (X dir) (NEX-017)
Information: r = 1.672017 ohm/um, via_r = 0.578659 ohm/cut, c = 0.079034 ff/um, cc = 0.000000 ff/um (Y dir) (NEX-017)
Information: Update timing completed net estimation for all the timing graph nets (TIM-111)
Information: Net estimation statistics: timing graph nets = 626, routed nets = 4, across physical hierarchy nets = 0, parasitics cached nets = 626, delay annotated nets = 0, parasitics annotated nets = 0, multi-voltage nets = 0. (TIM-112)

Clock-opt final QoR
___________________
Scenario Mapping Table
1: default

Pathgroup Mapping Table
1: **default**
2: **async_default**
3: **clock_gating_default**
4: **in2reg_default**
5: **reg2out_default**
6: **in2out_default**
7: core_clk

-------------------------------------------------------------------------------------------------------------------------------------------------------------
PATHGROUP QOR 
-------------------------------------------------------------------------------------------------------------------------------------------------------------
Scene  PG      WNS        TNS    NSV      WHV        THV    NHV
    1   1   0.0000     0.0000      0   0.0000     0.0000      0
    1   2   0.0000     0.0000      0   0.0000     0.0000      0
    1   3   0.0000     0.0000      0   0.0000     0.0000      0
    1   4   0.0000     0.0000      0   0.0000     0.0000      0
    1   5   0.0000     0.0000      0   0.0000     0.0000      0
    1   6   0.0000     0.0000      0   0.0000     0.0000      0
    1   7   0.0000     0.0000      0   0.0000     0.0000      0
----------------------------------------------------------------------------------------------------------------------------------------------------------------------
SCENARIO QOR 
----------------------------------------------------------------------------------------------------------------------------------------------------------------------
Scene  PG      WNS        TNS   R2RTNS    NSV      WHV        THV    NHV  MaxTrnV   MaxTranC  MaxCapV    Leakage
    1   *   0.0000     0.0000   0.0000      0   0.0000     0.0000      0        0     0.0000        0 31652608.0
----------------------------------------------------------------------------------------------------------------------------------------------------------------------
DESIGN QOR 
----------------------------------------------------------------------------------------------------------------------------------------------------------------------
Scene  PG      WNS        TNS   R2RTNS    NSV      WHV        THV    NHV  MaxTrnV   MaxTranC  MaxCapV    Leakage         Area    InstCnt     BufCnt     InvCnt
    *   *   0.0000     0.0000   0.0000      0   0.0000     0.0000      0        0     0.0000        0 31652608.0      1796.80        559         17        107
----------------------------------------------------------------------------------------------------------------------------------------------------------------------

Clock-opt final QoR Summary         WNS        TNS   R2RTNS    NSV      WHV        THV    NHV  MaxTrnV  MaxCapV    Leakage         Area    InstCnt
Clock-opt final QoR Summary      0.0000     0.0000   0.0000      0   0.0000     0.0000      0        0        0 31652608.0      1796.80        559

Clock-opt command complete                CPU:    31 s (  0.01 hr )  ELAPSE:    35 s (  0.01 hr )  MEM-PEAK:  1429 MB
Clock-opt command statistics  CPU=3 sec (0.00 hr) ELAPSED=3 sec (0.00 hr) MEM-PEAK=1.396 GB


Information: Runtime Summary (clock_opt / build_clock)  (FLW-9000)
----------------------------------------------------------------------------
    Elapse (Hrs)   Elapse (%)       CPU/Elapse       Category
----------------------------------------------------------------------------
      0.00           41.4%             1.0           Trial CTS 
      0.00           20.7%             1.0           Init 
      0.00           18.5%             1.0           Final CTS 
      0.00           13.8%             1.0           LDRC 
      0.00            1.9%             0.9           Power CCD 
      0.00            1.2%             1.0           Setup Opt 
      0.00            1.0%             1.0           Other 
      0.00            0.9%             1.0           Full Timing Update 
      0.00            0.4%             1.0           Power/Area Opt 
      0.00            0.2%             1.0           CUS 
----------------------------------------------------------------------------
      0.00          100.0%             1.0           Total 
----------------------------------------------------------------------------

Host Options:
-------------
Max cores: 1

Machine Spec:
-------------
12th Gen Intel(R) Core(TM) i5-12400 / 12 CPUs  
Sockets: 1, Cores: 6, HT/SMT, not-VM
----------------------------------------------------------------------------

Information: Ending   clock_opt / build_clock (FLW-8001)
Information: Time: 2026-09-26 04:29:38 / Session:  00:00:35 / Command:  00:00:05 / CPU:  00:00:05 / Memory: 1429 MB (FLW-8100)

Information: >>>>>>> 10 unique error and warning message tags while observing clock_opt / build_clock: (MSG-3100)
Information: #prnt #trgr #lmt    Tag  Level     Format (or last printed message)                                (MSG-3036)
Information:    24    24  0 ZRT-044   WARNING   Warning: Standard cell pin AOBUFX1_RVT/VDDG has no valid via... (MSG-3032)
Information:     7     5  0 ZRT-022   WARNING   Warning: Cannot find a default contact code for layer CO. (Z... (MSG-3032)
Information:    10    10  0 ZRT-740   WARNING   Warning: Port VSS of cell water_sched is unplaced.  This may... (MSG-3032)
Information:     7     7  0 ZRT-101   WARNING   Warning: Power net VSS has no power preroutes, skip tie-off.... (MSG-3032)
Information:     5     3  0 ZRT-763   WARNING   Warning: Cell ctosc_gls_inst_143 is placed overlapping with ... (MSG-3032)
Information:     2     2  0 CTS-038   WARNING   Warning: No clock routing rule is specified. (CTS-038)          (MSG-3032)
Information:    10     4  0 PDC-003   WARNING   Warning: Routing direction of metal layer PO is neither "hor... (MSG-3032)
Information:     5     5  0 ZRT-027   WARNING   Warning: Ignore 2 top cell ports with no pins. (ZRT-027)        (MSG-3032)
Information:    10    10 10 POW-080   WARNING   Warning: No default voltage defined in the design, taking it... (MSG-3032)
Information:    21     3  0 OPT-902   WARNING   Warning: No clock routing rules were specified. Use set_cloc... (MSG-3032)
Information:   101    73  1       10  <------   Total sum of messages (MSG-3038)
Information: >>>>>>> Summary: 73 error&warning MSGs observed during clock_opt / build_clock (MSG-3103)
Information: 12 out of 22 POW-080 messages were not printed due to limit 10 (after 'clock_opt' at icc2_pnr.tcl:46) (MSG-3913)

INFO: run stage route_clock (init -> end)

----------------------------------------------------------------------------------------------------------
Information: Starting clock_opt / route_clock (FLW-8000)
Information: Time: 2026-09-26 04:29:38 / Session:  00:00:35 / Command:  00:00:05 / CPU:  00:00:05 / Memory: 1429 MB (FLW-8100)
----------------------------------------------------------------------------------------------------------

Information: Starting clock_opt / route_clock / Clock Routing (FLW-8000)
Information: Time: 2026-09-26 04:29:38 / Session:  00:00:35 / Command:  00:00:05 / CPU:  00:00:05 / Memory: 1429 MB (FLW-8100)
Clock-opt optimization Phase 2 Iter  1          0.00        0.00      0.00         2       1796.80  31652608.00         559              0.01      1429
Running clock routing step.
route_group -all_clock_nets -reuse_existing_global_route true
INFO: wire-opt feature for router enabled
Information: The net parasitics of block water_sched are cleared. (TIM-123)
Cell Min-Routing-Layer = M1
Cell Max-Routing-Layer = MRDL
Turn off antenna since no rule is specified
Information: Option route.detail.force_end_on_preferred_grid will be ignored since none of the layers have preferred grid. (ZRT-703)
Warning: Cannot find a default contact code for layer CO. (ZRT-022)
Warning: Port VDD of cell water_sched is unplaced.  This may impact routing result. (ZRT-740)
Warning: Port VSS of cell water_sched is unplaced.  This may impact routing result. (ZRT-740)
Warning: Ignore 2 top cell ports with no pins. (ZRT-027)
Info: number of net_type_blockage: 0 
Information: Via ladder engine would be activated for pattern must join connection in certain commands. Please refer to man-page for the command list. (ZRT-619)
Information: AutoNdr rule can't be found. Check the settings.
Information: When applicable Min-max layer allow_pin_connection mode will allow paths of length 3.55 outside the layer range. (ZRT-707)
Information: When applicable Min-max layer allow_pin_connection mode will allow paths of length 3.55 outside the layer range on clock nets. (ZRT-718)
Information: When applicable layer based tapering will taper up to 0.00 in distance from the pin. (ZRT-706)
Warning: Standard cell pin AOINVX4_RVT/VDDG has no valid via regions. (ZRT-044)
Warning: Standard cell pin AOINVX1_RVT/VDDG has no valid via regions. (ZRT-044)
Warning: Standard cell pin AOINVX2_RVT/VDDG has no valid via regions. (ZRT-044)
Warning: Standard cell pin AOBUFX2_RVT/VDDG has no valid via regions. (ZRT-044)
Warning: Standard cell pin AOBUFX4_RVT/VDDG has no valid via regions. (ZRT-044)
Warning: Standard cell pin AOBUFX1_RVT/VDDG has no valid via regions. (ZRT-044)

    Found 0 via ladders to verify.

VIA LADDER INFO: found 0 via ladder DRCs across 0 nets.
Updating the database ...

    Via ladders will be inserted on 0 of 0 ports with via ladder constraints.

Updating the database ...
[Arrange data for GR] Elapsed real time: 0:00:00 
[Arrange data for GR] Elapsed cpu  time: sys=0:00:00 usr=0:00:00 total=0:00:00
[Arrange data for GR] Stage (MB): Used    0  Alloctr    0  Proc    0 
[Arrange data for GR] Total (MB): Used    0  Alloctr    0  Proc 5463 
Start Global Route ... 
[Init] Elapsed real time: 0:00:00 
[Init] Elapsed cpu  time: sys=0:00:00 usr=0:00:00 total=0:00:00
[Init] Stage (MB): Used    0  Alloctr    0  Proc    0 
[Init] Total (MB): Used    0  Alloctr    0  Proc 5463 
Printing options for 'route.common.*'
common.verbose_level                                    :	 0                   

Printing options for 'route.global.*'

Begin global routing.
Loading parastics information to the router ...
parastics information loaded to the router.
[End of Loading Timing] Elapsed real time: 0:00:00 
[End of Loading Timing] Elapsed cpu  time: sys=0:00:00 usr=0:00:00 total=0:00:00
Constructing data structure ...
Design statistics:
Design Bounding Box (0.00um,0.00um,69.28um,68.52um)
Number of routing layers = 10
layer M1, dir Hor, min width = 0.05um, min space = 0.05um pitch = 0.152um
layer M2, dir Ver, min width = 0.056um, min space = 0.056um pitch = 0.152um
layer M3, dir Hor, min width = 0.056um, min space = 0.056um pitch = 0.304um
layer M4, dir Ver, min width = 0.056um, min space = 0.056um pitch = 0.304um
layer M5, dir Hor, min width = 0.056um, min space = 0.056um pitch = 0.608um
layer M6, dir Ver, min width = 0.056um, min space = 0.056um pitch = 0.608um
layer M7, dir Hor, min width = 0.056um, min space = 0.056um pitch = 1.216um
layer M8, dir Ver, min width = 0.056um, min space = 0.056um pitch = 1.216um
layer M9, dir Hor, min width = 0.16um, min space = 0.16um pitch = 2.432um
layer MRDL, dir Ver, min width = 2um, min space = 2um pitch = 4.864um
Current Stage stats:
[End of Build Tech Data] Elapsed real time: 0:00:00 
[End of Build Tech Data] Elapsed cpu  time: sys=0:00:00 usr=0:00:00 total=0:00:00
[End of Build Tech Data] Stage (MB): Used    0  Alloctr    0  Proc    0 
[End of Build Tech Data] Total (MB): Used    0  Alloctr    0  Proc 5463 
Warning: Power net VSS has no power preroutes, skip tie-off. (ZRT-101)
Net statistics:
Total number of nets     = 628
Number of nets to route  = 4
623 open nets
 of which 623 are without routing or PSV shapes
5 nets are fully connected,
 of which 1 are detail routed and 4 are global routed.
Current Stage stats:
[End of Build All Nets] Elapsed real time: 0:00:00 
[End of Build All Nets] Elapsed cpu  time: sys=0:00:00 usr=0:00:00 total=0:00:00
[End of Build All Nets] Stage (MB): Used    0  Alloctr    0  Proc    0 
[End of Build All Nets] Total (MB): Used    0  Alloctr    0  Proc 5463 
Net length statistics: 
Net Count(Ignore Fully Rted) 0, Total Half Perimeter Wire Length (HPWL) 0 microns
HPWL   0 ~   50 microns: Net Count        0	Total HPWL            0 microns
HPWL  50 ~  100 microns: Net Count        0	Total HPWL            0 microns
HPWL 100 ~  200 microns: Net Count        0	Total HPWL            0 microns
HPWL 200 ~  300 microns: Net Count        0	Total HPWL            0 microns
HPWL 300 ~  400 microns: Net Count        0	Total HPWL            0 microns
HPWL 400 ~  500 microns: Net Count        0	Total HPWL            0 microns
HPWL 500 ~  600 microns: Net Count        0	Total HPWL            0 microns
HPWL 600 ~  700 microns: Net Count        0	Total HPWL            0 microns
HPWL 700 ~  800 microns: Net Count        0	Total HPWL            0 microns
HPWL 800 ~  900 microns: Net Count        0	Total HPWL            0 microns
HPWL 900 ~ 1000 microns: Net Count        0	Total HPWL            0 microns
HPWL     > 1000 microns: Net Count        0	Total HPWL            0 microns
Number of partitions: 1 (1 x 1)
Size of partitions: 41 gCells x 41 gCells
Average gCell capacity  5.84	 on layer (1)	 M1
Average gCell capacity  11.02	 on layer (2)	 M2
Average gCell capacity  5.42	 on layer (3)	 M3
Average gCell capacity  5.51	 on layer (4)	 M4
Average gCell capacity  2.71	 on layer (5)	 M5
Average gCell capacity  2.76	 on layer (6)	 M6
Average gCell capacity  1.34	 on layer (7)	 M7
Average gCell capacity  1.37	 on layer (8)	 M8
Average gCell capacity  0.66	 on layer (9)	 M9
Average gCell capacity  0.32	 on layer (10)	 MRDL
Average number of tracks per gCell 11.02	 on layer (1)	 M1
Average number of tracks per gCell 11.12	 on layer (2)	 M2
Average number of tracks per gCell 5.54	 on layer (3)	 M3
Average number of tracks per gCell 5.59	 on layer (4)	 M4
Average number of tracks per gCell 2.80	 on layer (5)	 M5
Average number of tracks per gCell 2.83	 on layer (6)	 M6
Average number of tracks per gCell 1.44	 on layer (7)	 M7
Average number of tracks per gCell 1.44	 on layer (8)	 M8
Average number of tracks per gCell 0.73	 on layer (9)	 M9
Average number of tracks per gCell 0.37	 on layer (10)	 MRDL
Number of gCells = 16810
Current Stage stats:
[End of Build Congestion Map] Elapsed real time: 0:00:00 
[End of Build Congestion Map] Elapsed cpu  time: sys=0:00:00 usr=0:00:00 total=0:00:00
[End of Build Congestion Map] Stage (MB): Used    0  Alloctr    0  Proc    0 
[End of Build Congestion Map] Total (MB): Used    0  Alloctr    0  Proc 5463 
Current Stage stats:
[End of Add Nets Demand] Elapsed real time: 0:00:00 
[End of Add Nets Demand] Elapsed cpu  time: sys=0:00:00 usr=0:00:00 total=0:00:00
[End of Add Nets Demand] Stage (MB): Used    0  Alloctr    0  Proc    0 
[End of Add Nets Demand] Total (MB): Used    0  Alloctr    0  Proc 5463 
Number of user frozen nets = 0
Information: RC layer preference is turned on for this design. (ZRT-613)
Total stats:
[End of Build Data] Elapsed real time: 0:00:00 
[End of Build Data] Elapsed cpu  time: sys=0:00:00 usr=0:00:00 total=0:00:00
[End of Build Data] Stage (MB): Used    0  Alloctr    0  Proc    0 
[End of Build Data] Total (MB): Used    0  Alloctr    0  Proc 5463 
Current Stage stats:
[End of Blocked Pin Detection] Elapsed real time: 0:00:00 
[End of Blocked Pin Detection] Elapsed cpu  time: sys=0:00:00 usr=0:00:00 total=0:00:00
[End of Blocked Pin Detection] Stage (MB): Used    0  Alloctr    0  Proc    0 
[End of Blocked Pin Detection] Total (MB): Used    0  Alloctr    0  Proc 5463 
Information: Using 1 threads for routing. (ZRT-444)
Information: Multiple gcell levels ON
Information: Buffer distance is estimated to be ~862.0000um (515 gCells)

Start GR phase 0
Number of partitions: 1 (1 x 1)
Size of partitions: 41 gCells x 41 gCells
[rtAllBotParts] Elapsed real time: 0:00:00 
[rtAllBotParts] Elapsed cpu  time: sys=0:00:00 usr=0:00:00 total=0:00:00
[rtTop] Elapsed real time: 0:00:00 
[rtTop] Elapsed cpu  time: sys=0:00:00 usr=0:00:00 total=0:00:00
Current Stage stats:
[End of Initial Routing] Elapsed real time: 0:00:00 
[End of Initial Routing] Elapsed cpu  time: sys=0:00:00 usr=0:00:00 total=0:00:00
[End of Initial Routing] Stage (MB): Used    0  Alloctr    0  Proc    0 
[End of Initial Routing] Total (MB): Used    0  Alloctr    0  Proc 5463 
Initial. Routing result:
Initial. Both Dirs: Dmd-Cap  =     0 Max = 0 GRCs =     0 (0.00%)
Initial. H routing: Dmd-Cap  =     0 Max = 0 (GRCs =  0) GRCs =     0 (0.00%)
Initial. V routing: Dmd-Cap  =     0 Max = 0 (GRCs =  0) GRCs =     0 (0.00%)
Initial. Both Dirs: Overflow =     0 Max = 0 GRCs =     0 (0.00%)
Initial. H routing: Overflow =     0 Max = 0 (GRCs =  0) GRCs =     0 (0.00%)
Initial. V routing: Overflow =     0 Max = 0 (GRCs =  0) GRCs =     0 (0.00%)
Initial. M1         Overflow =     0 Max = 0 (GRCs =  0) GRCs =     0 (0.00%)
Initial. M2         Overflow =     0 Max = 0 (GRCs =  0) GRCs =     0 (0.00%)
Initial. M3         Overflow =     0 Max = 0 (GRCs =  0) GRCs =     0 (0.00%)
Initial. M4         Overflow =     0 Max = 0 (GRCs =  0) GRCs =     0 (0.00%)
Initial. M5         Overflow =     0 Max = 0 (GRCs =  0) GRCs =     0 (0.00%)
Initial. M6         Overflow =     0 Max = 0 (GRCs =  0) GRCs =     0 (0.00%)
Initial. M7         Overflow =     0 Max = 0 (GRCs =  0) GRCs =     0 (0.00%)
Initial. M8         Overflow =     0 Max = 0 (GRCs =  0) GRCs =     0 (0.00%)
Initial. M9         Overflow =     0 Max = 0 (GRCs =  0) GRCs =     0 (0.00%)
Initial. MRDL       Overflow =     0 Max = 0 (GRCs =  0) GRCs =     0 (0.00%)

Initial. Total Wire Length = 523.99
Initial. Layer M1 wire length = 0.00
Initial. Layer M2 wire length = 102.34
Initial. Layer M3 wire length = 226.73
Initial. Layer M4 wire length = 182.46
Initial. Layer M5 wire length = 12.46
Initial. Layer M6 wire length = 0.00
Initial. Layer M7 wire length = 0.00
Initial. Layer M8 wire length = 0.00
Initial. Layer M9 wire length = 0.00
Initial. Layer MRDL wire length = 0.00
Initial. Total Number of Contacts = 346
Initial. Via VIA12SQ_C count = 129
Initial. Via VIA23SQ_C count = 123
Initial. Via VIA34SQ_C count = 90
Initial. Via VIA45SQ_C count = 4
Initial. Via VIA56SQ_C count = 0
Initial. Via VIA67SQ_C count = 0
Initial. Via VIA78SQ_C count = 0
Initial. Via VIA89_C count = 0
Initial. Via VIA9RDL count = 0
Initial. completed.

Start GR phase 1
Sat Sep 26 04:29:38 2026
Number of partitions: 1 (1 x 1)
Size of partitions: 41 gCells x 41 gCells
[rtAllParts] Elapsed real time: 0:00:00 
[rtAllParts] Elapsed cpu  time: sys=0:00:00 usr=0:00:00 total=0:00:00
Current Stage stats:
[End of Phase1 Routing] Elapsed real time: 0:00:00 
[End of Phase1 Routing] Elapsed cpu  time: sys=0:00:00 usr=0:00:00 total=0:00:00
[End of Phase1 Routing] Stage (MB): Used    0  Alloctr    0  Proc    0 
[End of Phase1 Routing] Total (MB): Used    0  Alloctr    0  Proc 5463 
phase1. Routing result:
phase1. Both Dirs: Dmd-Cap  =     0 Max = 0 GRCs =     0 (0.00%)
phase1. H routing: Dmd-Cap  =     0 Max = 0 (GRCs =  0) GRCs =     0 (0.00%)
phase1. V routing: Dmd-Cap  =     0 Max = 0 (GRCs =  0) GRCs =     0 (0.00%)
phase1. Both Dirs: Overflow =     0 Max = 0 GRCs =     0 (0.00%)
phase1. H routing: Overflow =     0 Max = 0 (GRCs =  0) GRCs =     0 (0.00%)
phase1. V routing: Overflow =     0 Max = 0 (GRCs =  0) GRCs =     0 (0.00%)
phase1. M1         Overflow =     0 Max = 0 (GRCs =  0) GRCs =     0 (0.00%)
phase1. M2         Overflow =     0 Max = 0 (GRCs =  0) GRCs =     0 (0.00%)
phase1. M3         Overflow =     0 Max = 0 (GRCs =  0) GRCs =     0 (0.00%)
phase1. M4         Overflow =     0 Max = 0 (GRCs =  0) GRCs =     0 (0.00%)
phase1. M5         Overflow =     0 Max = 0 (GRCs =  0) GRCs =     0 (0.00%)
phase1. M6         Overflow =     0 Max = 0 (GRCs =  0) GRCs =     0 (0.00%)
phase1. M7         Overflow =     0 Max = 0 (GRCs =  0) GRCs =     0 (0.00%)
phase1. M8         Overflow =     0 Max = 0 (GRCs =  0) GRCs =     0 (0.00%)
phase1. M9         Overflow =     0 Max = 0 (GRCs =  0) GRCs =     0 (0.00%)
phase1. MRDL       Overflow =     0 Max = 0 (GRCs =  0) GRCs =     0 (0.00%)

phase1. Total Wire Length = 523.99
phase1. Layer M1 wire length = 0.00
phase1. Layer M2 wire length = 102.34
phase1. Layer M3 wire length = 226.73
phase1. Layer M4 wire length = 182.46
phase1. Layer M5 wire length = 12.46
phase1. Layer M6 wire length = 0.00
phase1. Layer M7 wire length = 0.00
phase1. Layer M8 wire length = 0.00
phase1. Layer M9 wire length = 0.00
phase1. Layer MRDL wire length = 0.00
phase1. Total Number of Contacts = 346
phase1. Via VIA12SQ_C count = 129
phase1. Via VIA23SQ_C count = 123
phase1. Via VIA34SQ_C count = 90
phase1. Via VIA45SQ_C count = 4
phase1. Via VIA56SQ_C count = 0
phase1. Via VIA67SQ_C count = 0
phase1. Via VIA78SQ_C count = 0
phase1. Via VIA89_C count = 0
phase1. Via VIA9RDL count = 0
phase1. completed.
[End of Whole Chip Routing] Elapsed real time: 0:00:00 
[End of Whole Chip Routing] Elapsed cpu  time: sys=0:00:00 usr=0:00:00 total=0:00:00
[End of Whole Chip Routing] Stage (MB): Used    0  Alloctr    0  Proc    0 
[End of Whole Chip Routing] Total (MB): Used    0  Alloctr    0  Proc 5463 

Congestion utilization per direction:
Average vertical track utilization   =  1.01 %
Peak    vertical track utilization   = 15.00 %
Average horizontal track utilization =  0.85 %
Peak    horizontal track utilization = 30.00 %

[End of Global Routing] Elapsed real time: 0:00:00 
[End of Global Routing] Elapsed cpu  time: sys=0:00:00 usr=0:00:00 total=0:00:00
[End of Global Routing] Stage (MB): Used    0  Alloctr    0  Proc    0 
[End of Global Routing] Total (MB): Used    0  Alloctr    0  Proc 5463 
Updating congestion ...
Updating congestion ...
[End of dbOut] Elapsed real time: 0:00:00 
[End of dbOut] Elapsed cpu  time: sys=0:00:00 usr=0:00:00 total=0:00:00
[End of dbOut] Stage (MB): Used    0  Alloctr    0  Proc    0 
[End of dbOut] Total (MB): Used    0  Alloctr    0  Proc 5463 

Start track assignment

Printing options for 'route.common.*'
common.verbose_level                                    :	 0                   

Printing options for 'route.track.*'
track.allow_wire_outside_gcell                          :	 true                
track.enable_auto_ndr_flow                              :	 true                

Information: Using 1 threads for routing. (ZRT-444)
Information: RC layer preference is turned on for this design. (ZRT-613)

[Track Assign: TA init] Elapsed real time: 0:00:00 
[Track Assign: TA init] Elapsed cpu  time: sys=0:00:00 usr=0:00:00 total=0:00:00
[Track Assign: TA init] Stage (MB): Used    0  Alloctr    0  Proc    0 
[Track Assign: TA init] Total (MB): Used    0  Alloctr    0  Proc 5463 
INFO: GRTA is turned off for eco routing and group routing in TA

Start initial assignment

Assign Horizontal partitions, iteration 0 
Routed partition 1/11       
Routed partition 2/11       
Routed partition 3/11       
Routed partition 4/11       
Routed partition 5/11       
Routed partition 6/11       
Routed partition 7/11       
Routed partition 8/11       
Routed partition 9/11       
Routed partition 10/11      
Routed partition 11/11      

Assign Vertical partitions, iteration 0 
Routed partition 1/11       
Routed partition 2/11       
Routed partition 3/11       
Routed partition 4/11       
Routed partition 5/11       
Routed partition 6/11       
Routed partition 7/11       
Routed partition 8/11       
Routed partition 9/11       
Routed partition 10/11      
Routed partition 11/11      

Number of wires with overlap after iteration 0 = 110 of 503


[Track Assign: Iteration 0] Elapsed real time: 0:00:00 
[Track Assign: Iteration 0] Elapsed cpu  time: sys=0:00:00 usr=0:00:00 total=0:00:00
[Track Assign: Iteration 0] Stage (MB): Used    0  Alloctr    0  Proc    0 
[Track Assign: Iteration 0] Total (MB): Used    0  Alloctr    0  Proc 5463 

Reroute to fix overlaps (iter = 1)

Assign Horizontal partitions, iteration 1 
Routed partition 1/11       
Routed partition 2/11       
Routed partition 3/11       
Routed partition 4/11       
Routed partition 5/11       
Routed partition 6/11       
Routed partition 7/11       
Routed partition 8/11       
Routed partition 9/11       
Routed partition 10/11      
Routed partition 11/11      

Assign Vertical partitions, iteration 1 
Routed partition 1/11       
Routed partition 2/11       
Routed partition 3/11       
Routed partition 4/11       
Routed partition 5/11       
Routed partition 6/11       
Routed partition 7/11       
Routed partition 8/11       
Routed partition 9/11       
Routed partition 10/11      
Routed partition 11/11      

Number of wires with overlap after iteration 1 = 85 of 507


[Track Assign: Iteration 1] Elapsed real time: 0:00:00 
[Track Assign: Iteration 1] Elapsed cpu  time: sys=0:00:00 usr=0:00:00 total=0:00:00
[Track Assign: Iteration 1] Stage (MB): Used    0  Alloctr    0  Proc    0 
[Track Assign: Iteration 1] Total (MB): Used    0  Alloctr    0  Proc 5463 

Reroute to fix overlaps (iter = 2)

Assign Horizontal partitions, iteration 2 
Routed partition 1/11       
Routed partition 2/11       
Routed partition 3/11       
Routed partition 4/11       
Routed partition 5/11       
Routed partition 6/11       
Routed partition 7/11       
Routed partition 8/11       
Routed partition 9/11       
Routed partition 10/11      
Routed partition 11/11      

Assign Vertical partitions, iteration 2 
Routed partition 1/11       
Routed partition 2/11       
Routed partition 3/11       
Routed partition 4/11       
Routed partition 5/11       
Routed partition 6/11       
Routed partition 7/11       
Routed partition 8/11       
Routed partition 9/11       
Routed partition 10/11      
Routed partition 11/11      

[Track Assign: Iteration 2] Elapsed real time: 0:00:00 
[Track Assign: Iteration 2] Elapsed cpu  time: sys=0:00:00 usr=0:00:00 total=0:00:00
[Track Assign: Iteration 2] Stage (MB): Used    0  Alloctr    0  Proc    0 
[Track Assign: Iteration 2] Total (MB): Used    0  Alloctr    0  Proc 5463 

Number of wires with overlap after iteration 2 = 61 of 430


Wire length and via report:
---------------------------
Number of M1 wires: 60 		  : 0
Number of M2 wires: 173 		 VIA12SQ_C: 129
Number of M3 wires: 141 		 VIA23SQ_C: 137
Number of M4 wires: 52 		 VIA34SQ_C: 79
Number of M5 wires: 4 		 VIA45SQ_C: 4
Number of M6 wires: 0 		 VIA56SQ_C: 0
Number of M7 wires: 0 		 VIA67SQ_C: 0
Number of M8 wires: 0 		 VIA78SQ_C: 0
Number of M9 wires: 0 		 VIA89_C: 0
Number of MRDL wires: 0 		 VIA9RDL: 0
Total number of wires: 430 		 vias: 349

Total M1 wire length: 4.7
Total M2 wire length: 127.6
Total M3 wire length: 240.5
Total M4 wire length: 167.8
Total M5 wire length: 13.1
Total M6 wire length: 0.0
Total M7 wire length: 0.0
Total M8 wire length: 0.0
Total M9 wire length: 0.0
Total MRDL wire length: 0.0
Total wire length: 553.6

Longest M1 wire length: 0.1
Longest M2 wire length: 6.4
Longest M3 wire length: 26.0
Longest M4 wire length: 28.3
Longest M5 wire length: 4.3
Longest M6 wire length: 0.0
Longest M7 wire length: 0.0
Longest M8 wire length: 0.0
Longest M9 wire length: 0.0
Longest MRDL wire length: 0.0


[Track Assign: Done] Elapsed real time: 0:00:00 
[Track Assign: Done] Elapsed cpu  time: sys=0:00:00 usr=0:00:00 total=0:00:00
[Track Assign: Done] Stage (MB): Used    0  Alloctr    0  Proc    0 
[Track Assign: Done] Total (MB): Used    0  Alloctr    0  Proc 5463 
 Info: Xtalk flow is enabled for DR ...
Printing options for 'route.common.*'
common.verbose_level                                    :	 0                   

Printing options for 'route.detail.*'
detail.enable_auto_ndr_flow                             :	 true                

Printing options for 'route.auto_via_ladder.*'

There are 0 out of total 628 nets with relaxed min layer from GR.
Information: RC layer preference is turned on for this design. (ZRT-613)
[Dr init] Elapsed real time: 0:00:00 
[Dr init] Elapsed cpu  time: sys=0:00:00 usr=0:00:00 total=0:00:00
[Dr init] Stage (MB): Used    0  Alloctr    0  Proc    0 
[Dr init] Total (MB): Used    0  Alloctr    0  Proc 5463 
Total number of nets = 628, of which 0 are not extracted
Total number of open nets = 622, of which 0 are frozen
Information: Using 1 threads for routing. (ZRT-444)
Start DR iteration 0: uniform partition
Routed	1/16 Partitions, Violations =	3
Routed	2/16 Partitions, Violations =	3
Routed	3/16 Partitions, Violations =	11
Routed	4/16 Partitions, Violations =	13
Routed	5/16 Partitions, Violations =	13
Routed	6/16 Partitions, Violations =	13
Routed	7/16 Partitions, Violations =	14
Routed	8/16 Partitions, Violations =	14
Routed	9/16 Partitions, Violations =	14
Routed	10/16 Partitions, Violations =	3
Routed	11/16 Partitions, Violations =	5
Routed	12/16 Partitions, Violations =	5
Routed	13/16 Partitions, Violations =	7
Routed	14/16 Partitions, Violations =	4
Routed	15/16 Partitions, Violations =	4
Routed	16/16 Partitions, Violations =	0

DRC-SUMMARY:
	@@@@@@@ TOTAL VIOLATIONS =	0

Information: The app option "route.detail.report_soft_drc_separately" will be on-by-default in future release. (ZRT-807)
	@@@@@@@ TOTAL SOFT VIOLATIONS =	0

[Iter 0] Elapsed real time: 0:00:00 
[Iter 0] Elapsed cpu  time: sys=0:00:00 usr=0:00:00 total=0:00:00
[Iter 0] Stage (MB): Used    0  Alloctr    0  Proc    0 
[Iter 0] Total (MB): Used    0  Alloctr    0  Proc 5463 

End DR iteration 0 with 16 parts

Finish DR since reached 0 DRC

[DR] Elapsed real time: 0:00:00 
[DR] Elapsed cpu  time: sys=0:00:00 usr=0:00:00 total=0:00:00
[DR] Stage (MB): Used    0  Alloctr    0  Proc    0 
[DR] Total (MB): Used    0  Alloctr    0  Proc 5463 
[DR: Done] Elapsed real time: 0:00:00 
[DR: Done] Elapsed cpu  time: sys=0:00:00 usr=0:00:00 total=0:00:00
[DR: Done] Stage (MB): Used    0  Alloctr    0  Proc    0 
[DR: Done] Total (MB): Used    0  Alloctr    0  Proc 5463 

DR finished with 0 open nets, of which 0 are frozen

DR finished with 0 violations

DRC-SUMMARY:
	@@@@@@@ TOTAL VIOLATIONS =	0

Information: The app option "route.detail.report_soft_drc_separately" will be on-by-default in future release. (ZRT-807)
	@@@@@@@ TOTAL SOFT VIOLATIONS =	0



Total Wire Length =                    547 micron
Total Number of Contacts =             332
Total Number of Wires =                370
Total Number of PtConns =              95
Total Number of Routed Wires =       370
Total Routed Wire Length =           542 micron
Total Number of Routed Contacts =       332
	Layer             M1 :          2 micron
	Layer             M2 :        122 micron
	Layer             M3 :        239 micron
	Layer             M4 :        166 micron
	Layer             M5 :         13 micron
	Layer             M6 :          0 micron
	Layer             M7 :          0 micron
	Layer             M8 :          0 micron
	Layer             M9 :          0 micron
	Layer           MRDL :          0 micron
	Via   VIA45SQ_C(rot) :          4
	Via        VIA34SQ_C :         70
	Via   VIA23SQ_C(rot) :        130
	Via        VIA12SQ_C :        128

 
Redundant via conversion report:
--------------------------------

  Total optimized via conversion rate =  0.00% (0 / 332 vias)
 
    Layer VIA1       =  0.00% (0      / 128     vias)
        Un-optimized =  0.00% (0       vias)
        Un-mapped    = 100.00% (128     vias)
    Layer VIA2       =  0.00% (0      / 130     vias)
        Un-optimized =  0.00% (0       vias)
        Un-mapped    = 100.00% (130     vias)
    Layer VIA3       =  0.00% (0      / 70      vias)
        Un-optimized =  0.00% (0       vias)
        Un-mapped    = 100.00% (70      vias)
    Layer VIA4       =  0.00% (0      / 4       vias)
        Un-optimized =  0.00% (0       vias)
        Un-mapped    = 100.00% (4       vias)
 
  Total double via conversion rate    =  0.00% (0 / 332 vias)
 
    Layer VIA1       =  0.00% (0      / 128     vias)
    Layer VIA2       =  0.00% (0      / 130     vias)
    Layer VIA3       =  0.00% (0      / 70      vias)
    Layer VIA4       =  0.00% (0      / 4       vias)
 
  The optimized via conversion rate based on total routed via count =  0.00% (0 / 332 vias)
 
    Layer VIA1       =  0.00% (0      / 128     vias)
        Un-optimized =  0.00% (0       vias)
        Un-mapped    = 100.00% (128     vias)
    Layer VIA2       =  0.00% (0      / 130     vias)
        Un-optimized =  0.00% (0       vias)
        Un-mapped    = 100.00% (130     vias)
    Layer VIA3       =  0.00% (0      / 70      vias)
        Un-optimized =  0.00% (0       vias)
        Un-mapped    = 100.00% (70      vias)
    Layer VIA4       =  0.00% (0      / 4       vias)
        Un-optimized =  0.00% (0       vias)
        Un-mapped    = 100.00% (4       vias)
 

Total number of nets = 628
0 open nets, of which 0 are frozen
Total number of excluded ports = 0 ports of 0 unplaced cells connected to 0 nets
                                 0 ports without pins of 0 cells connected to 0 nets
                                 0 ports of 0 cover cells connected to 0 non-pg nets
Total number of DRCs = 0
Total number of antenna violations = antenna checking not active
Total number of DRCs on M3 and below = 0 
Information: Routes in non-preferred voltage areas = 0 (ZRT-559)

Updating the database ...
Information: Ending   clock_opt / route_clock / Clock Routing (FLW-8001)
Information: Time: 2026-09-26 04:29:39 / Session:  00:00:36 / Command:  00:00:06 / CPU:  00:00:06 / Memory: 1429 MB (FLW-8100)


Information: Runtime Summary (clock_opt / route_clock)  (FLW-9000)
----------------------------------------------------------------------------
    Elapse (Hrs)   Elapse (%)       CPU/Elapse       Category
----------------------------------------------------------------------------
      0.00           99.3%             1.0           Detail Route 
      0.00            0.7%             1.0           Other 
----------------------------------------------------------------------------
      0.00          100.0%             1.0           Total 
----------------------------------------------------------------------------

Host Options:
-------------
Max cores: 1

Machine Spec:
-------------
12th Gen Intel(R) Core(TM) i5-12400 / 12 CPUs  
Sockets: 1, Cores: 6, HT/SMT, not-VM
----------------------------------------------------------------------------

Information: Ending   clock_opt / route_clock (FLW-8001)
Information: Time: 2026-09-26 04:29:39 / Session:  00:00:36 / Command:  00:00:06 / CPU:  00:00:06 / Memory: 1429 MB (FLW-8100)

Information: >>>>>>> 5 unique error and warning message tags while observing clock_opt / route_clock: (MSG-3100)
Information: #prnt #trgr #lmt    Tag  Level     Format (or last printed message)                                (MSG-3036)
Information:    30     6  0 ZRT-044   WARNING   Warning: Standard cell pin AOBUFX1_RVT/VDDG has no valid via... (MSG-3032)
Information:     8     1  0 ZRT-022   WARNING   Warning: Cannot find a default contact code for layer CO. (Z... (MSG-3032)
Information:    12     2  0 ZRT-740   WARNING   Warning: Port VSS of cell water_sched is unplaced.  This may... (MSG-3032)
Information:     8     1  0 ZRT-101   WARNING   Warning: Power net VSS has no power preroutes, skip tie-off.... (MSG-3032)
Information:     6     1  0 ZRT-027   WARNING   Warning: Ignore 2 top cell ports with no pins. (ZRT-027)        (MSG-3032)
Information:    64    11  0        5  <------   Total sum of messages (MSG-3038)
Information: >>>>>>> Summary: 11 error&warning MSGs observed during clock_opt / route_clock (MSG-3103)

INFO: run stage final_opto (init -> end)

----------------------------------------------------------------------------------------------------------
Information: Starting clock_opt / final_opto (FLW-8000)
Information: Time: 2026-09-26 04:29:39 / Session:  00:00:36 / Command:  00:00:06 / CPU:  00:00:06 / Memory: 1429 MB (FLW-8100)
----------------------------------------------------------------------------------------------------------

Information: The value of option cts.compile.enable_cell_relocation has been overridden to "leaf_only" to support latency-driven placement. (CTS-973)
Information: The stitching and editing of coupling caps is turned OFF for design 'water_sched_lib:water_sched.design'. (TIM-125)
Information: Design water_sched has 628 nets, 0 global routed, 4 detail routed. (NEX-024)
Information: The RC mode used is CTO for design 'water_sched'. (NEX-022)
Information: Design Average RC for design water_sched  (NEX-011)
Information: r = 1.788258 ohm/um, via_r = 0.463390 ohm/cut, c = 0.069133 ff/um, cc = 0.000000 ff/um (X dir) (NEX-017)
Information: r = 1.672017 ohm/um, via_r = 0.578659 ohm/cut, c = 0.079034 ff/um, cc = 0.000000 ff/um (Y dir) (NEX-017)
Information: Update timing completed net estimation for all the timing graph nets (TIM-111)
Information: Net estimation statistics: timing graph nets = 626, routed nets = 4, across physical hierarchy nets = 0, parasitics cached nets = 626, delay annotated nets = 0, parasitics annotated nets = 0, multi-voltage nets = 0. (TIM-112)
Clock-opt command begin                   CPU:    32 s (  0.01 hr )  ELAPSE:    36 s (  0.01 hr )  MEM-PEAK:  1429 MB
INFO: Removed total 0 routing shapes from 622 signal nets.
Info: update em.

Clock-opt timing update complete          CPU:    32 s (  0.01 hr )  ELAPSE:    36 s (  0.01 hr )  MEM-PEAK:  1429 MB
INFO: Propagating Switching Activities
Information: Activity for scenario default was cached, no propagation required. (POW-005)
INFO: Switching Activity propagation took     0.00001 sec
INFO: Propagating Switching Activity for all power flows 

Clock-opt initial QoR
_____________________
Scenario Mapping Table
1: default

Pathgroup Mapping Table
1: **default**
2: **async_default**
3: **clock_gating_default**
4: **in2reg_default**
5: **reg2out_default**
6: **in2out_default**
7: core_clk

-------------------------------------------------------------------------------------------------------------------------------------------------------------
PATHGROUP QOR 
-------------------------------------------------------------------------------------------------------------------------------------------------------------
Scene  PG      WNS        TNS    NSV      WHV        THV    NHV
    1   1   0.0000     0.0000      0   0.0000     0.0000      0
    1   2   0.0000     0.0000      0   0.0000     0.0000      0
    1   3   0.0000     0.0000      0   0.0000     0.0000      0
    1   4   0.0000     0.0000      0   0.0000     0.0000      0
    1   5   0.0000     0.0000      0   0.0000     0.0000      0
    1   6   0.0000     0.0000      0   0.0000     0.0000      0
    1   7   0.0000     0.0000      0   0.0000     0.0000      0
----------------------------------------------------------------------------------------------------------------------------------------------------------------------
SCENARIO QOR 
----------------------------------------------------------------------------------------------------------------------------------------------------------------------
Scene  PG      WNS        TNS   R2RTNS    NSV      WHV        THV    NHV  MaxTrnV   MaxTranC  MaxCapV    Leakage
    1   *   0.0000     0.0000   0.0000      0   0.0000     0.0000      0        0     0.0000        0 31652608.0
----------------------------------------------------------------------------------------------------------------------------------------------------------------------
DESIGN QOR 
----------------------------------------------------------------------------------------------------------------------------------------------------------------------
Scene  PG      WNS        TNS   R2RTNS    NSV      WHV        THV    NHV  MaxTrnV   MaxTranC  MaxCapV    Leakage         Area    InstCnt     BufCnt     InvCnt
    *   *   0.0000     0.0000   0.0000      0   0.0000     0.0000      0        0     0.0000        0 31652608.0      1796.80        559         17        107
----------------------------------------------------------------------------------------------------------------------------------------------------------------------

Clock-opt initial QoR Summary       WNS        TNS   R2RTNS    NSV      WHV        THV    NHV  MaxTrnV  MaxCapV    Leakage         Area    InstCnt
Clock-opt initial QoR Summary    0.0000     0.0000   0.0000      0   0.0000     0.0000      0        0        0 31652608.0      1796.80        559
Information: The netlist change observers are disabled for incremental extraction. (TIM-126)
INFO: using 1 threads
Clock-opt initialization complete         CPU:    33 s (  0.01 hr )  ELAPSE:    37 s (  0.01 hr )  MEM-PEAK:  1429 MB
Clock-opt optimization summary            SETUP-COST    R2R-COST HOLD-COST LDRC-COST          AREA     LEAKAGE     INSTCNT            ELAPSE       MEM
Number of Site types in the design = 1
Setting up Chip Core
Chip Core shape: (50000 50000) (642800 635200)
Number of VARs = 1
Number of unique PDs = 1
Number of Power Domains = 1
Number of Voltage Areas = 1
Number of supply Nets = 2
Number of used supplies = 0
Blocked VAs: 
Information: The netlist change observers are enabled for incremental extraction. (TIM-127)

Information: Initializing classic cellmap without advanced rules enabled and without PDC enabled
Information: The following app options are used in cellmap
        place.legalize.enable_color_aware_placement : false
        place.legalize.use_nll_query_cm : false
        place.legalize.enable_advanced_legalizer : false
        place.legalize.enable_prerouted_net_check : true
        place.legalize.enable_advanced_prerouted_net_check : false
        place.legalize.always_continue : true
        place.legalize.limit_legality_checks : false
        place.common.pnet_aware_density : 1.0000
        place.common.pnet_aware_min_width : 0.0000
        place.common.pnet_aware_layers : {}
        place.common.use_placement_model : false
        place.common.enable_advanced_placement_model : true
        cts.placement.cell_spacing_rule_style : maximum
Total 0.0082 seconds to build cellmap data
INFO: creating 14(r) x 14(c) GridCells YDim 5.016 XDim 5.016
INFO: number of GridCells (water_sched): 196
INFO: creating 14(r) x 14(c) GridCells YDim 5.016 XDim 5.016
INFO: number of GridCells (water_sched): 196
Total 0.0034 seconds to load 559 cell instances into cellmap
Moveable cells: 556; Application fixed cells: 3; Macro cells: 0; User fixed cells: 0
0 out of 622 data nets is detail routed, 4 out of 4 clock nets are detail routed and total 626 nets have been analyzed
Only clock route nets/shapes. Estimated current stage is after clock detail route stage
Average cell width 1.9224, cell height 1.6720, cell area 3.2143 for total 559 placed and application fixed cells
Clock-opt optimization Phase 3 Iter  1          0.00        0.00      0.00         2       1796.80  31652608.00         559              0.01      1429
Number of Site types in the design = 1
Setting up Chip Core
Chip Core shape: (50000 50000) (642800 635200)
Number of VARs = 1
Number of unique PDs = 1
Number of Power Domains = 1
Number of Voltage Areas = 1
Number of supply Nets = 2
Number of used supplies = 0
Blocked VAs: 

Clock-opt optimization Phase 4 Iter  1          0.00        0.00      0.00         2       1796.80  31652608.00         559              0.01      1429
Corner Scaling is off, multiplier is 1.000000
Corner Scaling is off, multiplier is 1.000000
bmap: stepx = stepy = 83600
creating bmap
DB units per micron : 10000
Clock-opt optimization Phase 4 Iter  2          0.00        0.00      0.00         2       1796.80  31652608.00         559              0.01      1429
Clock-opt optimization Phase 4 Iter  3          0.00        0.00      0.00         2       1796.80  31652608.00         559              0.01      1429

Clock-opt optimization Phase 5 Iter  1          0.00        0.00      0.00         2       1796.80  31652608.00         559              0.01      1429

Clock-opt optimization Phase 6 Iter  1          0.00        0.00      0.00         2       1792.99  31259396.00         559              0.01      1429
Clock-opt optimization Phase 6 Iter  2          0.00        0.00      0.00         2       1792.99  31259396.00         559              0.01      1429
Clock-opt optimization Phase 6 Iter  3          0.00        0.00      0.00         2       1792.99  31259396.00         559              0.01      1429
Clock-opt optimization Phase 6 Iter  4          0.00        0.00      0.00         2       1792.99  31259396.00         559              0.01      1429
Corner Scaling is off, multiplier is 1.000000
bmap: stepx = stepy = 83600
creating bmap
DB units per micron : 10000
Clock-opt optimization Phase 6 Iter  5          0.00        0.00      0.00         2       1792.99  31259396.00         559              0.01      1429
Clock-opt optimization Phase 6 Iter  6          0.00        0.00      0.00         2       1792.99  31259396.00         559              0.01      1429
Clock-opt optimization Phase 6 Iter  7          0.00        0.00      0.00         2       1792.99  31259396.00         559              0.01      1429
Clock-opt optimization Phase 6 Iter  8          0.00        0.00      0.00         2       1792.99  31259396.00         559              0.01      1429
Clock-opt optimization Phase 6 Iter  9          0.00        0.00      0.00         2       1792.99  31259396.00         559              0.01      1429
Clock-opt optimization Phase 6 Iter 10          0.00        0.00      0.00         2       1792.99  31259396.00         559              0.01      1429
Clock-opt optimization Phase 6 Iter 11          0.00        0.00      0.00         2       1792.99  31259396.00         559              0.01      1429
Clock-opt optimization Phase 6 Iter 12          0.00        0.00      0.00         2       1792.99  31259396.00         559              0.01      1429
Clock-opt optimization Phase 6 Iter 13          0.00        0.00      0.00         2       1792.99  31259396.00         559              0.01      1429
Clock-opt optimization Phase 6 Iter 14          0.00        0.00      0.00         2       1792.99  31259396.00         559              0.01      1429
Clock-opt optimization Phase 6 Iter 15          0.00        0.00      0.00         2       1792.99  31259396.00         559              0.01      1429
Clock-opt optimization Phase 6 Iter 16          0.00        0.00      0.00         2       1792.99  31259396.00         559              0.01      1429
Clock-opt optimization Phase 6 Iter 17          0.00        0.00      0.00         2       1792.99  31259396.00         559              0.01      1429
Clock-opt optimization Phase 6 Iter 18          0.00        0.00      0.00         2       1792.99  31259396.00         559              0.01      1429
Clock-opt optimization summary            SETUP-COST    R2R-COST HOLD-COST LDRC-COST          AREA     LEAKAGE     INSTCNT            ELAPSE       MEM
Clock-opt optimization Phase 6 Iter 19          0.00        0.00      0.00         2       1792.99  31259396.00         559              0.01      1429
Clock-opt optimization Phase 6 Iter 20          0.00        0.00      0.00         2       1792.99  31259396.00         559              0.01      1429
Clock-opt optimization Phase 6 Iter 21          0.00        0.00      0.00         2       1792.99  31259396.00         559              0.01      1429
Clock-opt optimization Phase 6 Iter 22          0.00        0.00      0.00         2       1792.99  31259396.00         559              0.01      1429
Clock-opt optimization Phase 6 Iter 23          0.00        0.00      0.00         2       1792.99  31259396.00         559              0.01      1429
Clock-opt optimization Phase 6 Iter 24          0.00        0.00      0.00         2       1792.99  31259396.00         559              0.01      1429
Clock-opt optimization Phase 6 Iter 25          0.00        0.00      0.00         2       1792.99  31259396.00         559              0.01      1429
Clock-opt optimization Phase 6 Iter 26          0.00        0.00      0.00         2       1792.99  31259396.00         559              0.01      1429
Clock-opt optimization Phase 6 Iter 27          0.00        0.00      0.00         2       1792.99  31259396.00         559              0.01      1429
Clock-opt optimization Phase 6 Iter 28          0.00        0.00      0.00         2       1792.99  31259396.00         559              0.01      1429
Clock-opt optimization Phase 6 Iter 29          0.00        0.00      0.00         2       1792.99  31259396.00         559              0.01      1429
Clock-opt optimization Phase 6 Iter 30          0.00        0.00      0.00         2       1792.99  31259396.00         559              0.01      1429

Clock-opt optimization Phase 7 Iter  1          0.00        0.00      0.00         2       1792.99  31259396.00         559              0.01      1429
Clock-opt optimization Phase 7 Iter  2          0.00        0.00      0.00         2       1792.99  31259396.00         559              0.01      1429
Warning: Restoring scoped app option 'xform.commit_density_threshold' to original value 'unset' (from current value '1', which is different from the scoped value '1.0'). (FLW-2892)
Warning: Restoring scoped app option 'opt.internal.levfilter_arec_slack' to original value 'unset' (from current value '-1', which is different from the scoped value '-1.0'). (FLW-2892)
Information: Configuring Design Fusion Restructuring for total power ...
Clock-opt optimization Phase 7 Iter  3          0.00        0.00      0.00         2       1792.99  31259396.00         559              0.01      1429
Warning: Restoring scoped app option 'xform.commit_density_threshold' to original value 'unset' (from current value '1', which is different from the scoped value '1.0'). (FLW-2892)
Warning: Restoring scoped app option 'opt.internal.levfilter_arec_slack' to original value 'unset' (from current value '-1', which is different from the scoped value '-1.0'). (FLW-2892)
LR XFORM: End Prediction Mode

Clock-opt optimization Phase 8 Iter  1          0.00        0.00      0.00         2       1792.99  31275690.00         559              0.01      1429

Clock-opt optimization Phase 9 Iter  1          0.00        0.00      0.00         2       1792.99  31275690.00         559              0.01      1429
ISR-INFO: dsizeFilter CandPruners: dSizeVTGroupCandPruner dSizeFootprintCandPruner dSizeKneeCandPruner 
ISR-INFO: dsizeFilter ResultPruners: tpo_cost_rp delay_scale_rp arn_tran_rp mog_mcmm_delay_rp 
ISR-INFO: dsizeFilter CandPruners: dSizeVTGroupCandPruner dSizeFootprintCandPruner dSizeKneeCandPruner 
ISR-INFO: dsizeFilter ResultPruners: tpo_cost_rp delay_scale_rp arn_tran_rp mog_mcmm_delay_rp 
Clock-opt optimization Phase 9 Iter  2          0.00        0.00      0.00         2       1792.99  31275690.00         559              0.01      1429
ISR-INFO: dsizeFilter CandPruners: dSizeVTGroupCandPruner dSizeFootprintCandPruner 
ISR-INFO: dsizeFilter ResultPruners: tpo_cost_rp delay_scale_rp arn_tran_rp mog_mcmm_delay_rp 

Clock-opt optimization Phase 10 Iter  1         0.00        0.00      0.00         2       1792.22  31265166.00         558              0.01      1429
Corner Scaling is off, multiplier is 1.000000
Corner Scaling is off, multiplier is 1.000000
bmap: stepx = stepy = 83600
creating bmap
DB units per micron : 10000
Clock-opt optimization Phase 10 Iter  2         0.00        0.00      0.00         2       1792.22  31265166.00         558              0.01      1429
Clock-opt optimization Phase 10 Iter  3         0.00        0.00      0.00         2       1792.22  31265166.00         558              0.01      1429
Clock-opt optimization Phase 10 Iter  4         0.00        0.00      0.00         2       1792.22  31265166.00         558              0.01      1429

Clock-opt optimization Phase 11 Iter  1         0.00        0.00      0.00         2       1796.04  31658378.00         558              0.01      1429
Clock-opt optimization Phase 11 Iter  2         0.00        0.00      0.00         2       1796.04  31658378.00         558              0.01      1429
Clock-opt optimization Phase 11 Iter  3         0.00        0.00      0.00         2       1796.04  31658378.00         558              0.01      1429
Clock-opt optimization Phase 11 Iter  4         0.00        0.00      0.00         2       1796.04  31658378.00         558              0.01      1429

Clock-opt optimization Phase 12 Iter  1         0.00        0.00      0.00         2       1796.04  31658378.00         558              0.01      1429

Clock-opt optimization Phase 13 Iter  1         0.00        0.00      0.00         2       1796.04  31658378.00         558              0.01      1429
Corner Scaling is off, multiplier is 1.000000
bmap: stepx = stepy = 83600
creating bmap
DB units per micron : 10000

Clock-opt optimization Phase 14 Iter  1         0.00        0.00      0.00         2       1796.04  31658378.00         558              0.01      1429
Running post-clock timing-driven placement.
Turning on CRPR.
Information: Current block utilization is '0.51770', effective utilization is '0.51773'. (OPT-055)
----------------------------------------------------------------
Running congestion-aware direct-timing-driven placement
Start Timing-driven placement
Start transferring placement data.
Warning: To enable pin track alignment feature, the advanced legalizer has to be turned on using app option "place.legalize.enable_advanced_legalizer".
Warning: Pin track alignment feature will be disabled in this run
Information: Initializing classic cellmap without advanced rules enabled and without PDC enabled
Information: The following app options are used in cellmap
        place.legalize.enable_color_aware_placement : false
        place.legalize.use_nll_query_cm : false
        place.legalize.enable_advanced_legalizer : false
        place.legalize.enable_prerouted_net_check : true
        place.legalize.enable_advanced_prerouted_net_check : false
        place.legalize.always_continue : true
        place.legalize.limit_legality_checks : false
        place.common.pnet_aware_density : 1.0000
        place.common.pnet_aware_min_width : 0.0000
        place.common.pnet_aware_layers : {}
        place.common.use_placement_model : false
        place.common.enable_advanced_placement_model : true
        cts.placement.cell_spacing_rule_style : maximum
Total 0.0085 seconds to build cellmap data
Snapped 555 standard cells to the nearest cellrow to improve the accuracy of congestion analysis.
INFO: wire-opt feature for router enabled
Start Global Route ... 
[Init] Elapsed real time: 0:00:00 
[Init] Elapsed cpu  time: sys=0:00:00 usr=0:00:00 total=0:00:00
[Init] Stage (MB): Used    0  Alloctr    0  Proc    0 
[Init] Total (MB): Used    0  Alloctr    0  Proc 5463 
Printing options for 'route.common.*'
common.verbose_level                                    :	 0                   

Printing options for 'route.global.*'
global.timing_driven                                    :	 false               

Begin global routing.
Cell Min-Routing-Layer = M1
Cell Max-Routing-Layer = MRDL
Turn off antenna since no rule is specified
Information: Option route.detail.force_end_on_preferred_grid will be ignored since none of the layers have preferred grid. (ZRT-703)
Warning: Cannot find a default contact code for layer CO. (ZRT-022)
Warning: Port VDD of cell water_sched is unplaced.  This may impact routing result. (ZRT-740)
Warning: Port VSS of cell water_sched is unplaced.  This may impact routing result. (ZRT-740)
Warning: Ignore 2 top cell ports with no pins. (ZRT-027)
Info: number of net_type_blockage: 0 
Information: Via ladder engine would be activated for pattern must join connection in certain commands. Please refer to man-page for the command list. (ZRT-619)
Information: AutoNdr rule can't be found. Check the settings.
Information: When applicable Min-max layer allow_pin_connection mode will allow paths of length 3.55 outside the layer range. (ZRT-707)
Information: When applicable Min-max layer allow_pin_connection mode will allow paths of length 3.55 outside the layer range on clock nets. (ZRT-718)
Information: When applicable layer based tapering will taper up to 0.00 in distance from the pin. (ZRT-706)
Warning: Standard cell pin AOINVX4_RVT/VDDG has no valid via regions. (ZRT-044)
Warning: Standard cell pin AOINVX1_RVT/VDDG has no valid via regions. (ZRT-044)
Warning: Standard cell pin AOINVX2_RVT/VDDG has no valid via regions. (ZRT-044)
Warning: Standard cell pin AOBUFX2_RVT/VDDG has no valid via regions. (ZRT-044)
Warning: Standard cell pin AOBUFX4_RVT/VDDG has no valid via regions. (ZRT-044)
Warning: Standard cell pin AOBUFX1_RVT/VDDG has no valid via regions. (ZRT-044)
Current Stage stats:
[End of Read DB] Elapsed real time: 0:00:00 
[End of Read DB] Elapsed cpu  time: sys=0:00:00 usr=0:00:00 total=0:00:00
[End of Read DB] Stage (MB): Used    0  Alloctr    0  Proc    0 
[End of Read DB] Total (MB): Used    0  Alloctr    0  Proc 5463 
Loading parastics information to the router ...
parastics information loaded to the router.
[End of Loading Timing] Elapsed real time: 0:00:00 
[End of Loading Timing] Elapsed cpu  time: sys=0:00:00 usr=0:00:00 total=0:00:00
Constructing data structure ...
Design statistics:
Design Bounding Box (0.00um,0.00um,69.28um,68.52um)
Number of routing layers = 10
layer M1, dir Hor, min width = 0.05um, min space = 0.05um pitch = 0.152um
layer M2, dir Ver, min width = 0.056um, min space = 0.056um pitch = 0.152um
layer M3, dir Hor, min width = 0.056um, min space = 0.056um pitch = 0.304um
layer M4, dir Ver, min width = 0.056um, min space = 0.056um pitch = 0.304um
layer M5, dir Hor, min width = 0.056um, min space = 0.056um pitch = 0.608um
layer M6, dir Ver, min width = 0.056um, min space = 0.056um pitch = 0.608um
layer M7, dir Hor, min width = 0.056um, min space = 0.056um pitch = 1.216um
layer M8, dir Ver, min width = 0.056um, min space = 0.056um pitch = 1.216um
layer M9, dir Hor, min width = 0.16um, min space = 0.16um pitch = 2.432um
layer MRDL, dir Ver, min width = 2um, min space = 2um pitch = 4.864um
Current Stage stats:
[End of Build Tech Data] Elapsed real time: 0:00:00 
[End of Build Tech Data] Elapsed cpu  time: sys=0:00:00 usr=0:00:00 total=0:00:00
[End of Build Tech Data] Stage (MB): Used    0  Alloctr    0  Proc    0 
[End of Build Tech Data] Total (MB): Used    0  Alloctr    0  Proc 5463 
Warning: Power net VSS has no power preroutes, skip tie-off. (ZRT-101)
Net statistics:
Total number of nets     = 627
Number of nets to route  = 622
622 open nets
 of which 622 are without routing or PSV shapes
5 nets are fully connected,
 of which 5 are detail routed and 0 are global routed.
Current Stage stats:
[End of Build All Nets] Elapsed real time: 0:00:00 
[End of Build All Nets] Elapsed cpu  time: sys=0:00:00 usr=0:00:00 total=0:00:00
[End of Build All Nets] Stage (MB): Used    0  Alloctr    0  Proc    0 
[End of Build All Nets] Total (MB): Used    0  Alloctr    0  Proc 5463 
Net length statistics: 
Net Count(Ignore Fully Rted) 622, Total Half Perimeter Wire Length (HPWL) 7388 microns
HPWL   0 ~   50 microns: Net Count      601	Total HPWL         5761 microns
HPWL  50 ~  100 microns: Net Count       19	Total HPWL         1389 microns
HPWL 100 ~  200 microns: Net Count        2	Total HPWL          238 microns
HPWL 200 ~  300 microns: Net Count        0	Total HPWL            0 microns
HPWL 300 ~  400 microns: Net Count        0	Total HPWL            0 microns
HPWL 400 ~  500 microns: Net Count        0	Total HPWL            0 microns
HPWL 500 ~  600 microns: Net Count        0	Total HPWL            0 microns
HPWL 600 ~  700 microns: Net Count        0	Total HPWL            0 microns
HPWL 700 ~  800 microns: Net Count        0	Total HPWL            0 microns
HPWL 800 ~  900 microns: Net Count        0	Total HPWL            0 microns
HPWL 900 ~ 1000 microns: Net Count        0	Total HPWL            0 microns
HPWL     > 1000 microns: Net Count        0	Total HPWL            0 microns
Number of partitions: 1 (1 x 1)
Size of partitions: 41 gCells x 41 gCells
Average gCell capacity  5.84	 on layer (1)	 M1
Average gCell capacity  11.02	 on layer (2)	 M2
Average gCell capacity  5.42	 on layer (3)	 M3
Average gCell capacity  5.51	 on layer (4)	 M4
Average gCell capacity  2.71	 on layer (5)	 M5
Average gCell capacity  2.76	 on layer (6)	 M6
Average gCell capacity  1.34	 on layer (7)	 M7
Average gCell capacity  1.37	 on layer (8)	 M8
Average gCell capacity  0.66	 on layer (9)	 M9
Average gCell capacity  0.32	 on layer (10)	 MRDL
Average number of tracks per gCell 11.02	 on layer (1)	 M1
Average number of tracks per gCell 11.12	 on layer (2)	 M2
Average number of tracks per gCell 5.54	 on layer (3)	 M3
Average number of tracks per gCell 5.59	 on layer (4)	 M4
Average number of tracks per gCell 2.80	 on layer (5)	 M5
Average number of tracks per gCell 2.83	 on layer (6)	 M6
Average number of tracks per gCell 1.44	 on layer (7)	 M7
Average number of tracks per gCell 1.44	 on layer (8)	 M8
Average number of tracks per gCell 0.73	 on layer (9)	 M9
Average number of tracks per gCell 0.37	 on layer (10)	 MRDL
Number of gCells = 16810
Current Stage stats:
[End of Build Congestion Map] Elapsed real time: 0:00:00 
[End of Build Congestion Map] Elapsed cpu  time: sys=0:00:00 usr=0:00:00 total=0:00:00
[End of Build Congestion Map] Stage (MB): Used    0  Alloctr    0  Proc    0 
[End of Build Congestion Map] Total (MB): Used    0  Alloctr    0  Proc 5463 
Current Stage stats:
[End of Add Nets Demand] Elapsed real time: 0:00:00 
[End of Add Nets Demand] Elapsed cpu  time: sys=0:00:00 usr=0:00:00 total=0:00:00
[End of Add Nets Demand] Stage (MB): Used    0  Alloctr    0  Proc    0 
[End of Add Nets Demand] Total (MB): Used    0  Alloctr    0  Proc 5463 
Number of user frozen nets = 0
Information: RC layer preference is turned on for this design. (ZRT-613)
Total stats:
[End of Build Data] Elapsed real time: 0:00:00 
[End of Build Data] Elapsed cpu  time: sys=0:00:00 usr=0:00:00 total=0:00:00
[End of Build Data] Stage (MB): Used    0  Alloctr    0  Proc    0 
[End of Build Data] Total (MB): Used    0  Alloctr    0  Proc 5463 
Number of partitions: 1 (1 x 1)
Size of partitions: 41 gCells x 41 gCells
Current Stage stats:
[End of Blocked Pin Detection] Elapsed real time: 0:00:00 
[End of Blocked Pin Detection] Elapsed cpu  time: sys=0:00:00 usr=0:00:00 total=0:00:00
[End of Blocked Pin Detection] Stage (MB): Used    0  Alloctr    0  Proc    0 
[End of Blocked Pin Detection] Total (MB): Used    0  Alloctr    0  Proc 5463 
Information: Using 1 threads for routing. (ZRT-444)
Information: Placement fast mode ON
Information: Multiple gcell levels ON
Information: Buffer distance is estimated to be ~862.0000um (515 gCells)

Start GR phase 0
Number of partitions: 1 (1 x 1)
Size of partitions: 41 gCells x 41 gCells
[rtAllBotParts] Elapsed real time: 0:00:00 
[rtAllBotParts] Elapsed cpu  time: sys=0:00:00 usr=0:00:00 total=0:00:00
[rtTop] Elapsed real time: 0:00:00 
[rtTop] Elapsed cpu  time: sys=0:00:00 usr=0:00:00 total=0:00:00
Current Stage stats:
[End of Initial Routing] Elapsed real time: 0:00:00 
[End of Initial Routing] Elapsed cpu  time: sys=0:00:00 usr=0:00:00 total=0:00:00
[End of Initial Routing] Stage (MB): Used    0  Alloctr    0  Proc    0 
[End of Initial Routing] Total (MB): Used    0  Alloctr    0  Proc 5463 
Initial. Routing result:
Initial. Both Dirs: Dmd-Cap  =     0 Max = 0 GRCs =     0 (0.00%)
Initial. H routing: Dmd-Cap  =     0 Max = 0 (GRCs =  0) GRCs =     0 (0.00%)
Initial. V routing: Dmd-Cap  =     0 Max = 0 (GRCs =  0) GRCs =     0 (0.00%)
Initial. Both Dirs: Overflow =     5 Max = 1 GRCs =    17 (0.51%)
Initial. H routing: Overflow =     5 Max = 1 (GRCs = 17) GRCs =    17 (1.01%)
Initial. V routing: Overflow =     0 Max = 0 (GRCs =  0) GRCs =     0 (0.00%)
Initial. M1         Overflow =     3 Max = 1 (GRCs =  3) GRCs =     3 (0.18%)
Initial. M2         Overflow =     0 Max = 0 (GRCs =  0) GRCs =     0 (0.00%)
Initial. M3         Overflow =     2 Max = 1 (GRCs = 14) GRCs =    14 (0.83%)
Initial. M4         Overflow =     0 Max = 0 (GRCs =  0) GRCs =     0 (0.00%)
Initial. M5         Overflow =     0 Max = 0 (GRCs =  0) GRCs =     0 (0.00%)
Initial. M6         Overflow =     0 Max = 0 (GRCs =  0) GRCs =     0 (0.00%)
Initial. M7         Overflow =     0 Max = 0 (GRCs =  0) GRCs =     0 (0.00%)
Initial. M8         Overflow =     0 Max = 0 (GRCs =  0) GRCs =     0 (0.00%)
Initial. M9         Overflow =     0 Max = 0 (GRCs =  0) GRCs =     0 (0.00%)
Initial. MRDL       Overflow =     0 Max = 0 (GRCs =  0) GRCs =     0 (0.00%)

Initial. Total Wire Length = 6847.97
Initial. Layer M1 wire length = 152.34
Initial. Layer M2 wire length = 3448.38
Initial. Layer M3 wire length = 3214.85
Initial. Layer M4 wire length = 21.86
Initial. Layer M5 wire length = 10.53
Initial. Layer M6 wire length = 0.00
Initial. Layer M7 wire length = 0.00
Initial. Layer M8 wire length = 0.00
Initial. Layer M9 wire length = 0.00
Initial. Layer MRDL wire length = 0.00
Initial. Total Number of Contacts = 3019
Initial. Via VIA12SQ_C count = 1721
Initial. Via VIA23SQ_C count = 1292
Initial. Via VIA34SQ_C count = 4
Initial. Via VIA45SQ_C count = 2
Initial. Via VIA56SQ_C count = 0
Initial. Via VIA67SQ_C count = 0
Initial. Via VIA78SQ_C count = 0
Initial. Via VIA89_C count = 0
Initial. Via VIA9RDL count = 0
Initial. completed.

Start GR phase 1
Sat Sep 26 04:29:42 2026
Number of partitions: 1 (1 x 1)
Size of partitions: 41 gCells x 41 gCells
[rtAllParts] Elapsed real time: 0:00:00 
[rtAllParts] Elapsed cpu  time: sys=0:00:00 usr=0:00:00 total=0:00:00
[updNetsDmd] Elapsed real time: 0:00:00 
[updNetsDmd] Elapsed cpu  time: sys=0:00:00 usr=0:00:00 total=0:00:00
Current Stage stats:
[End of Phase1 Routing] Elapsed real time: 0:00:00 
[End of Phase1 Routing] Elapsed cpu  time: sys=0:00:00 usr=0:00:00 total=0:00:00
[End of Phase1 Routing] Stage (MB): Used    0  Alloctr    0  Proc    0 
[End of Phase1 Routing] Total (MB): Used    0  Alloctr    0  Proc 5463 
phase1. Routing result:
phase1. Both Dirs: Dmd-Cap  =     0 Max = 0 GRCs =     0 (0.00%)
phase1. H routing: Dmd-Cap  =     0 Max = 0 (GRCs =  0) GRCs =     0 (0.00%)
phase1. V routing: Dmd-Cap  =     0 Max = 0 (GRCs =  0) GRCs =     0 (0.00%)
phase1. Both Dirs: Overflow =     4 Max = 1 GRCs =     6 (0.18%)
phase1. H routing: Overflow =     4 Max = 1 (GRCs =  6) GRCs =     6 (0.36%)
phase1. V routing: Overflow =     0 Max = 0 (GRCs =  0) GRCs =     0 (0.00%)
phase1. M1         Overflow =     4 Max = 1 (GRCs =  6) GRCs =     6 (0.36%)
phase1. M2         Overflow =     0 Max = 0 (GRCs =  0) GRCs =     0 (0.00%)
phase1. M3         Overflow =     0 Max = 0 (GRCs =  0) GRCs =     0 (0.00%)
phase1. M4         Overflow =     0 Max = 0 (GRCs =  0) GRCs =     0 (0.00%)
phase1. M5         Overflow =     0 Max = 0 (GRCs =  0) GRCs =     0 (0.00%)
phase1. M6         Overflow =     0 Max = 0 (GRCs =  0) GRCs =     0 (0.00%)
phase1. M7         Overflow =     0 Max = 0 (GRCs =  0) GRCs =     0 (0.00%)
phase1. M8         Overflow =     0 Max = 0 (GRCs =  0) GRCs =     0 (0.00%)
phase1. M9         Overflow =     0 Max = 0 (GRCs =  0) GRCs =     0 (0.00%)
phase1. MRDL       Overflow =     0 Max = 0 (GRCs =  0) GRCs =     0 (0.00%)

phase1. Total Wire Length = 6869.06
phase1. Layer M1 wire length = 191.93
phase1. Layer M2 wire length = 3468.99
phase1. Layer M3 wire length = 3182.82
phase1. Layer M4 wire length = 21.86
phase1. Layer M5 wire length = 3.45
phase1. Layer M6 wire length = 0.00
phase1. Layer M7 wire length = 0.00
phase1. Layer M8 wire length = 0.00
phase1. Layer M9 wire length = 0.00
phase1. Layer MRDL wire length = 0.00
phase1. Total Number of Contacts = 3025
phase1. Via VIA12SQ_C count = 1730
phase1. Via VIA23SQ_C count = 1289
phase1. Via VIA34SQ_C count = 4
phase1. Via VIA45SQ_C count = 2
phase1. Via VIA56SQ_C count = 0
phase1. Via VIA67SQ_C count = 0
phase1. Via VIA78SQ_C count = 0
phase1. Via VIA89_C count = 0
phase1. Via VIA9RDL count = 0
phase1. completed.
Warning: Net VSS has unused floating user-enter shapes. (ZRT-113)
[End of Whole Chip Routing] Elapsed real time: 0:00:00 
[End of Whole Chip Routing] Elapsed cpu  time: sys=0:00:00 usr=0:00:00 total=0:00:00
[End of Whole Chip Routing] Stage (MB): Used    0  Alloctr    0  Proc    0 
[End of Whole Chip Routing] Total (MB): Used    0  Alloctr    0  Proc 5463 

Congestion utilization per direction:
Average vertical track utilization   = 10.08 %
Peak    vertical track utilization   = 40.00 %
Average horizontal track utilization = 10.28 %
Peak    horizontal track utilization = 62.50 %

[End of Global Routing] Elapsed real time: 0:00:00 
[End of Global Routing] Elapsed cpu  time: sys=0:00:00 usr=0:00:00 total=0:00:00
[End of Global Routing] Stage (MB): Used    0  Alloctr    0  Proc    0 
[End of Global Routing] Total (MB): Used    0  Alloctr    0  Proc 5463 
Writing out congestion map...
Updating congestion ...
Updating congestion ...
[End of dbOut] Elapsed real time: 0:00:00 
[End of dbOut] Elapsed cpu  time: sys=0:00:00 usr=0:00:00 total=0:00:00
[End of dbOut] Stage (MB): Used    0  Alloctr    0  Proc    0 
[End of dbOut] Total (MB): Used    0  Alloctr    0  Proc 5463 
Using per-layer congestion maps for congestion reduction.
Information: 1.61% of design has horizontal routing density above target_routing_density of 0.80.
Information: 0.00% of design has vertical routing density above target_routing_density of 0.80.
Completed transferring placement data.
Running placement using 1 thread(s)
Information: Enhanced Auto Density Control is used. (PLACE-098)
Information: Enhanced auto density configuration is 13179.
Information: Automatic density control has selected the following settings: max_density 0.75, congestion_driven_max_util 0.91. (PLACE-027)
Information: HFW control 'on' invoked.
coarse place 100% done.
Information: Reducing cell density for 9.3% of the movable cells to alleviate congestion. This changes the average cell density in non-congested areas from 0.518 to 0.519. (PLACE-030)
Corner Scaling is off, multiplier is 1.000000
Information: timingScenario default timingCorner default.  Using corner default for worst leakage corner. (OPT-078)
nplLib: default vr hor dist = 1525
nplLib: default vr ver dist = 1525
nplLib: default vr buf size = 6
nplLib: default vr buf size = 2
Placer using max_unbuffered_distance = 1525.26

Placement Options:
Effort:                        medium_effort       
Timing Driven:                 true                
Buffering Aware Timing Driven: false               
Seed locs:                     true                
Incremental:                   false               
Congestion:                    true                
Congestion Effort:             medium              
Fix Macros:                    true                
Place Macros:                  false               
Channel Size Macros:           false               


Information: Activity propagation will be performed for scenario default.
Information: Doing activity propagation for mode 'default' and corner 'default' with effort level 'medium'. (POW-024)
Information: Timer-derived activity data is cached on scenario default (POW-052)
Information: Running switching activity propagation in scalar mode!

 **** Information : No. of simulation cycles = 7 ****
Warning: a large fraction of the nets have zero toggle rate (59.04%)
****** eLpp estimated wire length 
6.45661% of the net wire length are clock nets
0% of the clock net wire length has no activity
Clock net wire length: 4.94408e+06
Total net wire length: 7.6574e+07
****** eLpp weights (with caps) (no lengths)
Number of nets: 625, of which 621 non-clock nets
Number of nets with 0 toggle rate: 369 (59.04%)
Max toggle rate = 0.2, average toggle rate = 0.00534811
Max non-clock toggle rate = 0.0360003
eLpp weight range = (0, 10.4664)
*** 2 nets are filtered out
Start transferring placement data.
****** Net weight manager: report ******
Weights included: eLpp  PostEffort  
Number of nets with non-default weights: 625
Amt power = 0.1
Non-default weight range: (0.9, 5.94664)
                             Min         Max         Avg       Stdev        Skew
       Toggle Rates            0         0.2  0.00534811   0.0167649     10.0519
      Power Weights            0     10.4664    0.279876    0.877337     10.0519
      Final Weights          0.9     5.94664    0.953588    0.401991     12.2626
Information: Automatic repeater spreading is enabled.
Information: Automatic timing control is enabled.
DTDP placement: scenario=default
Information: The net parasitics of block water_sched are cleared. (TIM-123)
Completed transferring placement data.
Running placement using 1 thread(s)
Information: Enhanced Auto Density Control is used. (PLACE-098)
Information: Enhanced auto density configuration is 13179.
Information: Automatic density control has selected the following settings: max_density 0.75, congestion_driven_max_util 0.91. (PLACE-027)
Information: HFW control 'on' invoked.
coarse place 40% done.
coarse place 60% done.
coarse place 80% done.
coarse place 100% done.
Information: Coarse placer wire length estimate = 7152.71
Information: Coarse placer active wire length estimate = 134.076
Information: Coarse placer weighted wire length estimate = 9610.91
Information: Extraction observers are detached as design net change threshold is reached.
Completed Timing-driven placement, Elapsed time =   0: 0: 0 
Moved 433 out of 558 cells, ratio = 0.775986
Total displacement = 435.968292(um)
Max displacement = 3.971600(um), U549 (47.104000, 30.080000, 2) => (45.088501, 32.036098, 2)
Displacement histogram:
  0 ~  10% cells displacement <=      0.25(um)
  0 ~  20% cells displacement <=      0.39(um)
  0 ~  30% cells displacement <=      0.53(um)
  0 ~  40% cells displacement <=      0.69(um)
  0 ~  50% cells displacement <=      0.84(um)
  0 ~  60% cells displacement <=      0.99(um)
  0 ~  70% cells displacement <=      1.24(um)
  0 ~  80% cells displacement <=      1.54(um)
  0 ~  90% cells displacement <=      2.00(um)
  0 ~ 100% cells displacement <=      3.97(um)
----------------------------------------------------------------
DFT optimization is skipped due to optimize_scan_chain being false
Information: The stitching and editing of coupling caps is turned OFF for design 'water_sched_lib:water_sched.design'. (TIM-125)
Information: Design water_sched has 627 nets, 0 global routed, 4 detail routed. (NEX-024)
Information: The RC mode used is CTO for design 'water_sched'. (NEX-022)
Information: Design Average RC for design water_sched  (NEX-011)
Information: r = 1.788258 ohm/um, via_r = 0.463390 ohm/cut, c = 0.068998 ff/um, cc = 0.000000 ff/um (X dir) (NEX-017)
Information: r = 1.672017 ohm/um, via_r = 0.578659 ohm/cut, c = 0.078749 ff/um, cc = 0.000000 ff/um (Y dir) (NEX-017)
Information: Update timing completed net estimation for all the timing graph nets (TIM-111)
Information: Net estimation statistics: timing graph nets = 625, routed nets = 4, across physical hierarchy nets = 0, parasitics cached nets = 625, delay annotated nets = 0, parasitics annotated nets = 0, multi-voltage nets = 0. (TIM-112)
Done with post-clock timing-driven placement.
Clock-opt optimization summary            SETUP-COST    R2R-COST HOLD-COST LDRC-COST          AREA     LEAKAGE     INSTCNT            ELAPSE       MEM
Clock-opt optimization Phase 14 Iter  2         0.00        0.00      0.00         2       1796.04  31658378.00         558              0.01      1429
Clock-opt optimization Phase 14 Iter  3         0.00        0.00      0.00         2       1796.04  31658378.00         558              0.01      1429
Information: Initializing classic cellmap without advanced rules enabled and without PDC enabled
Information: The following app options are used in cellmap
        place.legalize.enable_color_aware_placement : false
        place.legalize.use_nll_query_cm : false
        place.legalize.enable_advanced_legalizer : false
        place.legalize.enable_prerouted_net_check : true
        place.legalize.enable_advanced_prerouted_net_check : false
        place.legalize.always_continue : true
        place.legalize.limit_legality_checks : false
        place.common.pnet_aware_density : 1.0000
        place.common.pnet_aware_min_width : 0.0000
        place.common.pnet_aware_layers : {}
        place.common.use_placement_model : false
        place.common.enable_advanced_placement_model : true
        cts.placement.cell_spacing_rule_style : maximum
Total 0.0086 seconds to build cellmap data
INFO: creating 14(r) x 14(c) GridCells YDim 5.016 XDim 5.016
INFO: number of GridCells (water_sched): 196
INFO: creating 14(r) x 14(c) GridCells YDim 5.016 XDim 5.016
INFO: number of GridCells (water_sched): 196
Total 0.0034 seconds to load 558 cell instances into cellmap, 433 cells are off site row
Moveable cells: 555; Application fixed cells: 3; Macro cells: 0; User fixed cells: 0
0 out of 621 data nets is detail routed, 4 out of 4 clock nets are detail routed and total 625 nets have been analyzed
Only clock route nets/shapes. Estimated current stage is after clock detail route stage
Average cell width 1.9251, cell height 1.6720, cell area 3.2187 for total 558 placed and application fixed cells
Clock-opt optimization Phase 14 Iter  4         0.00        0.00      0.00         2       1796.04  31658378.00         558              0.01      1429
Number of Site types in the design = 1
Warning: No tie cell is available for constant fixing. (OPT-200)
INFO: Running TieOpt on MG
Added 0 tie-hi cells
Added 0 tie-low cells
Clock-opt optimization Phase 14 Iter  5         0.00        0.00      0.00         2       1796.04  31658378.00         558              0.01      1429
Running post-clock legalization after dtdp.
----------------------------------------------------------------
Running legalize_placement
Start Legalization
nplDplc2Placer::setParam(effort,1)
nplDplc2Placer::setParam(debug,0)
nplDplc2Placer::setParam(site_check,2)
nplDplc2Placer::setParam(app_firm_wgt,0)
Warning: Routing direction of metal layer PO is neither "horizontal" nor "vertical".  PDC checks will not be performed on this layer. (PDC-003)
PDC app_options settings =========
	place.legalize.enable_prerouted_net_check: 1
	place.legalize.num_tracks_for_access_check: 1
	place.legalize.use_eol_spacing_for_access_check: 0
	place.legalize.allow_touch_track_for_access_check: 1
	place.legalize.reduce_conservatism_in_eol_check: 0
	place.legalize.preroute_shape_merge_distance: 0.0
	place.legalize.enable_non_preferred_direction_span_check: 0

Layer M1: cached 0 shapes out of 17 total shapes.
Layer M2: cached 0 shapes out of 240 total shapes.
Cached 0 vias out of 332 total vias.

Legalizing Top Level Design water_sched ... 
Information: Initializing classic cellmap without advanced rules enabled and without PDC enabled
Information: The following app options are used in cellmap
        place.legalize.enable_color_aware_placement : false
        place.legalize.use_nll_query_cm : false
        place.legalize.enable_advanced_legalizer : false
        place.legalize.enable_prerouted_net_check : true
        place.legalize.enable_advanced_prerouted_net_check : false
        place.legalize.always_continue : true
        place.legalize.limit_legality_checks : false
        place.common.pnet_aware_density : 1.0000
        place.common.pnet_aware_min_width : 0.0000
        place.common.pnet_aware_layers : {}
        place.common.use_placement_model : false
        place.common.enable_advanced_placement_model : true
        cts.placement.cell_spacing_rule_style : maximum
Total 0.0087 seconds to build cellmap data
Information: Creating classic rule checker.
Warning: Routing direction of metal layer PO is neither "horizontal" nor "vertical".  PDC checks will not be performed on this layer. (PDC-003)
=====> Processed 42 ref cells (8 fillers) from library

Bounds/Regions In This Design:
        Area    Num Cells  Exclusive Name
 (square um)
     3469.07          558        Yes DEFAULT_VA

Starting legalizer.
Warning: Exclusive bound 'DEFAULT' has no cells.
Optimizing Exclusive Bound 'DEFAULT_VA' (2/2)
    Done Exclusive Bound 'DEFAULT_VA' (2/2) (0 sec)
Legalization complete (0 total sec)

****************************************
  Report : Placement Attempts
  Site   : unit
****************************************

number of cells:                    558
number of references:                42
number of site rows:                 35
number of locations attempted:    11910
number of locations failed:           0  (0.0%)

Legality of references at locations:
0 references had failures.

Legality of references in rows:
0 references had row failures.

****************************************
  Report : Cell Displacements
****************************************

number of cells aggregated:         555 (7022 total sites)
avg row height over cells:        1.672 um
rms cell displacement:            0.316 um ( 0.19 row height)
rms weighted cell displacement:   0.316 um ( 0.19 row height)
max cell displacement:            0.912 um ( 0.55 row height)
avg cell displacement:            0.191 um ( 0.11 row height)
avg weighted cell displacement:   0.191 um ( 0.11 row height)
number of cells moved:              433
number of large displacements:        0
large displacement threshold:     3.000 row height

Displacements of worst 10 cells:
Cell: U381 (INVX0_RVT)
  Input location: (56.6032,15.8755)
  Legal location: (56.984,16.704)
  Displacement:   0.912 um ( 0.55 row height)
Cell: U668 (NAND2X0_RVT)
  Input location: (30.5602,49.3388)
  Legal location: (30.536,48.472)
  Displacement:   0.867 um ( 0.52 row height)
Cell: U566 (INVX0_RVT)
  Input location: (8.0179,47.6571)
  Legal location: (8.04,46.8)
  Displacement:   0.857 um ( 0.51 row height)
Cell: U362 (AO22X1_RVT)
  Input location: (27.9864,25.8951)
  Legal location: (28.104,25.064)
  Displacement:   0.839 um ( 0.50 row height)
Cell: U547 (OA21X1_RVT)
  Input location: (6.2864,29.2421)
  Legal location: (6.216,28.408)
  Displacement:   0.837 um ( 0.50 row height)
Cell: U296 (AO222X1_RVT)
  Input location: (21.6935,7.5037)
  Legal location: (21.72,6.672)
  Displacement:   0.832 um ( 0.50 row height)
Cell: U420 (INVX0_RVT)
  Input location: (55.3083,44.3107)
  Legal location: (55.16,45.128)
  Displacement:   0.831 um ( 0.50 row height)
Cell: U444 (OA21X1_RVT)
  Input location: (57.8639,20.8985)
  Legal location: (57.896,21.72)
  Displacement:   0.822 um ( 0.49 row height)
Cell: U337 (NAND2X0_RVT)
  Input location: (50.4859,5.7414)
  Legal location: (50.144,5)
  Displacement:   0.816 um ( 0.49 row height)
Cell: U582 (HADDX1_RVT)
  Input location: (16.633,34.2827)
  Legal location: (16.704,35.096)
  Displacement:   0.816 um ( 0.49 row height)

Information: Extraction observers are detached as design net change threshold is reached.
Completed Legalization, Elapsed time =   0: 0: 0 
Moved 433 out of 558 cells, ratio = 0.775986
Total displacement = 173.322098(um)
Max displacement = 1.209300(um), U381 (57.363201, 17.547501, 2) => (57.743999, 16.704000, 6)
Displacement histogram:
  0 ~  10% cells displacement <=      0.07(um)
  0 ~  20% cells displacement <=      0.13(um)
  0 ~  30% cells displacement <=      0.21(um)
  0 ~  40% cells displacement <=      0.29(um)
  0 ~  50% cells displacement <=      0.36(um)
  0 ~  60% cells displacement <=      0.45(um)
  0 ~  70% cells displacement <=      0.54(um)
  0 ~  80% cells displacement <=      0.65(um)
  0 ~  90% cells displacement <=      0.77(um)
  0 ~ 100% cells displacement <=      1.21(um)
Information: The net parasitics of block water_sched are cleared. (TIM-123)
Legalization succeeded.
----------------------------------------------------------------
Information: The stitching and editing of coupling caps is turned OFF for design 'water_sched_lib:water_sched.design'. (TIM-125)
Information: Design water_sched has 627 nets, 0 global routed, 4 detail routed. (NEX-024)
Information: The RC mode used is CTO for design 'water_sched'. (NEX-022)
Information: Design Average RC for design water_sched  (NEX-011)
Information: r = 1.788258 ohm/um, via_r = 0.463390 ohm/cut, c = 0.069133 ff/um, cc = 0.000000 ff/um (X dir) (NEX-017)
Information: r = 1.672017 ohm/um, via_r = 0.578659 ohm/cut, c = 0.079034 ff/um, cc = 0.000000 ff/um (Y dir) (NEX-017)
Information: Update timing completed net estimation for all the timing graph nets (TIM-111)
Information: Net estimation statistics: timing graph nets = 625, routed nets = 4, across physical hierarchy nets = 0, parasitics cached nets = 625, delay annotated nets = 0, parasitics annotated nets = 0, multi-voltage nets = 0. (TIM-112)

Clock-opt optimization Phase 15 Iter  1         0.00        0.00      0.00         2       1796.04  31658378.00         558              0.01      1429

Number of Site types in the design = 1
Setting up Chip Core
Chip Core shape: (50000 50000) (642800 635200)
Number of VARs = 1
Number of unique PDs = 1
Number of Power Domains = 1
Number of Voltage Areas = 1
Number of supply Nets = 2
Number of used supplies = 0
Blocked VAs: 
Enable dominated scenarios


INFO: GRE is running with flow.common.io_priority high.
INFO: place.legalize.enable_advanced_legalizer not set - need to revert CLO
INFO: First Clock-opt did not mark run with CLO enabled/disabled property
INFO: Concurrent Legalization and Optimization (CLO) Reverted
INFO: Propagating Switching Activities
Information: Activity for scenario default was cached, no propagation required. (POW-005)
INFO: Switching Activity propagation took     0.00003 sec
INFO: Propagating Switching Activity for all power flows 
Information: The netlist change observers are disabled for incremental extraction. (TIM-126)
INFO: place.legalize.enable_advanced_legalizer not set - need to revert CLO
INFO: First Clock-opt did not mark run with CLO enabled/disabled property
Clock-opt optimization summary            SETUP-COST    R2R-COST HOLD-COST LDRC-COST          AREA     LEAKAGE     INSTCNT            ELAPSE       MEM
runtime_assert false
enhanced site row merge :  1
Key: unit, value: 0x999f6d20
Number of Site types in the design = 1
Setting up Chip Core
Chip Core shape: (50000 50000) (642800 635200)
Preroute opto area query mode: NDM
Using CLEO = true
Summary: is MV Ready (has MV info... UPF or derived)
Summary: design is not hierarchical
Voltage Area: id=0, index=0, name=DEFAULT_VA, is default, domain=DEFAULT_POWER_DOMAIN, scopeHier=, psn=VDD;
Number of VARs = 1
Number of unique PDs = 1
Number of Power Domains = 1
Number of Voltage Areas = 1
Number of supply Nets = 2
Number of used supplies = 0
Setup Voltages:
  Supply Net = VDD, voltages =  0.7500
  Supply Net = VSS, voltages = 
Hold Voltages:
  Supply Net = VDD, voltages =  0.7500
  Supply Net = VSS, voltages = 
Unique Voltages in Design:  0.7500
Default Voltage Area = DEFAULT_VA
Blocked VAs: 
{_snps_autoNdr_power}
INFO: place.legalize.enable_advanced_legalizer not set - need to revert CLO
INFO: First Clock-opt did not mark run with CLO enabled/disabled property

Clock-opt optimization Phase 19 Iter  1         0.00        0.00      0.00         2       1796.04  31658378.00         558              0.01      1429
Information: The netlist change observers are enabled for incremental extraction. (TIM-127)
INFO: Running refresh_performance_via_ladder_constraints
Warning: max_routing_layer is not set in the design.
INFO: Running refresh_via_ladders
INFO: wire-opt feature for router enabled
Warning: Please run the command "check_routability" before running Zroute commands. (ZRT-762)
INFO: wire-opt feature for router enabled
Information: The net parasitics of block water_sched are cleared. (TIM-123)
No cell change area manager for zroute
Start Global Route ... 
[Init] Elapsed real time: 0:00:00 
[Init] Elapsed cpu  time: sys=0:00:00 usr=0:00:00 total=0:00:00
[Init] Stage (MB): Used    0  Alloctr    0  Proc    0 
[Init] Total (MB): Used    0  Alloctr    0  Proc 5463 
Printing options for 'route.common.*'
common.verbose_level                                    :	 0                   

Printing options for 'route.global.*'
global.force_rerun_after_global_route_opt               :	 true                
global.timing_driven                                    :	 false               

Begin global routing.
Cell Min-Routing-Layer = M1
Cell Max-Routing-Layer = MRDL
Turn off antenna since no rule is specified
Information: Option route.detail.force_end_on_preferred_grid will be ignored since none of the layers have preferred grid. (ZRT-703)
Warning: Cannot find a default contact code for layer CO. (ZRT-022)
Warning: Port VDD of cell water_sched is unplaced.  This may impact routing result. (ZRT-740)
Warning: Port VSS of cell water_sched is unplaced.  This may impact routing result. (ZRT-740)
Warning: Ignore 2 top cell ports with no pins. (ZRT-027)
Info: number of net_type_blockage: 0 
Information: Via ladder engine would be activated for pattern must join connection in certain commands. Please refer to man-page for the command list. (ZRT-619)
Information: AutoNdr rule can't be found. Check the settings.
Information: When applicable Min-max layer allow_pin_connection mode will allow paths of length 3.55 outside the layer range. (ZRT-707)
Information: When applicable Min-max layer allow_pin_connection mode will allow paths of length 3.55 outside the layer range on clock nets. (ZRT-718)
Information: When applicable layer based tapering will taper up to 0.00 in distance from the pin. (ZRT-706)
Warning: Standard cell pin AOINVX4_RVT/VDDG has no valid via regions. (ZRT-044)
Warning: Standard cell pin AOINVX1_RVT/VDDG has no valid via regions. (ZRT-044)
Warning: Standard cell pin AOINVX2_RVT/VDDG has no valid via regions. (ZRT-044)
Warning: Standard cell pin AOBUFX2_RVT/VDDG has no valid via regions. (ZRT-044)
Warning: Standard cell pin AOBUFX4_RVT/VDDG has no valid via regions. (ZRT-044)
Warning: Standard cell pin AOBUFX1_RVT/VDDG has no valid via regions. (ZRT-044)
Current Stage stats:
[End of Read DB] Elapsed real time: 0:00:00 
[End of Read DB] Elapsed cpu  time: sys=0:00:00 usr=0:00:00 total=0:00:00
[End of Read DB] Stage (MB): Used    0  Alloctr    0  Proc    0 
[End of Read DB] Total (MB): Used    0  Alloctr    0  Proc 5463 
Loading parastics information to the router ...
parastics information loaded to the router.
[End of Loading Timing] Elapsed real time: 0:00:00 
[End of Loading Timing] Elapsed cpu  time: sys=0:00:00 usr=0:00:00 total=0:00:00
Constructing data structure ...
Design statistics:
Design Bounding Box (0.00um,0.00um,69.28um,68.52um)
Number of routing layers = 10
layer M1, dir Hor, min width = 0.05um, min space = 0.05um pitch = 0.152um
layer M2, dir Ver, min width = 0.056um, min space = 0.056um pitch = 0.152um
layer M3, dir Hor, min width = 0.056um, min space = 0.056um pitch = 0.304um
layer M4, dir Ver, min width = 0.056um, min space = 0.056um pitch = 0.304um
layer M5, dir Hor, min width = 0.056um, min space = 0.056um pitch = 0.608um
layer M6, dir Ver, min width = 0.056um, min space = 0.056um pitch = 0.608um
layer M7, dir Hor, min width = 0.056um, min space = 0.056um pitch = 1.216um
layer M8, dir Ver, min width = 0.056um, min space = 0.056um pitch = 1.216um
layer M9, dir Hor, min width = 0.16um, min space = 0.16um pitch = 2.432um
layer MRDL, dir Ver, min width = 2um, min space = 2um pitch = 4.864um
Current Stage stats:
[End of Build Tech Data] Elapsed real time: 0:00:00 
[End of Build Tech Data] Elapsed cpu  time: sys=0:00:00 usr=0:00:00 total=0:00:00
[End of Build Tech Data] Stage (MB): Used    0  Alloctr    0  Proc    0 
[End of Build Tech Data] Total (MB): Used    0  Alloctr    0  Proc 5463 
Warning: Power net VSS has no power preroutes, skip tie-off. (ZRT-101)
Net statistics:
Total number of nets     = 627
Number of nets to route  = 622
622 open nets
 of which 622 are without routing or PSV shapes
5 nets are fully connected,
 of which 5 are detail routed and 0 are global routed.
Current Stage stats:
[End of Build All Nets] Elapsed real time: 0:00:00 
[End of Build All Nets] Elapsed cpu  time: sys=0:00:00 usr=0:00:00 total=0:00:00
[End of Build All Nets] Stage (MB): Used    0  Alloctr    0  Proc    0 
[End of Build All Nets] Total (MB): Used    0  Alloctr    0  Proc 5463 
Net length statistics: 
Net Count(Ignore Fully Rted) 622, Total Half Perimeter Wire Length (HPWL) 7474 microns
HPWL   0 ~   50 microns: Net Count      600	Total HPWL         5796 microns
HPWL  50 ~  100 microns: Net Count       20	Total HPWL         1440 microns
HPWL 100 ~  200 microns: Net Count        2	Total HPWL          238 microns
HPWL 200 ~  300 microns: Net Count        0	Total HPWL            0 microns
HPWL 300 ~  400 microns: Net Count        0	Total HPWL            0 microns
HPWL 400 ~  500 microns: Net Count        0	Total HPWL            0 microns
HPWL 500 ~  600 microns: Net Count        0	Total HPWL            0 microns
HPWL 600 ~  700 microns: Net Count        0	Total HPWL            0 microns
HPWL 700 ~  800 microns: Net Count        0	Total HPWL            0 microns
HPWL 800 ~  900 microns: Net Count        0	Total HPWL            0 microns
HPWL 900 ~ 1000 microns: Net Count        0	Total HPWL            0 microns
HPWL     > 1000 microns: Net Count        0	Total HPWL            0 microns
Number of partitions: 1 (1 x 1)
Size of partitions: 41 gCells x 41 gCells
Average gCell capacity  5.65	 on layer (1)	 M1
Average gCell capacity  11.02	 on layer (2)	 M2
Average gCell capacity  5.42	 on layer (3)	 M3
Average gCell capacity  5.51	 on layer (4)	 M4
Average gCell capacity  2.71	 on layer (5)	 M5
Average gCell capacity  2.76	 on layer (6)	 M6
Average gCell capacity  1.34	 on layer (7)	 M7
Average gCell capacity  1.37	 on layer (8)	 M8
Average gCell capacity  0.66	 on layer (9)	 M9
Average gCell capacity  0.32	 on layer (10)	 MRDL
Average number of tracks per gCell 11.02	 on layer (1)	 M1
Average number of tracks per gCell 11.12	 on layer (2)	 M2
Average number of tracks per gCell 5.54	 on layer (3)	 M3
Average number of tracks per gCell 5.59	 on layer (4)	 M4
Average number of tracks per gCell 2.80	 on layer (5)	 M5
Average number of tracks per gCell 2.83	 on layer (6)	 M6
Average number of tracks per gCell 1.44	 on layer (7)	 M7
Average number of tracks per gCell 1.44	 on layer (8)	 M8
Average number of tracks per gCell 0.73	 on layer (9)	 M9
Average number of tracks per gCell 0.37	 on layer (10)	 MRDL
Number of gCells = 16810
Current Stage stats:
[End of Build Congestion Map] Elapsed real time: 0:00:00 
[End of Build Congestion Map] Elapsed cpu  time: sys=0:00:00 usr=0:00:00 total=0:00:00
[End of Build Congestion Map] Stage (MB): Used    0  Alloctr    0  Proc    0 
[End of Build Congestion Map] Total (MB): Used    0  Alloctr    0  Proc 5463 
Current Stage stats:
[End of Add Nets Demand] Elapsed real time: 0:00:00 
[End of Add Nets Demand] Elapsed cpu  time: sys=0:00:00 usr=0:00:00 total=0:00:00
[End of Add Nets Demand] Stage (MB): Used    0  Alloctr    0  Proc    0 
[End of Add Nets Demand] Total (MB): Used    0  Alloctr    0  Proc 5463 
Number of user frozen nets = 0
Information: RC layer preference is turned on for this design. (ZRT-613)
Total stats:
[End of Build Data] Elapsed real time: 0:00:00 
[End of Build Data] Elapsed cpu  time: sys=0:00:00 usr=0:00:00 total=0:00:00
[End of Build Data] Stage (MB): Used    0  Alloctr    0  Proc    0 
[End of Build Data] Total (MB): Used    0  Alloctr    0  Proc 5463 
Number of partitions: 1 (1 x 1)
Size of partitions: 41 gCells x 41 gCells
Current Stage stats:
[End of Blocked Pin Detection] Elapsed real time: 0:00:00 
[End of Blocked Pin Detection] Elapsed cpu  time: sys=0:00:00 usr=0:00:00 total=0:00:00
[End of Blocked Pin Detection] Stage (MB): Used    0  Alloctr    0  Proc    0 
[End of Blocked Pin Detection] Total (MB): Used    0  Alloctr    0  Proc 5463 
Information: Using 1 threads for routing. (ZRT-444)
Information: Multiple gcell levels ON
Information: Buffer distance is estimated to be ~862.0000um (515 gCells)

Start GR phase 0
Number of partitions: 1 (1 x 1)
Size of partitions: 41 gCells x 41 gCells
[rtAllBotParts] Elapsed real time: 0:00:00 
[rtAllBotParts] Elapsed cpu  time: sys=0:00:00 usr=0:00:00 total=0:00:00
[rtTop] Elapsed real time: 0:00:00 
[rtTop] Elapsed cpu  time: sys=0:00:00 usr=0:00:00 total=0:00:00
Current Stage stats:
[End of Initial Routing] Elapsed real time: 0:00:00 
[End of Initial Routing] Elapsed cpu  time: sys=0:00:00 usr=0:00:00 total=0:00:00
[End of Initial Routing] Stage (MB): Used    0  Alloctr    0  Proc    0 
[End of Initial Routing] Total (MB): Used    0  Alloctr    0  Proc 5463 
Initial. Routing result:
Initial. Both Dirs: Dmd-Cap  =     0 Max = 0 GRCs =     0 (0.00%)
Initial. H routing: Dmd-Cap  =     0 Max = 0 (GRCs =  0) GRCs =     0 (0.00%)
Initial. V routing: Dmd-Cap  =     0 Max = 0 (GRCs =  0) GRCs =     0 (0.00%)
Initial. Both Dirs: Overflow =     8 Max = 1 GRCs =    17 (0.51%)
Initial. H routing: Overflow =     7 Max = 1 (GRCs = 15) GRCs =    15 (0.89%)
Initial. V routing: Overflow =     0 Max = 1 (GRCs =  2) GRCs =     2 (0.12%)
Initial. M1         Overflow =     7 Max = 1 (GRCs = 10) GRCs =    10 (0.59%)
Initial. M2         Overflow =     0 Max = 1 (GRCs =  2) GRCs =     2 (0.12%)
Initial. M3         Overflow =     0 Max = 1 (GRCs =  5) GRCs =     5 (0.30%)
Initial. M4         Overflow =     0 Max = 0 (GRCs =  0) GRCs =     0 (0.00%)
Initial. M5         Overflow =     0 Max = 0 (GRCs =  0) GRCs =     0 (0.00%)
Initial. M6         Overflow =     0 Max = 0 (GRCs =  0) GRCs =     0 (0.00%)
Initial. M7         Overflow =     0 Max = 0 (GRCs =  0) GRCs =     0 (0.00%)
Initial. M8         Overflow =     0 Max = 0 (GRCs =  0) GRCs =     0 (0.00%)
Initial. M9         Overflow =     0 Max = 0 (GRCs =  0) GRCs =     0 (0.00%)
Initial. MRDL       Overflow =     0 Max = 0 (GRCs =  0) GRCs =     0 (0.00%)

Initial. Total Wire Length = 6912.58
Initial. Layer M1 wire length = 185.73
Initial. Layer M2 wire length = 3473.14
Initial. Layer M3 wire length = 3234.04
Initial. Layer M4 wire length = 0.00
Initial. Layer M5 wire length = 19.67
Initial. Layer M6 wire length = 0.00
Initial. Layer M7 wire length = 0.00
Initial. Layer M8 wire length = 0.00
Initial. Layer M9 wire length = 0.00
Initial. Layer MRDL wire length = 0.00
Initial. Total Number of Contacts = 3083
Initial. Via VIA12SQ_C count = 1772
Initial. Via VIA23SQ_C count = 1303
Initial. Via VIA34SQ_C count = 4
Initial. Via VIA45SQ_C count = 4
Initial. Via VIA56SQ_C count = 0
Initial. Via VIA67SQ_C count = 0
Initial. Via VIA78SQ_C count = 0
Initial. Via VIA89_C count = 0
Initial. Via VIA9RDL count = 0
Initial. completed.

Start GR phase 1
Sat Sep 26 04:29:43 2026
Number of partitions: 1 (1 x 1)
Size of partitions: 41 gCells x 41 gCells
[rtAllParts] Elapsed real time: 0:00:00 
[rtAllParts] Elapsed cpu  time: sys=0:00:00 usr=0:00:00 total=0:00:00
Current Stage stats:
[End of Phase1 Routing] Elapsed real time: 0:00:00 
[End of Phase1 Routing] Elapsed cpu  time: sys=0:00:00 usr=0:00:00 total=0:00:00
[End of Phase1 Routing] Stage (MB): Used    0  Alloctr    0  Proc    0 
[End of Phase1 Routing] Total (MB): Used    0  Alloctr    0  Proc 5463 
phase1. Routing result:
phase1. Both Dirs: Dmd-Cap  =     0 Max = 0 GRCs =     0 (0.00%)
phase1. H routing: Dmd-Cap  =     0 Max = 0 (GRCs =  0) GRCs =     0 (0.00%)
phase1. V routing: Dmd-Cap  =     0 Max = 0 (GRCs =  0) GRCs =     0 (0.00%)
phase1. Both Dirs: Overflow =     4 Max = 1 GRCs =     8 (0.24%)
phase1. H routing: Overflow =     4 Max = 1 (GRCs =  7) GRCs =     7 (0.42%)
phase1. V routing: Overflow =     0 Max = 1 (GRCs =  1) GRCs =     1 (0.06%)
phase1. M1         Overflow =     4 Max = 1 (GRCs =  7) GRCs =     7 (0.42%)
phase1. M2         Overflow =     0 Max = 1 (GRCs =  1) GRCs =     1 (0.06%)
phase1. M3         Overflow =     0 Max = 0 (GRCs =  0) GRCs =     0 (0.00%)
phase1. M4         Overflow =     0 Max = 0 (GRCs =  0) GRCs =     0 (0.00%)
phase1. M5         Overflow =     0 Max = 0 (GRCs =  0) GRCs =     0 (0.00%)
phase1. M6         Overflow =     0 Max = 0 (GRCs =  0) GRCs =     0 (0.00%)
phase1. M7         Overflow =     0 Max = 0 (GRCs =  0) GRCs =     0 (0.00%)
phase1. M8         Overflow =     0 Max = 0 (GRCs =  0) GRCs =     0 (0.00%)
phase1. M9         Overflow =     0 Max = 0 (GRCs =  0) GRCs =     0 (0.00%)
phase1. MRDL       Overflow =     0 Max = 0 (GRCs =  0) GRCs =     0 (0.00%)

phase1. Total Wire Length = 6914.86
phase1. Layer M1 wire length = 184.02
phase1. Layer M2 wire length = 3477.58
phase1. Layer M3 wire length = 3227.81
phase1. Layer M4 wire length = 5.77
phase1. Layer M5 wire length = 19.67
phase1. Layer M6 wire length = 0.00
phase1. Layer M7 wire length = 0.00
phase1. Layer M8 wire length = 0.00
phase1. Layer M9 wire length = 0.00
phase1. Layer MRDL wire length = 0.00
phase1. Total Number of Contacts = 3088
phase1. Via VIA12SQ_C count = 1770
phase1. Via VIA23SQ_C count = 1308
phase1. Via VIA34SQ_C count = 6
phase1. Via VIA45SQ_C count = 4
phase1. Via VIA56SQ_C count = 0
phase1. Via VIA67SQ_C count = 0
phase1. Via VIA78SQ_C count = 0
phase1. Via VIA89_C count = 0
phase1. Via VIA9RDL count = 0
phase1. completed.

Start GR phase 2
Sat Sep 26 04:29:43 2026
Number of partitions: 1 (1 x 1)
Size of partitions: 41 gCells x 41 gCells
[rtAllParts] Elapsed real time: 0:00:00 
[rtAllParts] Elapsed cpu  time: sys=0:00:00 usr=0:00:00 total=0:00:00
[updNetsDmd] Elapsed real time: 0:00:00 
[updNetsDmd] Elapsed cpu  time: sys=0:00:00 usr=0:00:00 total=0:00:00
Current Stage stats:
[End of Phase2 Routing] Elapsed real time: 0:00:00 
[End of Phase2 Routing] Elapsed cpu  time: sys=0:00:00 usr=0:00:00 total=0:00:00
[End of Phase2 Routing] Stage (MB): Used    0  Alloctr    0  Proc    0 
[End of Phase2 Routing] Total (MB): Used    0  Alloctr    0  Proc 5463 
phase2. Routing result:
phase2. Both Dirs: Dmd-Cap  =     0 Max = 0 GRCs =     0 (0.00%)
phase2. H routing: Dmd-Cap  =     0 Max = 0 (GRCs =  0) GRCs =     0 (0.00%)
phase2. V routing: Dmd-Cap  =     0 Max = 0 (GRCs =  0) GRCs =     0 (0.00%)
phase2. Both Dirs: Overflow =     6 Max = 1 GRCs =    12 (0.36%)
phase2. H routing: Overflow =     6 Max = 1 (GRCs = 12) GRCs =    12 (0.71%)
phase2. V routing: Overflow =     0 Max = 0 (GRCs =  0) GRCs =     0 (0.00%)
phase2. M1         Overflow =     6 Max = 1 (GRCs = 12) GRCs =    12 (0.71%)
phase2. M2         Overflow =     0 Max = 0 (GRCs =  0) GRCs =     0 (0.00%)
phase2. M3         Overflow =     0 Max = 0 (GRCs =  0) GRCs =     0 (0.00%)
phase2. M4         Overflow =     0 Max = 0 (GRCs =  0) GRCs =     0 (0.00%)
phase2. M5         Overflow =     0 Max = 0 (GRCs =  0) GRCs =     0 (0.00%)
phase2. M6         Overflow =     0 Max = 0 (GRCs =  0) GRCs =     0 (0.00%)
phase2. M7         Overflow =     0 Max = 0 (GRCs =  0) GRCs =     0 (0.00%)
phase2. M8         Overflow =     0 Max = 0 (GRCs =  0) GRCs =     0 (0.00%)
phase2. M9         Overflow =     0 Max = 0 (GRCs =  0) GRCs =     0 (0.00%)
phase2. MRDL       Overflow =     0 Max = 0 (GRCs =  0) GRCs =     0 (0.00%)

phase2. Total Wire Length = 6915.00
phase2. Layer M1 wire length = 182.20
phase2. Layer M2 wire length = 3477.72
phase2. Layer M3 wire length = 3229.64
phase2. Layer M4 wire length = 5.77
phase2. Layer M5 wire length = 19.67
phase2. Layer M6 wire length = 0.00
phase2. Layer M7 wire length = 0.00
phase2. Layer M8 wire length = 0.00
phase2. Layer M9 wire length = 0.00
phase2. Layer MRDL wire length = 0.00
phase2. Total Number of Contacts = 3088
phase2. Via VIA12SQ_C count = 1769
phase2. Via VIA23SQ_C count = 1309
phase2. Via VIA34SQ_C count = 6
phase2. Via VIA45SQ_C count = 4
phase2. Via VIA56SQ_C count = 0
phase2. Via VIA67SQ_C count = 0
phase2. Via VIA78SQ_C count = 0
phase2. Via VIA89_C count = 0
phase2. Via VIA9RDL count = 0
phase2. completed.
Warning: Net VSS has unused floating user-enter shapes. (ZRT-113)
[End of Whole Chip Routing] Elapsed real time: 0:00:00 
[End of Whole Chip Routing] Elapsed cpu  time: sys=0:00:00 usr=0:00:00 total=0:00:00
[End of Whole Chip Routing] Stage (MB): Used    0  Alloctr    0  Proc    0 
[End of Whole Chip Routing] Total (MB): Used    0  Alloctr    0  Proc 5463 

Congestion utilization per direction:
Average vertical track utilization   = 10.20 %
Peak    vertical track utilization   = 42.86 %
Average horizontal track utilization = 10.52 %
Peak    horizontal track utilization = 58.33 %

[End of Global Routing] Elapsed real time: 0:00:00 
[End of Global Routing] Elapsed cpu  time: sys=0:00:00 usr=0:00:00 total=0:00:00
[End of Global Routing] Stage (MB): Used    0  Alloctr    0  Proc    0 
[End of Global Routing] Total (MB): Used    0  Alloctr    0  Proc 5463 
Updating the database ...
Updating congestion ...
Information: Extraction observers are detached as design net change threshold is reached.
[End of dbOut] Elapsed real time: 0:00:00 
[End of dbOut] Elapsed cpu  time: sys=0:00:00 usr=0:00:00 total=0:00:00
[End of dbOut] Stage (MB): Used    0  Alloctr    0  Proc    0 
[End of dbOut] Total (MB): Used    0  Alloctr    0  Proc 5463 
Information: The stitching and editing of coupling caps is turned OFF for design 'water_sched_lib:water_sched.design'. (TIM-125)
Information: Design water_sched has 627 nets, 621 global routed, 4 detail routed. (NEX-024)
Information: build GR coup map successfully (NEX-012)
Information: The RC mode used is GR for design 'water_sched'. (NEX-022)
Information: Update timing completed net estimation for all the timing graph nets (TIM-111)
Information: Net estimation statistics: timing graph nets = 625, routed nets = 625, across physical hierarchy nets = 0, parasitics cached nets = 625, delay annotated nets = 0, parasitics annotated nets = 0, multi-voltage nets = 0. (TIM-112)
Information: The netlist change observers are disabled for incremental extraction. (TIM-126)

Clock-opt route-global QoR
__________________________
Scenario Mapping Table
1: default

Pathgroup Mapping Table
1: **default**
2: **async_default**
3: **clock_gating_default**
4: **in2reg_default**
5: **reg2out_default**
6: **in2out_default**
7: **internal_default**
8: core_clk

-------------------------------------------------------------------------------------------------------------------------------------------------------------
PATHGROUP QOR 
-------------------------------------------------------------------------------------------------------------------------------------------------------------
Scene  PG      WNS        TNS    NSV      WHV        THV    NHV
    1   1   0.0000     0.0000      0   0.0000     0.0000      0
    1   2   0.0000     0.0000      0   0.0000     0.0000      0
    1   3   0.0000     0.0000      0   0.0000     0.0000      0
    1   4   0.0000     0.0000      0   0.0000     0.0000      0
    1   5   0.0000     0.0000      0   0.0000     0.0000      0
    1   6   0.0000     0.0000      0   0.0000     0.0000      0
    1   7   0.0000     0.0000      0   0.0000     0.0000      0
    1   8   0.0000     0.0000      0   0.0000     0.0000      0
----------------------------------------------------------------------------------------------------------------------------------------------------------------------
SCENARIO QOR 
----------------------------------------------------------------------------------------------------------------------------------------------------------------------
Scene  PG      WNS        TNS   R2RTNS    NSV      WHV        THV    NHV  MaxTrnV   MaxTranC  MaxCapV    Leakage
    1   *   0.0000     0.0000   0.0000      0   0.0000     0.0000      0        0     0.0000        2 31658378.0
----------------------------------------------------------------------------------------------------------------------------------------------------------------------
DESIGN QOR 
----------------------------------------------------------------------------------------------------------------------------------------------------------------------
Scene  PG      WNS        TNS   R2RTNS    NSV      WHV        THV    NHV  MaxTrnV   MaxTranC  MaxCapV    Leakage         Area    InstCnt     BufCnt     InvCnt
    *   *   0.0000     0.0000   0.0000      0   0.0000     0.0000      0        0     0.0000        2 31658378.0      1796.04        558         16        107
----------------------------------------------------------------------------------------------------------------------------------------------------------------------

Clock-opt route-global QoR Summary      WNS        TNS   R2RTNS    NSV      WHV        THV    NHV  MaxTrnV  MaxCapV    Leakage         Area    InstCnt
Clock-opt route-global QoR Summary   0.0000     0.0000   0.0000      0   0.0000     0.0000      0        0        2 31658378.0      1796.04        558

Clock-opt Global-routing complete         CPU:    36 s (  0.01 hr )  ELAPSE:    41 s (  0.01 hr )  MEM-PEAK:  1429 MB

runtime_assert false
enhanced site row merge :  1
Key: unit, value: 0x999f67f8
Number of Site types in the design = 1
Setting up Chip Core
Chip Core shape: (50000 50000) (642800 635200)
Preroute opto area query mode: NDM
Using CLEO = true
Summary: is MV Ready (has MV info... UPF or derived)
Summary: design is not hierarchical
Voltage Area: id=0, index=0, name=DEFAULT_VA, is default, domain=DEFAULT_POWER_DOMAIN, scopeHier=, psn=VDD;
Number of VARs = 1
Number of unique PDs = 1
Number of Power Domains = 1
Number of Voltage Areas = 1
Number of supply Nets = 2
Number of used supplies = 0
Setup Voltages:
  Supply Net = VDD, voltages =  0.7500
  Supply Net = VSS, voltages = 
Hold Voltages:
  Supply Net = VDD, voltages =  0.7500
  Supply Net = VSS, voltages = 
Unique Voltages in Design:  0.7500
Default Voltage Area = DEFAULT_VA
Blocked VAs: 
INFO: wire-opt feature for router enabled
Cell Min-Routing-Layer = M1
Cell Max-Routing-Layer = MRDL
Turn off antenna since no rule is specified
Information: Option route.detail.force_end_on_preferred_grid will be ignored since none of the layers have preferred grid. (ZRT-703)
Warning: Cannot find a default contact code for layer CO. (ZRT-022)
Warning: Port VDD of cell water_sched is unplaced.  This may impact routing result. (ZRT-740)
Warning: Port VSS of cell water_sched is unplaced.  This may impact routing result. (ZRT-740)
Warning: Ignore 2 top cell ports with no pins. (ZRT-027)
Info: number of net_type_blockage: 0 
Information: Via ladder engine would be activated for pattern must join connection in certain commands. Please refer to man-page for the command list. (ZRT-619)
Information: AutoNdr rule can't be found. Check the settings.
Information: When applicable Min-max layer allow_pin_connection mode will allow paths of length 3.55 outside the layer range. (ZRT-707)
Information: When applicable Min-max layer allow_pin_connection mode will allow paths of length 3.55 outside the layer range on clock nets. (ZRT-718)
Information: When applicable layer based tapering will taper up to 0.00 in distance from the pin. (ZRT-706)
Warning: Standard cell pin AOINVX4_RVT/VDDG has no valid via regions. (ZRT-044)
Warning: Standard cell pin AOINVX1_RVT/VDDG has no valid via regions. (ZRT-044)
Warning: Standard cell pin AOINVX2_RVT/VDDG has no valid via regions. (ZRT-044)
Warning: Standard cell pin AOBUFX2_RVT/VDDG has no valid via regions. (ZRT-044)
Warning: Standard cell pin AOBUFX4_RVT/VDDG has no valid via regions. (ZRT-044)
Warning: Standard cell pin AOBUFX1_RVT/VDDG has no valid via regions. (ZRT-044)
GR Routing Service: Started IMRD 
GR Routing Service: ndmAttrDef 'usr_tmng_crit' created with default value 0 
GR Routing Service: ndmAttrDef 'rted_by_minDly' created with default value 0 
GR Routing Service: ndmAttrDef 'port_subnet_crit_blkConn' created with default value 0 
GR Routing Service: ndmAttrDef 'port_subnet_crit_blkPort' created with default value 0 
Loading timing information to the router ...
Design  Scenario default (Mode default Corner default)
Timing information loaded to the router.
Information: Design Average RC for design water_sched  (NEX-011)
Information: r = 1.788258 ohm/um, via_r = 0.463390 ohm/cut, c = 0.069133 ff/um, cc = 0.000000 ff/um (X dir) (NEX-017)
Information: r = 1.672017 ohm/um, via_r = 0.578659 ohm/cut, c = 0.079034 ff/um, cc = 0.000000 ff/um (Y dir) (NEX-017)
GR Routing Service: Setting costIdx to 3 
GR Routing Service: rebuildCongmap: itr = 3 
Warning: Power net VSS has no power preroutes, skip tie-off. (ZRT-101)
Number of partitions: 1 (1 x 1)
Size of partitions: 41 gCells x 41 gCells
Average gCell capacity  5.65	 on layer (1)	 M1
Average gCell capacity  11.02	 on layer (2)	 M2
Average gCell capacity  5.42	 on layer (3)	 M3
Average gCell capacity  5.51	 on layer (4)	 M4
Average gCell capacity  2.71	 on layer (5)	 M5
Average gCell capacity  2.76	 on layer (6)	 M6
Average gCell capacity  1.34	 on layer (7)	 M7
Average gCell capacity  1.37	 on layer (8)	 M8
Average gCell capacity  0.66	 on layer (9)	 M9
Average gCell capacity  0.32	 on layer (10)	 MRDL
Average number of tracks per gCell 11.02	 on layer (1)	 M1
Average number of tracks per gCell 11.12	 on layer (2)	 M2
Average number of tracks per gCell 5.54	 on layer (3)	 M3
Average number of tracks per gCell 5.59	 on layer (4)	 M4
Average number of tracks per gCell 2.80	 on layer (5)	 M5
Average number of tracks per gCell 2.83	 on layer (6)	 M6
Average number of tracks per gCell 1.44	 on layer (7)	 M7
Average number of tracks per gCell 1.44	 on layer (8)	 M8
Average number of tracks per gCell 0.73	 on layer (9)	 M9
Average number of tracks per gCell 0.37	 on layer (10)	 MRDL
Number of gCells = 16810
[updNetsDmd] Elapsed real time: 0:00:00 
[updNetsDmd] Elapsed cpu  time: sys=0:00:00 usr=0:00:00 total=0:00:00
Created 1 thread routing service with costIdx = 3. (tbbMode 0)
GR Routing Service: Setting costIdx to 3 
rtapi Thread-server 0: startup 
Warning: Power net VSS has no power preroutes, skip tie-off. (ZRT-101)
GR Routing Service: loadPermBufBlockages 

Clock-opt optimization Phase 21 Iter  1         0.00        0.00      0.00         2       1796.04  31658378.00         558              0.01      1429

Corner Scaling is off, multiplier is 1.000000
Clock-opt optimization Phase 22 Iter  1         0.00        0.00      0.00         2       1796.04  31658378.00         558              0.01      1429
Clock-opt optimization Phase 22 Iter  2         0.00        0.00      0.00         2       1796.04  31658378.00         558              0.01      1429
Corner Scaling is off, multiplier is 1.000000
Clock-opt optimization Phase 22 Iter  3         0.00        0.00      0.00         2       1796.04  31658378.00         558              0.01      1429
Corner Scaling is off, multiplier is 1.000000
Clock-opt optimization Phase 22 Iter  4         0.00        0.00      0.00         2       1796.04  31658378.00         558              0.01      1429
Clock-opt optimization Phase 22 Iter  5         0.00        0.00      0.00         2       1796.04  31658378.00         558              0.01      1429

Clock-opt optimization Phase 23 Iter  1         0.00        0.00      0.00         1       1796.04  31658378.00         558              0.01      1429
Clock-opt optimization Phase 23 Iter  2         0.00        0.00      0.00         1       1796.04  31658378.00         558              0.01      1429
Clock-opt optimization Phase 23 Iter  3         0.00        0.00      0.00         1       1796.04  31658378.00         558              0.01      1429
Clock-opt optimization Phase 23 Iter  4         0.00        0.00      0.00         1       1796.04  31658378.00         558              0.01      1429
Corner Scaling is off, multiplier is 1.000000
Clock-opt optimization Phase 23 Iter  5         0.00        0.00      0.00         1       1796.04  31658378.00         558              0.01      1429
Clock-opt optimization Phase 23 Iter  6         0.00        0.00      0.00         1       1796.04  31658378.00         558              0.01      1429
Corner Scaling is off, multiplier is 1.000000
Clock-opt optimization Phase 23 Iter  7         0.00        0.00      0.00         1       1796.04  31658378.00         558              0.01      1429
Corner Scaling is off, multiplier is 1.000000
Clock-opt optimization Phase 23 Iter  8         0.00        0.00      0.00         1       1796.04  31658378.00         558              0.01      1429

Clock-opt optimization Phase 24 Iter  1         0.00        0.00      0.00         1       1796.04  31658378.00         558              0.01      1429
Information: The value of option cts.compile.enable_cell_relocation has been overridden to "leaf_only" to support latency-driven placement. (CTS-973)
Information: CTS will work on the following scenarios. (CTS-101)
   default	(Mode: default; Corner: default)
Information: CTS will work on all clocks in active scenarios, including 1 master clocks and 0 generated clocks. (CTS-107)
Output units used in this log:
   Time        : 1.00ns
   Resistance  : 1.00MOhm
   Capacitance : 1.00fF
   Power       : 1.00pW
   Length      : 1.00um
Information: Clock derating is enabled

CTS related app options set by user:
   No CTS related app option is set.

Buffer/Inverter reference list for clock tree synthesis:
   saed32_rvt|saed32_rvt_std/DELLN1X2_RVT
   saed32_rvt|saed32_rvt_std/DELLN2X2_RVT
   saed32_rvt|saed32_rvt_std/DELLN3X2_RVT
   saed32_rvt|saed32_rvt_std/NBUFFX16_RVT
   saed32_rvt|saed32_rvt_std/NBUFFX2_RVT
   saed32_rvt|saed32_rvt_std/NBUFFX32_RVT
   saed32_rvt|saed32_rvt_std/NBUFFX4_RVT
   saed32_rvt|saed32_rvt_std/NBUFFX8_RVT
   saed32_rvt|saed32_rvt_std/AOBUFX1_RVT
   saed32_rvt|saed32_rvt_std/AOBUFX2_RVT
   saed32_rvt|saed32_rvt_std/AOBUFX4_RVT
   saed32_rvt|saed32_rvt_std/IBUFFX16_RVT
   saed32_rvt|saed32_rvt_std/IBUFFX2_RVT
   saed32_rvt|saed32_rvt_std/IBUFFX32_RVT
   saed32_rvt|saed32_rvt_std/IBUFFX4_RVT
   saed32_rvt|saed32_rvt_std/IBUFFX8_RVT
   saed32_rvt|saed32_rvt_std/INVX0_RVT
   saed32_rvt|saed32_rvt_std/INVX16_RVT
   saed32_rvt|saed32_rvt_std/INVX1_RVT
   saed32_rvt|saed32_rvt_std/INVX2_RVT
   saed32_rvt|saed32_rvt_std/INVX32_RVT
   saed32_rvt|saed32_rvt_std/INVX4_RVT
   saed32_rvt|saed32_rvt_std/INVX8_RVT
   saed32_rvt|saed32_rvt_std/AOINVX1_RVT
   saed32_rvt|saed32_rvt_std/AOINVX2_RVT
   saed32_rvt|saed32_rvt_std/AOINVX4_RVT

ICG reference list:
   saed32_rvt|saed32_rvt_std/CGLNPRX2_RVT
   saed32_rvt|saed32_rvt_std/CGLNPRX8_RVT
   saed32_rvt|saed32_rvt_std/CGLNPSX16_RVT
   saed32_rvt|saed32_rvt_std/CGLNPSX2_RVT
   saed32_rvt|saed32_rvt_std/CGLNPSX4_RVT
   saed32_rvt|saed32_rvt_std/CGLNPSX8_RVT
   saed32_rvt|saed32_rvt_std/CGLPPRX2_RVT
   saed32_rvt|saed32_rvt_std/CGLPPRX8_RVT
   saed32_rvt|saed32_rvt_std/CGLPPSX16_RVT
   saed32_rvt|saed32_rvt_std/CGLPPSX2_RVT
   saed32_rvt|saed32_rvt_std/CGLPPSX4_RVT
   saed32_rvt|saed32_rvt_std/CGLPPSX8_RVT


register reference list:
   saed32_rvt|saed32_rvt_std/AODFFARX1_RVT
   saed32_rvt|saed32_rvt_std/AODFFARX2_RVT
   saed32_rvt|saed32_rvt_std/AODFFNARX1_RVT
   saed32_rvt|saed32_rvt_std/AODFFNARX2_RVT
   saed32_rvt|saed32_rvt_std/DFFARX1_RVT
   saed32_rvt|saed32_rvt_std/DFFARX2_RVT
   saed32_rvt|saed32_rvt_std/DFFASRX1_RVT
   saed32_rvt|saed32_rvt_std/DFFASRX2_RVT
   saed32_rvt|saed32_rvt_std/DFFASX1_RVT
   saed32_rvt|saed32_rvt_std/DFFASX2_RVT
   saed32_rvt|saed32_rvt_std/DFFNARX1_RVT
   saed32_rvt|saed32_rvt_std/DFFNARX2_RVT
   saed32_rvt|saed32_rvt_std/DFFNASRNX1_RVT
   saed32_rvt|saed32_rvt_std/DFFNASRNX2_RVT
   saed32_rvt|saed32_rvt_std/DFFNASRQX1_RVT
   saed32_rvt|saed32_rvt_std/DFFNASRQX2_RVT
   saed32_rvt|saed32_rvt_std/DFFNASRX1_RVT
   saed32_rvt|saed32_rvt_std/DFFNASRX2_RVT
   saed32_rvt|saed32_rvt_std/DFFNASX1_RVT
   saed32_rvt|saed32_rvt_std/DFFNASX2_RVT
   saed32_rvt|saed32_rvt_std/DFFNX1_RVT
   saed32_rvt|saed32_rvt_std/DFFNX2_RVT
   saed32_rvt|saed32_rvt_std/DFFSSRX1_RVT
   saed32_rvt|saed32_rvt_std/DFFSSRX2_RVT
   saed32_rvt|saed32_rvt_std/DFFX1_RVT
   saed32_rvt|saed32_rvt_std/DFFX2_RVT
   saed32_rvt|saed32_rvt_std/LARX1_RVT
   saed32_rvt|saed32_rvt_std/LARX2_RVT
   saed32_rvt|saed32_rvt_std/LASRNX1_RVT
   saed32_rvt|saed32_rvt_std/LASRNX2_RVT
   saed32_rvt|saed32_rvt_std/LASRQX1_RVT
   saed32_rvt|saed32_rvt_std/LASRQX2_RVT
   saed32_rvt|saed32_rvt_std/LASRX1_RVT
   saed32_rvt|saed32_rvt_std/LASRX2_RVT
   saed32_rvt|saed32_rvt_std/LASX1_RVT
   saed32_rvt|saed32_rvt_std/LASX2_RVT
   saed32_rvt|saed32_rvt_std/LATCHX1_RVT
   saed32_rvt|saed32_rvt_std/LATCHX2_RVT
   saed32_rvt|saed32_rvt_std/LNANDX1_RVT
   saed32_rvt|saed32_rvt_std/LNANDX2_RVT
   saed32_rvt|saed32_rvt_std/RDFFARX1_RVT
   saed32_rvt|saed32_rvt_std/RDFFARX2_RVT
   saed32_rvt|saed32_rvt_std/RDFFNARX1_RVT
   saed32_rvt|saed32_rvt_std/RDFFNARX2_RVT
   saed32_rvt|saed32_rvt_std/RDFFNSRARX1_RVT
   saed32_rvt|saed32_rvt_std/RDFFNSRARX2_RVT
   saed32_rvt|saed32_rvt_std/RDFFNSRASRNX1_RVT
   saed32_rvt|saed32_rvt_std/RDFFNSRASRNX2_RVT
   saed32_rvt|saed32_rvt_std/RDFFNSRASRQX1_RVT
   saed32_rvt|saed32_rvt_std/RDFFNSRASRQX2_RVT
   saed32_rvt|saed32_rvt_std/RDFFNSRASRX1_RVT
   saed32_rvt|saed32_rvt_std/RDFFNSRASRX2_RVT
   saed32_rvt|saed32_rvt_std/RDFFNSRASX1_RVT
   saed32_rvt|saed32_rvt_std/RDFFNSRASX2_RVT
   saed32_rvt|saed32_rvt_std/RDFFNSRX1_RVT
   saed32_rvt|saed32_rvt_std/RDFFNSRX2_RVT
   saed32_rvt|saed32_rvt_std/RDFFNX1_RVT
   saed32_rvt|saed32_rvt_std/RDFFNX2_RVT
   saed32_rvt|saed32_rvt_std/RDFFSRARX1_RVT
   saed32_rvt|saed32_rvt_std/RDFFSRARX2_RVT
   saed32_rvt|saed32_rvt_std/RDFFSRASRX1_RVT
   saed32_rvt|saed32_rvt_std/RDFFSRASRX2_RVT
   saed32_rvt|saed32_rvt_std/RDFFSRASX1_RVT
   saed32_rvt|saed32_rvt_std/RDFFSRASX2_RVT
   saed32_rvt|saed32_rvt_std/RDFFSRSSRX1_RVT
   saed32_rvt|saed32_rvt_std/RDFFSRX1_RVT
   saed32_rvt|saed32_rvt_std/RDFFSRX2_RVT
   saed32_rvt|saed32_rvt_std/RDFFX1_RVT
   saed32_rvt|saed32_rvt_std/RDFFX2_RVT
   saed32_rvt|saed32_rvt_std/RSDFFARX1_RVT
   saed32_rvt|saed32_rvt_std/RSDFFARX2_RVT
   saed32_rvt|saed32_rvt_std/RSDFFNARX1_RVT
   saed32_rvt|saed32_rvt_std/RSDFFNARX2_RVT
   saed32_rvt|saed32_rvt_std/RSDFFNSRARX1_RVT
   saed32_rvt|saed32_rvt_std/RSDFFNSRARX2_RVT
   saed32_rvt|saed32_rvt_std/RSDFFNSRASRNX1_RVT
   saed32_rvt|saed32_rvt_std/RSDFFNSRASRNX2_RVT
   saed32_rvt|saed32_rvt_std/RSDFFNSRASRQX1_RVT
   saed32_rvt|saed32_rvt_std/RSDFFNSRASRQX2_RVT
   saed32_rvt|saed32_rvt_std/RSDFFNSRASRX1_RVT
   saed32_rvt|saed32_rvt_std/RSDFFNSRASRX2_RVT
   saed32_rvt|saed32_rvt_std/RSDFFNSRASX1_RVT
   saed32_rvt|saed32_rvt_std/RSDFFNSRASX2_RVT
   saed32_rvt|saed32_rvt_std/RSDFFNSRX1_RVT
   saed32_rvt|saed32_rvt_std/RSDFFNSRX2_RVT
   saed32_rvt|saed32_rvt_std/RSDFFNX1_RVT
   saed32_rvt|saed32_rvt_std/RSDFFNX2_RVT
   saed32_rvt|saed32_rvt_std/RSDFFSRARX1_RVT
   saed32_rvt|saed32_rvt_std/RSDFFSRARX2_RVT
   saed32_rvt|saed32_rvt_std/RSDFFSRASRX1_RVT
   saed32_rvt|saed32_rvt_std/RSDFFSRASRX2_RVT
   saed32_rvt|saed32_rvt_std/RSDFFSRASX1_RVT
   saed32_rvt|saed32_rvt_std/RSDFFSRASX2_RVT
   saed32_rvt|saed32_rvt_std/RSDFFSRSSRX1_RVT
   saed32_rvt|saed32_rvt_std/RSDFFSRSSRX2_RVT
   saed32_rvt|saed32_rvt_std/RSDFFSRX1_RVT
   saed32_rvt|saed32_rvt_std/RSDFFSRX2_RVT
   saed32_rvt|saed32_rvt_std/RSDFFX1_RVT
   saed32_rvt|saed32_rvt_std/RSDFFX2_RVT
   saed32_rvt|saed32_rvt_std/SDFFARX1_RVT
   saed32_rvt|saed32_rvt_std/SDFFARX2_RVT
   saed32_rvt|saed32_rvt_std/SDFFASRSX1_RVT
   saed32_rvt|saed32_rvt_std/SDFFASRSX2_RVT
   saed32_rvt|saed32_rvt_std/SDFFASRX1_RVT
   saed32_rvt|saed32_rvt_std/SDFFASRX2_RVT
   saed32_rvt|saed32_rvt_std/SDFFASX1_RVT
   saed32_rvt|saed32_rvt_std/SDFFASX2_RVT
   saed32_rvt|saed32_rvt_std/SDFFNARX1_RVT
   saed32_rvt|saed32_rvt_std/SDFFNARX2_RVT
   saed32_rvt|saed32_rvt_std/SDFFNASRX1_RVT
   saed32_rvt|saed32_rvt_std/SDFFNASRX2_RVT
   saed32_rvt|saed32_rvt_std/SDFFNASX1_RVT
   saed32_rvt|saed32_rvt_std/SDFFNASX2_RVT
   saed32_rvt|saed32_rvt_std/SDFFNX1_RVT
   saed32_rvt|saed32_rvt_std/SDFFNX2_RVT
   saed32_rvt|saed32_rvt_std/SDFFSSRX1_RVT
   saed32_rvt|saed32_rvt_std/SDFFSSRX2_RVT
   saed32_rvt|saed32_rvt_std/SDFFX1_RVT
   saed32_rvt|saed32_rvt_std/SDFFX2_RVT

Information: 'default' is identified as primary corner for initial clock tree building. (CTS-103)
Warning: No clock routing rule is specified. (CTS-038)

Clock cell spacing rule list:
   No clock cell spacing rule is found.
DBG: ccdInfra::ccdInfra
Drc Mode Option: auto
Information: Legalizer's PDC rule check is NOT enabled
Information: Legalizer's advanced rule check is NOT enabled
DBG: ccdInfra::initAppOptions
DBG: ccdInfra::initCtsFixedBalancePins
CCD initialization runtime: cpu 0.004007, elapsed 0.004014, speed up 0.998256.

CCD-Info: App options set by user
   ccd.hold_control_effort = medium
   clock_opt.flow.optimize_ndr = true

CCD: Netlist change observers are disabled for incremental timing updates
Information: The netlist change observers are disabled for incremental timing updates. (TIM-119)
Information: The timing has been updated before disabling netlist and extraction change observers. (TIM-121)
CCD: using 1 threads
CTSSC route status detected: clock (VR 0, GR 0, DR 465), data (VR 0, GR 2951, DR 0); stage = auto, isPostRoute = FALSE
INFO: optApi switch to CTS purpose
Information: Creating classic rule checker.
Warning: Routing direction of metal layer PO is neither "horizontal" nor "vertical".  PDC checks will not be performed on this layer. (PDC-003)
PDC app_options settings =========
	place.legalize.enable_prerouted_net_check: 1
	place.legalize.num_tracks_for_access_check: 1
	place.legalize.use_eol_spacing_for_access_check: 0
	place.legalize.allow_touch_track_for_access_check: 1
	place.legalize.reduce_conservatism_in_eol_check: 0
	place.legalize.preroute_shape_merge_distance: 0.0
	place.legalize.enable_non_preferred_direction_span_check: 0

Layer M1: cached 0 shapes out of 794 total shapes.
Layer M2: cached 0 shapes out of 1563 total shapes.
Cached 0 vias out of 3420 total vias.
enhanced site row merge :  1
Key: unit, value: 0x999f6258
Number of Site types in the design = 1
Total power = 0.089707, Leakage = 0.031658, Internal = 0.049433, Switching = 0.008616
Information: 'default' is identified as primary corner for initial clock tree building. (CTS-103)
Info: message level of flow 0 unknown flow is set as 0/1 for verbose/tMessage

CCD: Initial QOR:
---------------------------------------------------------------------------------------------
 Design (setup) WNS = 3.044411, TNS = 0.000000, NVP = 0
 Design (hold) WNHS = 0.173799, TNHS = 0.000000, NHVP = 0

    Scenario default  WNS = 3.044411, TNS = 0.000000, NVP = 0
    Scenario default  WNHS = 0.173799, TNHS = 0.000000, NHVP = 0
    Scenario default
       Path Group **in2reg_default**  WNS = 3.044411, TNS = 0.000000, NVP = 0
       Path Group core_clk  WNS = 5.062789, TNS = 0.000000, NVP = 0
       Path Group **reg2out_default**  WNS = 6.758049, TNS = 0.000000, NVP = 0
    Scenario default
       Path Group core_clk  WNHS = 0.173799, TNHS = 0.000000, NHVP = 0
       Path Group **in2reg_default**  WNHS = 2.036670, TNHS = 0.000000, NHVP = 0
       Path Group **reg2out_default**  WNHS = 2.178223, TNHS = 0.000000, NHVP = 0
---------------------------------------------------------------------------------------------
CCD-QoR: Timing: WNS = 3.044, TNS = 0.000, NVP = 0, UNWEIGHTED_TNS = 0.000, WNHS = 0.174, TNHS = 0.000, NHVP = 0, UNWEIGHTED_TNHS = 0.000, R2R(wns=5.062789, tns=0.000000, nvp=0)
Info: message level of flow 0 unknown flow is set as 0/1 for verbose/tMessage

CCD: Before drc optimization

Information: There is no DRC violation or all DRC violations are not fixable.

    Optimization Summary 		

-------------------------------------------------

	# Drivers Attempted               =          0
	# Skipped during isValid and estimate          =          0
	# Failed subgraph evaluation           =          0
	# Failed main graph committ          =          0
	# Successful main graph commit      =          0
	# NumCTCells changed               =          0


	# Total CPU time                  = 00h:00m:00s
	# Total elapsed time              = 00h:00m:00s
	# Flow total speed up             =     1.0011

-------------------------------------------------


CCD: After drc optimization:
---------------------------------------------------------------------------------------------
 Design (setup) WNS = 3.044411, TNS = 0.000000, NVP = 0
 Design (hold) WNHS = 0.173799, TNHS = 0.000000, NHVP = 0

    Scenario default  WNS = 3.044411, TNS = 0.000000, NVP = 0
    Scenario default  WNHS = 0.173799, TNHS = 0.000000, NHVP = 0
    Scenario default
       Path Group **in2reg_default**  WNS = 3.044411, TNS = 0.000000, NVP = 0
       Path Group core_clk  WNS = 5.062789, TNS = 0.000000, NVP = 0
       Path Group **reg2out_default**  WNS = 6.758049, TNS = 0.000000, NVP = 0
    Scenario default
       Path Group core_clk  WNHS = 0.173799, TNHS = 0.000000, NHVP = 0
       Path Group **in2reg_default**  WNHS = 2.036670, TNHS = 0.000000, NHVP = 0
       Path Group **reg2out_default**  WNHS = 2.178223, TNHS = 0.000000, NHVP = 0
---------------------------------------------------------------------------------------------
CCD-QoR: Timing: WNS = 3.044, TNS = 0.000, NVP = 0, UNWEIGHTED_TNS = 0.000, WNHS = 0.174, TNHS = 0.000, NHVP = 0, UNWEIGHTED_TNHS = 0.000, R2R(wns=5.062789, tns=0.000000, nvp=0)

Information: There is no DRC violation or all DRC violations are not fixable.
Info: message level of flow 0 unknown flow is set back as 0/1 for verbose/tMessage
Info: message level of flow 0 unknown flow is set as 0/1 for verbose/tMessage

    Optimization Summary 		

-------------------------------------------------

	# Drivers Attempted               =          0
	# Skipped during isValid and estimate          =          0
	# Failed subgraph evaluation           =          0
	# Failed main graph committ          =          0
	# Successful main graph commit      =          0
	# NumCTCells changed               =          0


	# Total CPU time                  = 00h:00m:00s
	# Total elapsed time              = 00h:00m:00s
	# Flow total speed up             =     0.9860

-------------------------------------------------

Info: message level of flow 0 unknown flow is set back as 0/1 for verbose/tMessage

CCD: After CG based optimization:
---------------------------------------------------------------------------------------------
 Design (setup) WNS = 3.044411, TNS = 0.000000, NVP = 0
 Design (hold) WNHS = 0.173799, TNHS = 0.000000, NHVP = 0

    Scenario default  WNS = 3.044411, TNS = 0.000000, NVP = 0
    Scenario default  WNHS = 0.173799, TNHS = 0.000000, NHVP = 0
    Scenario default
       Path Group **in2reg_default**  WNS = 3.044411, TNS = 0.000000, NVP = 0
       Path Group core_clk  WNS = 5.062789, TNS = 0.000000, NVP = 0
       Path Group **reg2out_default**  WNS = 6.758049, TNS = 0.000000, NVP = 0
    Scenario default
       Path Group core_clk  WNHS = 0.173799, TNHS = 0.000000, NHVP = 0
       Path Group **in2reg_default**  WNHS = 2.036670, TNHS = 0.000000, NHVP = 0
       Path Group **reg2out_default**  WNHS = 2.178223, TNHS = 0.000000, NHVP = 0
---------------------------------------------------------------------------------------------
CCD-QoR: Timing: WNS = 3.044, TNS = 0.000, NVP = 0, UNWEIGHTED_TNS = 0.000, WNHS = 0.174, TNHS = 0.000, NHVP = 0, UNWEIGHTED_TNHS = 0.000, R2R(wns=5.062789, tns=0.000000, nvp=0)
Info: message level of flow 0 unknown flow is set back as 0/1 for verbose/tMessage
Information: The netlist change observers are enabled for incremental timing updates. (TIM-120)
Route Cleanup and Reuse: 0 shapes being reused for 0 clock nets
INFO: optApi switch to OPTO purpose
enhanced site row merge :  1
Key: unit, value: 0x909c2870
Number of Site types in the design = 1
 CCD flow runtime: cpu 0.114107, elapsed 0.114321, speed up 0.998128.
Mark clock trees...
Marking clock synthesized attributes

Marking spacing rules

Clock cell spacing rule list:
   No clock cell spacing rule is found.

Summary of messages during CTS:
===============================================================
  Tag   Count  Type           Description
---------------------------------------------------------------
CTS-038    1  Warning  No clock routing rule is specified.
INFO: cellmap features:  adv-rules=(N), pdc=(N), clock-rules=(Y)

Enable clock slack update
INFO: cellmap features:  adv-rules=(Y), pdc=(Y), clock-rules=(Y)
Clock-opt optimization Phase 25 Iter  1         0.00        0.00      0.00         1       1796.04  31658378.00         558              0.01      1429
INFO: cellmap features:  adv-rules=(N), pdc=(N), clock-rules=(Y)

Clock-opt optimization Phase 26 Iter  1         0.00        0.00      0.00         1       1796.04  31658378.00         558              0.01      1429
Clock-opt optimization Phase 26 Iter  2         0.00        0.00      0.00         1       1796.04  31658378.00         558              0.01      1429
Clock-opt optimization Phase 26 Iter  3         0.00        0.00      0.00         1       1796.04  31658378.00         558              0.01      1429
Clock-opt optimization Phase 26 Iter  4         0.00        0.00      0.00         1       1796.04  31658378.00         558              0.01      1429
Clock-opt optimization Phase 26 Iter  5         0.00        0.00      0.00         1       1796.04  31658378.00         558              0.01      1429
Clock-opt optimization Phase 26 Iter  6         0.00        0.00      0.00         1       1796.04  31658378.00         558              0.01      1429
Clock-opt optimization summary            SETUP-COST    R2R-COST HOLD-COST LDRC-COST          AREA     LEAKAGE     INSTCNT            ELAPSE       MEM
Clock-opt optimization Phase 26 Iter  7         0.00        0.00      0.00         1       1796.04  31658378.00         558              0.01      1429
Clock-opt optimization Phase 26 Iter  8         0.00        0.00      0.00         1       1796.04  31658378.00         558              0.01      1429
Clock-opt optimization Phase 26 Iter  9         0.00        0.00      0.00         1       1796.04  31658378.00         558              0.01      1429
Clock-opt optimization Phase 26 Iter 10         0.00        0.00      0.00         1       1796.04  31658378.00         558              0.01      1429
Corner Scaling is off, multiplier is 1.000000
Clock-opt optimization Phase 26 Iter 11         0.00        0.00      0.00         1       1796.04  31658378.00         558              0.01      1429
Clock-opt optimization Phase 26 Iter 12         0.00        0.00      0.00         1       1796.04  31658378.00         558              0.01      1429
Corner Scaling is off, multiplier is 1.000000
Clock-opt optimization Phase 26 Iter 13         0.00        0.00      0.00         1       1796.04  31658378.00         558              0.01      1429
Corner Scaling is off, multiplier is 1.000000
Clock-opt optimization Phase 26 Iter 14         0.00        0.00      0.00         1       1796.04  31658378.00         558              0.01      1429
Corner Scaling is off, multiplier is 1.000000
Corner Scaling is off, multiplier is 1.000000
Clock-opt optimization Phase 26 Iter 15         0.00        0.00      0.00         1       1796.04  31658378.00         558              0.01      1429
Corner Scaling is off, multiplier is 1.000000
Corner Scaling is off, multiplier is 1.000000
Clock-opt optimization Phase 26 Iter 16         0.00        0.00      0.00         1       1796.04  31658378.00         558              0.01      1429
Corner Scaling is off, multiplier is 1.000000
Corner Scaling is off, multiplier is 1.000000
Clock-opt optimization Phase 26 Iter 17         0.00        0.00      0.00         1       1796.04  31658378.00         558              0.01      1429

Clock-opt optimization Phase 27 Iter  1         0.00        0.00      0.00         1       1796.04  31658378.00         558              0.01      1429
Clock-opt optimization Phase 27 Iter  2         0.00        0.00      0.00         1       1796.04  31658378.00         558              0.01      1429

Clock-opt optimization Phase 28 Iter  1         0.00        0.00      0.00         1       1796.04  31658378.00         558              0.01      1429
Information: The value of option cts.compile.enable_cell_relocation has been overridden to "leaf_only" to support latency-driven placement. (CTS-973)
Information: CTS will work on the following scenarios. (CTS-101)
   default	(Mode: default; Corner: default)
Information: CTS will work on all clocks in active scenarios, including 1 master clocks and 0 generated clocks. (CTS-107)
Output units used in this log:
   Time        : 1.00ns
   Resistance  : 1.00MOhm
   Capacitance : 1.00fF
   Power       : 1.00pW
   Length      : 1.00um
Information: Clock derating is enabled

CTS related app options set by user:
   No CTS related app option is set.

Buffer/Inverter reference list for clock tree synthesis:
   saed32_rvt|saed32_rvt_std/DELLN1X2_RVT
   saed32_rvt|saed32_rvt_std/DELLN2X2_RVT
   saed32_rvt|saed32_rvt_std/DELLN3X2_RVT
   saed32_rvt|saed32_rvt_std/NBUFFX16_RVT
   saed32_rvt|saed32_rvt_std/NBUFFX2_RVT
   saed32_rvt|saed32_rvt_std/NBUFFX32_RVT
   saed32_rvt|saed32_rvt_std/NBUFFX4_RVT
   saed32_rvt|saed32_rvt_std/NBUFFX8_RVT
   saed32_rvt|saed32_rvt_std/AOBUFX1_RVT
   saed32_rvt|saed32_rvt_std/AOBUFX2_RVT
   saed32_rvt|saed32_rvt_std/AOBUFX4_RVT
   saed32_rvt|saed32_rvt_std/IBUFFX16_RVT
   saed32_rvt|saed32_rvt_std/IBUFFX2_RVT
   saed32_rvt|saed32_rvt_std/IBUFFX32_RVT
   saed32_rvt|saed32_rvt_std/IBUFFX4_RVT
   saed32_rvt|saed32_rvt_std/IBUFFX8_RVT
   saed32_rvt|saed32_rvt_std/INVX0_RVT
   saed32_rvt|saed32_rvt_std/INVX16_RVT
   saed32_rvt|saed32_rvt_std/INVX1_RVT
   saed32_rvt|saed32_rvt_std/INVX2_RVT
   saed32_rvt|saed32_rvt_std/INVX32_RVT
   saed32_rvt|saed32_rvt_std/INVX4_RVT
   saed32_rvt|saed32_rvt_std/INVX8_RVT
   saed32_rvt|saed32_rvt_std/AOINVX1_RVT
   saed32_rvt|saed32_rvt_std/AOINVX2_RVT
   saed32_rvt|saed32_rvt_std/AOINVX4_RVT

ICG reference list:
   saed32_rvt|saed32_rvt_std/CGLNPRX2_RVT
   saed32_rvt|saed32_rvt_std/CGLNPRX8_RVT
   saed32_rvt|saed32_rvt_std/CGLNPSX16_RVT
   saed32_rvt|saed32_rvt_std/CGLNPSX2_RVT
   saed32_rvt|saed32_rvt_std/CGLNPSX4_RVT
   saed32_rvt|saed32_rvt_std/CGLNPSX8_RVT
   saed32_rvt|saed32_rvt_std/CGLPPRX2_RVT
   saed32_rvt|saed32_rvt_std/CGLPPRX8_RVT
   saed32_rvt|saed32_rvt_std/CGLPPSX16_RVT
   saed32_rvt|saed32_rvt_std/CGLPPSX2_RVT
   saed32_rvt|saed32_rvt_std/CGLPPSX4_RVT
   saed32_rvt|saed32_rvt_std/CGLPPSX8_RVT


register reference list:
   saed32_rvt|saed32_rvt_std/AODFFARX1_RVT
   saed32_rvt|saed32_rvt_std/AODFFARX2_RVT
   saed32_rvt|saed32_rvt_std/AODFFNARX1_RVT
   saed32_rvt|saed32_rvt_std/AODFFNARX2_RVT
   saed32_rvt|saed32_rvt_std/DFFARX1_RVT
   saed32_rvt|saed32_rvt_std/DFFARX2_RVT
   saed32_rvt|saed32_rvt_std/DFFASRX1_RVT
   saed32_rvt|saed32_rvt_std/DFFASRX2_RVT
   saed32_rvt|saed32_rvt_std/DFFASX1_RVT
   saed32_rvt|saed32_rvt_std/DFFASX2_RVT
   saed32_rvt|saed32_rvt_std/DFFNARX1_RVT
   saed32_rvt|saed32_rvt_std/DFFNARX2_RVT
   saed32_rvt|saed32_rvt_std/DFFNASRNX1_RVT
   saed32_rvt|saed32_rvt_std/DFFNASRNX2_RVT
   saed32_rvt|saed32_rvt_std/DFFNASRQX1_RVT
   saed32_rvt|saed32_rvt_std/DFFNASRQX2_RVT
   saed32_rvt|saed32_rvt_std/DFFNASRX1_RVT
   saed32_rvt|saed32_rvt_std/DFFNASRX2_RVT
   saed32_rvt|saed32_rvt_std/DFFNASX1_RVT
   saed32_rvt|saed32_rvt_std/DFFNASX2_RVT
   saed32_rvt|saed32_rvt_std/DFFNX1_RVT
   saed32_rvt|saed32_rvt_std/DFFNX2_RVT
   saed32_rvt|saed32_rvt_std/DFFSSRX1_RVT
   saed32_rvt|saed32_rvt_std/DFFSSRX2_RVT
   saed32_rvt|saed32_rvt_std/DFFX1_RVT
   saed32_rvt|saed32_rvt_std/DFFX2_RVT
   saed32_rvt|saed32_rvt_std/LARX1_RVT
   saed32_rvt|saed32_rvt_std/LARX2_RVT
   saed32_rvt|saed32_rvt_std/LASRNX1_RVT
   saed32_rvt|saed32_rvt_std/LASRNX2_RVT
   saed32_rvt|saed32_rvt_std/LASRQX1_RVT
   saed32_rvt|saed32_rvt_std/LASRQX2_RVT
   saed32_rvt|saed32_rvt_std/LASRX1_RVT
   saed32_rvt|saed32_rvt_std/LASRX2_RVT
   saed32_rvt|saed32_rvt_std/LASX1_RVT
   saed32_rvt|saed32_rvt_std/LASX2_RVT
   saed32_rvt|saed32_rvt_std/LATCHX1_RVT
   saed32_rvt|saed32_rvt_std/LATCHX2_RVT
   saed32_rvt|saed32_rvt_std/LNANDX1_RVT
   saed32_rvt|saed32_rvt_std/LNANDX2_RVT
   saed32_rvt|saed32_rvt_std/RDFFARX1_RVT
   saed32_rvt|saed32_rvt_std/RDFFARX2_RVT
   saed32_rvt|saed32_rvt_std/RDFFNARX1_RVT
   saed32_rvt|saed32_rvt_std/RDFFNARX2_RVT
   saed32_rvt|saed32_rvt_std/RDFFNSRARX1_RVT
   saed32_rvt|saed32_rvt_std/RDFFNSRARX2_RVT
   saed32_rvt|saed32_rvt_std/RDFFNSRASRNX1_RVT
   saed32_rvt|saed32_rvt_std/RDFFNSRASRNX2_RVT
   saed32_rvt|saed32_rvt_std/RDFFNSRASRQX1_RVT
   saed32_rvt|saed32_rvt_std/RDFFNSRASRQX2_RVT
   saed32_rvt|saed32_rvt_std/RDFFNSRASRX1_RVT
   saed32_rvt|saed32_rvt_std/RDFFNSRASRX2_RVT
   saed32_rvt|saed32_rvt_std/RDFFNSRASX1_RVT
   saed32_rvt|saed32_rvt_std/RDFFNSRASX2_RVT
   saed32_rvt|saed32_rvt_std/RDFFNSRX1_RVT
   saed32_rvt|saed32_rvt_std/RDFFNSRX2_RVT
   saed32_rvt|saed32_rvt_std/RDFFNX1_RVT
   saed32_rvt|saed32_rvt_std/RDFFNX2_RVT
   saed32_rvt|saed32_rvt_std/RDFFSRARX1_RVT
   saed32_rvt|saed32_rvt_std/RDFFSRARX2_RVT
   saed32_rvt|saed32_rvt_std/RDFFSRASRX1_RVT
   saed32_rvt|saed32_rvt_std/RDFFSRASRX2_RVT
   saed32_rvt|saed32_rvt_std/RDFFSRASX1_RVT
   saed32_rvt|saed32_rvt_std/RDFFSRASX2_RVT
   saed32_rvt|saed32_rvt_std/RDFFSRSSRX1_RVT
   saed32_rvt|saed32_rvt_std/RDFFSRX1_RVT
   saed32_rvt|saed32_rvt_std/RDFFSRX2_RVT
   saed32_rvt|saed32_rvt_std/RDFFX1_RVT
   saed32_rvt|saed32_rvt_std/RDFFX2_RVT
   saed32_rvt|saed32_rvt_std/RSDFFARX1_RVT
   saed32_rvt|saed32_rvt_std/RSDFFARX2_RVT
   saed32_rvt|saed32_rvt_std/RSDFFNARX1_RVT
   saed32_rvt|saed32_rvt_std/RSDFFNARX2_RVT
   saed32_rvt|saed32_rvt_std/RSDFFNSRARX1_RVT
   saed32_rvt|saed32_rvt_std/RSDFFNSRARX2_RVT
   saed32_rvt|saed32_rvt_std/RSDFFNSRASRNX1_RVT
   saed32_rvt|saed32_rvt_std/RSDFFNSRASRNX2_RVT
   saed32_rvt|saed32_rvt_std/RSDFFNSRASRQX1_RVT
   saed32_rvt|saed32_rvt_std/RSDFFNSRASRQX2_RVT
   saed32_rvt|saed32_rvt_std/RSDFFNSRASRX1_RVT
   saed32_rvt|saed32_rvt_std/RSDFFNSRASRX2_RVT
   saed32_rvt|saed32_rvt_std/RSDFFNSRASX1_RVT
   saed32_rvt|saed32_rvt_std/RSDFFNSRASX2_RVT
   saed32_rvt|saed32_rvt_std/RSDFFNSRX1_RVT
   saed32_rvt|saed32_rvt_std/RSDFFNSRX2_RVT
   saed32_rvt|saed32_rvt_std/RSDFFNX1_RVT
   saed32_rvt|saed32_rvt_std/RSDFFNX2_RVT
   saed32_rvt|saed32_rvt_std/RSDFFSRARX1_RVT
   saed32_rvt|saed32_rvt_std/RSDFFSRARX2_RVT
   saed32_rvt|saed32_rvt_std/RSDFFSRASRX1_RVT
   saed32_rvt|saed32_rvt_std/RSDFFSRASRX2_RVT
   saed32_rvt|saed32_rvt_std/RSDFFSRASX1_RVT
   saed32_rvt|saed32_rvt_std/RSDFFSRASX2_RVT
   saed32_rvt|saed32_rvt_std/RSDFFSRSSRX1_RVT
   saed32_rvt|saed32_rvt_std/RSDFFSRSSRX2_RVT
   saed32_rvt|saed32_rvt_std/RSDFFSRX1_RVT
   saed32_rvt|saed32_rvt_std/RSDFFSRX2_RVT
   saed32_rvt|saed32_rvt_std/RSDFFX1_RVT
   saed32_rvt|saed32_rvt_std/RSDFFX2_RVT
   saed32_rvt|saed32_rvt_std/SDFFARX1_RVT
   saed32_rvt|saed32_rvt_std/SDFFARX2_RVT
   saed32_rvt|saed32_rvt_std/SDFFASRSX1_RVT
   saed32_rvt|saed32_rvt_std/SDFFASRSX2_RVT
   saed32_rvt|saed32_rvt_std/SDFFASRX1_RVT
   saed32_rvt|saed32_rvt_std/SDFFASRX2_RVT
   saed32_rvt|saed32_rvt_std/SDFFASX1_RVT
   saed32_rvt|saed32_rvt_std/SDFFASX2_RVT
   saed32_rvt|saed32_rvt_std/SDFFNARX1_RVT
   saed32_rvt|saed32_rvt_std/SDFFNARX2_RVT
   saed32_rvt|saed32_rvt_std/SDFFNASRX1_RVT
   saed32_rvt|saed32_rvt_std/SDFFNASRX2_RVT
   saed32_rvt|saed32_rvt_std/SDFFNASX1_RVT
   saed32_rvt|saed32_rvt_std/SDFFNASX2_RVT
   saed32_rvt|saed32_rvt_std/SDFFNX1_RVT
   saed32_rvt|saed32_rvt_std/SDFFNX2_RVT
   saed32_rvt|saed32_rvt_std/SDFFSSRX1_RVT
   saed32_rvt|saed32_rvt_std/SDFFSSRX2_RVT
   saed32_rvt|saed32_rvt_std/SDFFX1_RVT
   saed32_rvt|saed32_rvt_std/SDFFX2_RVT

Information: 'default' is identified as primary corner for initial clock tree building. (CTS-103)
Warning: No clock routing rule is specified. (CTS-038)

Clock cell spacing rule list:
   No clock cell spacing rule is found.
CCD MOO settings for (gccd2gre, qor_tns): 2 engines
    Engine NONE_POWER has 9 objectives, 1 enabled moves, iterationLimit = 1, solverType = CG_LP, estimateFanoutPower = 0, mergeIOWithR2R = 0, areaOnly = 0, useOldEngine = 0, preponeOpt = 0
                tns300Cutoff = 300, capAllowance = 1.600000, cgccdScaleBack = 5, powerccdScaleBack = 0, needTrialSeedGeneration = 0, drcMargin = 0.000000, commitOneByOne = 0, offRoute=0
            NONE_POWER: priority 10, weight 20.000000, degradationPercentAllowed 0.005000, step back 0.150000, isTargeted 1, isMaximize 0
            R2R_TNS: priority 20, weight 2.000000, degradationPercentAllowed 0.001000, step back 0.100000, isTargeted 1, isMaximize 1
            SLOWR2R_TNS: priority 20, weight 2.000000, degradationPercentAllowed 0.001000, step back 0.100000, isTargeted 1, isMaximize 1
            HOLD_TNS: priority 30, weight 1.000000, degradationPercentAllowed 0.001000, step back 0.100000, isTargeted 1, isMaximize 1
            R2R_WNS: priority 40, weight 1.000000, degradationPercentAllowed 0.000000, step back 0.050000, isTargeted 1, isMaximize 1
            SLOWR2R_WNS: priority 40, weight 1.000000, degradationPercentAllowed 0.000000, step back 0.050000, isTargeted 1, isMaximize 1
            HOLD_WNS: priority 50, weight 1.000000, degradationPercentAllowed 0.000000, step back 0.050000, isTargeted 0, isMaximize 1
            IO_TNS: priority 60, weight 1.000000, degradationPercentAllowed 0.001000, step back 0.050000, isTargeted 0, isMaximize 1
            NONE_TOTAL_OFFSET: priority 100, weight 1.000000, degradationPercentAllowed nan, step back 0.050000, isTargeted 0, isMaximize 1
        Moves enabled: SIZE_REGISTER_POWER, 
    Engine NONE_POWER has 9 objectives, 1 enabled moves, iterationLimit = 1, solverType = CG_LP, estimateFanoutPower = 1, mergeIOWithR2R = 0, areaOnly = 0, useOldEngine = 0, preponeOpt = 0
                tns300Cutoff = 300, capAllowance = 100.000000, cgccdScaleBack = 5, powerccdScaleBack = 0, needTrialSeedGeneration = 0, drcMargin = 0.000000, commitOneByOne = 0, offRoute=0
            NONE_POWER: priority 10, weight 20.000000, degradationPercentAllowed 0.005000, step back 0.150000, isTargeted 1, isMaximize 0
            R2R_TNS: priority 20, weight 2.000000, degradationPercentAllowed 0.001000, step back 0.100000, isTargeted 1, isMaximize 1
            SLOWR2R_TNS: priority 20, weight 2.000000, degradationPercentAllowed 0.001000, step back 0.100000, isTargeted 1, isMaximize 1
            HOLD_TNS: priority 30, weight 1.000000, degradationPercentAllowed 0.001000, step back 0.100000, isTargeted 1, isMaximize 1
            R2R_WNS: priority 40, weight 1.000000, degradationPercentAllowed 0.000000, step back 0.050000, isTargeted 1, isMaximize 1
            SLOWR2R_WNS: priority 40, weight 1.000000, degradationPercentAllowed 0.000000, step back 0.050000, isTargeted 1, isMaximize 1
            HOLD_WNS: priority 50, weight 1.000000, degradationPercentAllowed 0.000000, step back 0.050000, isTargeted 0, isMaximize 1
            IO_TNS: priority 60, weight 1.000000, degradationPercentAllowed 0.001000, step back 0.050000, isTargeted 0, isMaximize 1
            NONE_TOTAL_OFFSET: priority 100, weight 1.000000, degradationPercentAllowed nan, step back 0.050000, isTargeted 0, isMaximize 1
        Moves enabled: SIZE_CLOCK_POWER, 
DBG: ccdInfra::ccdInfra
Drc Mode Option: auto
Information: Legalizer's PDC rule check is NOT enabled
Information: Legalizer's advanced rule check is NOT enabled
CCD blasted path groups
DBG: ccdInfra::initAppOptions
DBG: ccdInfra::initCtsFixedBalancePins
CCD initialization runtime: cpu 0.013713, elapsed 0.013745, speed up 0.997672.

CCD-Info: App options set by user
   ccd.hold_control_effort = medium
   clock_opt.flow.optimize_ndr = true

CCD: Netlist change observers are disabled for incremental timing updates
Information: The netlist change observers are disabled for incremental timing updates. (TIM-119)
Information: The timing has been updated before disabling netlist and extraction change observers. (TIM-121)
CCD: using 1 threads
CTSSC route status detected: clock (VR 0, GR 0, DR 465), data (VR 0, GR 2951, DR 0); stage = auto, isPostRoute = FALSE
INFO: optApi switch to CTS purpose
enhanced site row merge :  1
Key: unit, value: 0x909c29d8
Number of Site types in the design = 1
Total power = 0.089707, Leakage = 0.031658, Internal = 0.049433, Switching = 0.008616
Information: 'default' is identified as primary corner for initial clock tree building. (CTS-103)
Info: message level of flow 0 unknown flow is set as 0/1 for verbose/tMessage

CCD: Initial QOR:
---------------------------------------------------------------------------------------------
 Design (setup) WNS = 3.044411, TNS = 0.000000, NVP = 0
 Design (hold) WNHS = 0.173799, TNHS = 0.000000, NHVP = 0

    Scenario default  WNS = 3.044411, TNS = 0.000000, NVP = 0
    Scenario default  WNHS = 0.173799, TNHS = 0.000000, NHVP = 0
---------------------------------------------------------------------------------------------
CCD-QoR: Timing: WNS = 3.044, TNS = 0.000, NVP = 0, UNWEIGHTED_TNS = 0.000, WNHS = 0.174, TNHS = 0.000, NHVP = 0, UNWEIGHTED_TNHS = 0.000, R2R(wns=5.062789, tns=0.000000, nvp=0)
 All scenarios used by CCD
    scenario 0: default , isDynamicPower, isLeakagePower, isMaxTran, isMaxCap
          mode: default, id = 0
          corner: default, id = 0
          isSetup: wns = 3.044411, unweighted tns = 0.000000
          isHold: wns = 0.173799, unweighted tns = 0.000000

Info: message level of flow 22 gccd2gre is set as 0/1 for verbose/tMessage
Enable clock slack update

    Optimization Summary 		

-------------------------------------------------

  # Seeds generated                              0
  # Valid linear regressions                     0
  # Seeds with valid budget                      0
  # Seeds with accepted implementation           0
  # NumCTCells changed                           0


  # Total CPU time                               00h:00m:00s
  # Total elapsed time                           00h:00m:00s
  # Flow total speed up                          0.997969
  # Init lazy tns CPU time                       00h:00m:00s
  # Init lazy tns elapsed time                   00h:00m:00s
  # Init lazy tns speed up                       0.998161
  # Seed generation CPU time                     00h:00m:00s
  # Seed generation elapsed time                 00h:00m:00s
  # Seed generation speed up                     0.997205

-------------------------------------------------

Info: message level of flow 22 gccd2gre is set back as 0/1 for verbose/tMessage

CCD: After FMAX optimization:gccd2gre_NONE_POWER0
---------------------------------------------------------------------------------------------
 Design (setup) WNS = 3.044411, TNS = 0.000000, NVP = 0
 Design (hold) WNHS = 0.173799, TNHS = 0.000000, NHVP = 0

    Scenario default  WNS = 3.044411, TNS = 0.000000, NVP = 0
    Scenario default  WNHS = 0.173799, TNHS = 0.000000, NHVP = 0
---------------------------------------------------------------------------------------------
CCD-QoR: Timing: WNS = 3.044, TNS = 0.000, NVP = 0, UNWEIGHTED_TNS = 0.000, WNHS = 0.174, TNHS = 0.000, NHVP = 0, UNWEIGHTED_TNHS = 0.000, R2R(wns=5.062789, tns=0.000000, nvp=0)
Info: message level of flow 22 gccd2gre is set as 0/1 for verbose/tMessage

    Optimization Summary 		

-------------------------------------------------

  # Seeds generated                              2
  # Valid linear regressions                     0
  # Seeds with valid budget                      0
  # Seeds with accepted implementation           0
  # NumCTCells changed                           0


  # Total CPU time                               00h:00m:00s
  # Total elapsed time                           00h:00m:00s
  # Flow total speed up                          0.997750
  # Init lazy tns CPU time                       00h:00m:00s
  # Init lazy tns elapsed time                   00h:00m:00s
  # Init lazy tns speed up                       0.998396
  # Seed generation CPU time                     00h:00m:00s
  # Seed generation elapsed time                 00h:00m:00s
  # Seed generation speed up                     0.996720
  # Linear regression CPU time                   00h:00m:00s
  # Linear regression elapsed time               00h:00m:00s
  # Linear regression speed up                   0.996964
  # LP solver CPU time                           00h:00m:00s
  # LP solver elapsed time                       00h:00m:00s
  # LP solver speed up                           1.000000
  # Breakdown of elapsed runtime for solver:     
     Lazy model initializations:                 0.00%
     Prepare moo/get initial QOR:                0.00%
     Commit/annotate budget:                     0.00%
     Solve runtime: 0.00%                        
     Other:                                      100.00%

-------------------------------------------------

Info: message level of flow 22 gccd2gre is set back as 0/1 for verbose/tMessage

CCD: After FMAX optimization:gccd2gre_NONE_POWER1
---------------------------------------------------------------------------------------------
 Design (setup) WNS = 3.044411, TNS = 0.000000, NVP = 0
 Design (hold) WNHS = 0.173799, TNHS = 0.000000, NHVP = 0

    Scenario default  WNS = 3.044411, TNS = 0.000000, NVP = 0
    Scenario default  WNHS = 0.173799, TNHS = 0.000000, NHVP = 0
---------------------------------------------------------------------------------------------
CCD-QoR: Timing: WNS = 3.044, TNS = 0.000, NVP = 0, UNWEIGHTED_TNS = 0.000, WNHS = 0.174, TNHS = 0.000, NHVP = 0, UNWEIGHTED_TNHS = 0.000, R2R(wns=5.062789, tns=0.000000, nvp=0)
Info: message level of flow 0 unknown flow is set back as 0/1 for verbose/tMessage
Information: The netlist change observers are enabled for incremental timing updates. (TIM-120)
Route Cleanup and Reuse: 0 shapes being reused for 0 clock nets
INFO: optApi switch to OPTO purpose
enhanced site row merge :  1
Key: unit, value: 0x93677d10
Number of Site types in the design = 1
 CCD flow runtime: cpu 0.169064, elapsed 0.169425, speed up 0.997869.
CCD unblasted path groups
Mark clock trees...
Marking clock synthesized attributes

Marking spacing rules

Clock cell spacing rule list:
   No clock cell spacing rule is found.

Summary of messages during CTS:
===============================================================
  Tag   Count  Type           Description
---------------------------------------------------------------
CTS-038    1  Warning  No clock routing rule is specified.
INFO: cellmap features:  adv-rules=(N), pdc=(N), clock-rules=(Y)

Enable clock slack update
INFO: cellmap features:  adv-rules=(Y), pdc=(Y), clock-rules=(Y)
Clock-opt optimization Phase 29 Iter  1         0.00        0.00      0.00         1       1796.04  31658378.00         558              0.01      1429
INFO: cellmap features:  adv-rules=(N), pdc=(N), clock-rules=(Y)

Clock-opt optimization Phase 30 Iter  1         0.00        0.00      0.00         1       1796.04  31658378.00         558              0.01      1429
ISR-INFO: dsizeFilter CandPruners: dSizeVTGroupCandPruner dSizeFootprintCandPruner dSizeKneeCandPruner 
ISR-INFO: dsizeFilter ResultPruners: tpo_cost_rp delay_scale_rp arn_tran_rp mog_mcmm_delay_rp 
Clock-opt optimization Phase 30 Iter  2         0.00        0.00      0.00         1       1796.04  31658378.00         558              0.01      1429
ISR-INFO: dsizeFilter CandPruners: dSizeVTGroupCandPruner dSizeFootprintCandPruner 
ISR-INFO: dsizeFilter ResultPruners: tpo_cost_rp delay_scale_rp arn_tran_rp mog_mcmm_delay_rp 

Clock-opt optimization Phase 31 Iter  1         0.00        0.00      0.00         1       1796.04  31658378.00         558              0.01      1429

Corner Scaling is off, multiplier is 1.000000
Corner Scaling is off, multiplier is 1.000000
Clock-opt optimization Phase 32 Iter  1         0.00        0.00      0.00         1       1796.04  31658378.00         558              0.01      1429

Clock-opt optimization Phase 33 Iter  1         0.00        0.00      0.00         1       1796.04  31658378.00         558              0.01      1429

Clock-opt optimization Phase 34 Iter  1         0.00        0.00      0.00         1       1796.04  31658378.00         558              0.01      1429

Clock-opt optimization Phase 35 Iter  1         0.00        0.00      0.00         1       1796.04  31658378.00         558              0.01      1429
Clock-opt optimization Phase 35 Iter  2         0.00        0.00      0.00         1       1796.04  31658378.00         558              0.01      1429


Clock-opt route preserve complete         CPU:    39 s (  0.01 hr )  ELAPSE:    44 s (  0.01 hr )  MEM-PEAK:  1429 MB

INFO: Sending timing info to router
Information: The netlist change observers are enabled for incremental extraction. (TIM-127)
nplDplc2Placer::setParam(effort,1)
nplDplc2Placer::setParam(debug,0)
nplDplc2Placer::setParam(site_check,2)
nplDplc2Placer::setParam(app_firm_wgt,0)
Warning: Routing direction of metal layer PO is neither "horizontal" nor "vertical".  PDC checks will not be performed on this layer. (PDC-003)
PDC app_options settings =========
	place.legalize.enable_prerouted_net_check: 1
	place.legalize.num_tracks_for_access_check: 1
	place.legalize.use_eol_spacing_for_access_check: 0
	place.legalize.allow_touch_track_for_access_check: 1
	place.legalize.reduce_conservatism_in_eol_check: 0
	place.legalize.preroute_shape_merge_distance: 0.0
	place.legalize.enable_non_preferred_direction_span_check: 0

Layer M1: cached 0 shapes out of 794 total shapes.
Layer M2: cached 0 shapes out of 1563 total shapes.
Cached 0 vias out of 3420 total vias.

Legalizing Top Level Design water_sched ... 
Information: Initializing classic cellmap without advanced rules enabled and without PDC enabled
Information: The following app options are used in cellmap
        place.legalize.enable_color_aware_placement : false
        place.legalize.use_nll_query_cm : false
        place.legalize.enable_advanced_legalizer : false
        place.legalize.enable_prerouted_net_check : true
        place.legalize.enable_advanced_prerouted_net_check : false
        place.legalize.always_continue : true
        place.legalize.limit_legality_checks : false
        place.common.pnet_aware_density : 1.0000
        place.common.pnet_aware_min_width : 0.0000
        place.common.pnet_aware_layers : {}
        place.common.use_placement_model : false
        place.common.enable_advanced_placement_model : true
        cts.placement.cell_spacing_rule_style : maximum
Total 0.0090 seconds to build cellmap data
Information: Creating classic rule checker.
Warning: Routing direction of metal layer PO is neither "horizontal" nor "vertical".  PDC checks will not be performed on this layer. (PDC-003)
=====> Processed 42 ref cells (8 fillers) from library

Bounds/Regions In This Design:
        Area    Num Cells  Exclusive Name
 (square um)
     3469.07          558        Yes DEFAULT_VA

Starting legalizer.
Warning: Exclusive bound 'DEFAULT' has no cells.
Optimizing Exclusive Bound 'DEFAULT_VA' (2/2)
    Done Exclusive Bound 'DEFAULT_VA' (2/2) (0 sec)
Legalization complete (0 total sec)

****************************************
  Report : Placement Attempts
  Site   : unit
****************************************

number of cells:                    558
number of references:                42
number of site rows:                 35
number of locations attempted:    11491
number of locations failed:           0  (0.0%)

Legality of references at locations:
0 references had failures.

Legality of references in rows:
0 references had row failures.

****************************************
  Report : Cell Displacements
****************************************

number of cells aggregated:         555 (7022 total sites)
avg row height over cells:        1.672 um
rms cell displacement:            0.000 um ( 0.00 row height)
rms weighted cell displacement:   0.000 um ( 0.00 row height)
max cell displacement:            0.000 um ( 0.00 row height)
avg cell displacement:            0.000 um ( 0.00 row height)
avg weighted cell displacement:   0.000 um ( 0.00 row height)
number of cells moved:                0
number of large displacements:        0
large displacement threshold:     3.000 row height

Displacements of worst 10 cells:
Cell: U641 (AND2X1_RVT)
  Input location: (44.672,36.768)
  Legal location: (44.672,36.768)
  Displacement:   0.000 um ( 0.00 row height)
Cell: U549 (AND2X1_RVT)
  Input location: (43.912,30.08)
  Legal location: (43.912,30.08)
  Displacement:   0.000 um ( 0.00 row height)
Cell: U503 (AND2X1_RVT)
  Input location: (51.664,28.408)
  Legal location: (51.664,28.408)
  Displacement:   0.000 um ( 0.00 row height)
Cell: U480 (AND2X1_RVT)
  Input location: (36.008,30.08)
  Legal location: (36.008,30.08)
  Displacement:   0.000 um ( 0.00 row height)
Cell: U332 (AND2X1_RVT)
  Input location: (46.496,15.032)
  Legal location: (46.496,15.032)
  Displacement:   0.000 um ( 0.00 row height)
Cell: U375 (AND2X1_RVT)
  Input location: (60.784,6.672)
  Legal location: (60.784,6.672)
  Displacement:   0.000 um ( 0.00 row height)
Cell: U374 (AND2X1_RVT)
  Input location: (54.552,6.672)
  Legal location: (54.552,6.672)
  Displacement:   0.000 um ( 0.00 row height)
Cell: U349 (AND2X1_RVT)
  Input location: (48.168,18.376)
  Legal location: (48.168,18.376)
  Displacement:   0.000 um ( 0.00 row height)
Cell: U348 (AND2X1_RVT)
  Input location: (46.648,18.376)
  Legal location: (46.648,18.376)
  Displacement:   0.000 um ( 0.00 row height)
Cell: U689 (AND2X1_RVT)
  Input location: (47.864,26.736)
  Legal location: (47.864,26.736)
  Displacement:   0.000 um ( 0.00 row height)

Legalization succeeded.
Total Legalizer CPU: 0.038
Total Legalizer Wall Time: 0.038
----------------------------------------------------------------

Clock-opt legalization complete           CPU:    40 s (  0.01 hr )  ELAPSE:    44 s (  0.01 hr )  MEM-PEAK:  1429 MB
rtapi Thread-server 0: shutdown 

No. startProblems      =    36 

No. doRoutes           =     0 
No. doUnroutes         =     0 
No. redoRoutes         =     0 
No. redoUnroutes       =     0 
No. undoRoutes         =     0 
No. undoUnroutes       =     0 
No. commitRoutes       =     0 
No. commitUnroutes     =     0 
No. uncommitRoutes     =     0 
No. uncommitUnroutes   =     0 
No. doRoute fails      =     0 
No. doUnroute fails    =     0 

No. viaLadderQueries   =     0 
No. doDelVias          =     0 
No. doAddVias          =     0 
No. redoDelVias        =     0 
No. redoAddVias        =     0 
No. undoDelVias        =     0 
No. undoAddVias        =     0 
No. commitChangeVias   =     0 
No. uncommitChangeVias =     0 
No. doDelVias fails    =     0 
No. doAddVias fails    =     0 

Updating congestion ...
Updating congestion ...
GR Routing Service: Wrote GR congmap to NDM 
Information: The netlist change observers are disabled for incremental extraction. (TIM-126)
Information: The netlist change observers are enabled for incremental extraction. (TIM-127)
INFO: Running refresh_via_ladders
INFO: wire-opt feature for router enabled
Information: Forcing rerun of global router after global_route_opt due to app option route.global.force_rerun_after_global_route_opt being set. (ZRT-608)
Warning: Please run the command "check_routability" before running Zroute commands. (ZRT-762)
INFO: wire-opt feature for router enabled
Information: The net parasitics of block water_sched are cleared. (TIM-123)
No cell change area manager for zroute
Start Global Route ... 
[Init] Elapsed real time: 0:00:00 
[Init] Elapsed cpu  time: sys=0:00:00 usr=0:00:00 total=0:00:00
[Init] Stage (MB): Used    0  Alloctr    0  Proc    0 
[Init] Total (MB): Used    0  Alloctr    0  Proc 5463 
Printing options for 'route.common.*'
common.verbose_level                                    :	 0                   

Printing options for 'route.global.*'
global.force_rerun_after_global_route_opt               :	 true                
global.timing_driven                                    :	 false               

Begin global routing.
Cell Min-Routing-Layer = M1
Cell Max-Routing-Layer = MRDL
Turn off antenna since no rule is specified
Information: Option route.detail.force_end_on_preferred_grid will be ignored since none of the layers have preferred grid. (ZRT-703)
Warning: Cannot find a default contact code for layer CO. (ZRT-022)
Warning: Port VDD of cell water_sched is unplaced.  This may impact routing result. (ZRT-740)
Warning: Port VSS of cell water_sched is unplaced.  This may impact routing result. (ZRT-740)
Warning: Ignore 2 top cell ports with no pins. (ZRT-027)
Info: number of net_type_blockage: 0 
Information: Via ladder engine would be activated for pattern must join connection in certain commands. Please refer to man-page for the command list. (ZRT-619)
Information: AutoNdr rule can't be found. Check the settings.
Information: When applicable Min-max layer allow_pin_connection mode will allow paths of length 3.55 outside the layer range. (ZRT-707)
Information: When applicable Min-max layer allow_pin_connection mode will allow paths of length 3.55 outside the layer range on clock nets. (ZRT-718)
Information: When applicable layer based tapering will taper up to 0.00 in distance from the pin. (ZRT-706)
Warning: Standard cell pin AOINVX4_RVT/VDDG has no valid via regions. (ZRT-044)
Warning: Standard cell pin AOINVX1_RVT/VDDG has no valid via regions. (ZRT-044)
Warning: Standard cell pin AOINVX2_RVT/VDDG has no valid via regions. (ZRT-044)
Warning: Standard cell pin AOBUFX2_RVT/VDDG has no valid via regions. (ZRT-044)
Warning: Standard cell pin AOBUFX4_RVT/VDDG has no valid via regions. (ZRT-044)
Warning: Standard cell pin AOBUFX1_RVT/VDDG has no valid via regions. (ZRT-044)
Current Stage stats:
[End of Read DB] Elapsed real time: 0:00:00 
[End of Read DB] Elapsed cpu  time: sys=0:00:00 usr=0:00:00 total=0:00:00
[End of Read DB] Stage (MB): Used    0  Alloctr    0  Proc    0 
[End of Read DB] Total (MB): Used    0  Alloctr    0  Proc 5463 
Loading parastics information to the router ...
parastics information loaded to the router.
[End of Loading Timing] Elapsed real time: 0:00:00 
[End of Loading Timing] Elapsed cpu  time: sys=0:00:00 usr=0:00:00 total=0:00:00
Constructing data structure ...
Design statistics:
Design Bounding Box (0.00um,0.00um,69.28um,68.52um)
Number of routing layers = 10
layer M1, dir Hor, min width = 0.05um, min space = 0.05um pitch = 0.152um
layer M2, dir Ver, min width = 0.056um, min space = 0.056um pitch = 0.152um
layer M3, dir Hor, min width = 0.056um, min space = 0.056um pitch = 0.304um
layer M4, dir Ver, min width = 0.056um, min space = 0.056um pitch = 0.304um
layer M5, dir Hor, min width = 0.056um, min space = 0.056um pitch = 0.608um
layer M6, dir Ver, min width = 0.056um, min space = 0.056um pitch = 0.608um
layer M7, dir Hor, min width = 0.056um, min space = 0.056um pitch = 1.216um
layer M8, dir Ver, min width = 0.056um, min space = 0.056um pitch = 1.216um
layer M9, dir Hor, min width = 0.16um, min space = 0.16um pitch = 2.432um
layer MRDL, dir Ver, min width = 2um, min space = 2um pitch = 4.864um
Current Stage stats:
[End of Build Tech Data] Elapsed real time: 0:00:00 
[End of Build Tech Data] Elapsed cpu  time: sys=0:00:00 usr=0:00:00 total=0:00:00
[End of Build Tech Data] Stage (MB): Used    0  Alloctr    0  Proc    0 
[End of Build Tech Data] Total (MB): Used    0  Alloctr    0  Proc 5463 
Warning: Power net VSS has no power preroutes, skip tie-off. (ZRT-101)
Net statistics:
Total number of nets     = 627
Number of nets to route  = 622
1 open nets
 of which 1 are without routing or PSV shapes
626 nets are fully connected,
 of which 5 are detail routed and 621 are global routed.
Current Stage stats:
[End of Build All Nets] Elapsed real time: 0:00:00 
[End of Build All Nets] Elapsed cpu  time: sys=0:00:00 usr=0:00:00 total=0:00:00
[End of Build All Nets] Stage (MB): Used    0  Alloctr    0  Proc    0 
[End of Build All Nets] Total (MB): Used    0  Alloctr    0  Proc 5463 
Net length statistics: 
Net Count(Ignore Fully Rted) 1, Total Half Perimeter Wire Length (HPWL) 138 microns
HPWL   0 ~   50 microns: Net Count        0	Total HPWL            0 microns
HPWL  50 ~  100 microns: Net Count        0	Total HPWL            0 microns
HPWL 100 ~  200 microns: Net Count        1	Total HPWL          138 microns
HPWL 200 ~  300 microns: Net Count        0	Total HPWL            0 microns
HPWL 300 ~  400 microns: Net Count        0	Total HPWL            0 microns
HPWL 400 ~  500 microns: Net Count        0	Total HPWL            0 microns
HPWL 500 ~  600 microns: Net Count        0	Total HPWL            0 microns
HPWL 600 ~  700 microns: Net Count        0	Total HPWL            0 microns
HPWL 700 ~  800 microns: Net Count        0	Total HPWL            0 microns
HPWL 800 ~  900 microns: Net Count        0	Total HPWL            0 microns
HPWL 900 ~ 1000 microns: Net Count        0	Total HPWL            0 microns
HPWL     > 1000 microns: Net Count        0	Total HPWL            0 microns
Number of partitions: 1 (1 x 1)
Size of partitions: 41 gCells x 41 gCells
Average gCell capacity  5.65	 on layer (1)	 M1
Average gCell capacity  11.02	 on layer (2)	 M2
Average gCell capacity  5.42	 on layer (3)	 M3
Average gCell capacity  5.51	 on layer (4)	 M4
Average gCell capacity  2.71	 on layer (5)	 M5
Average gCell capacity  2.76	 on layer (6)	 M6
Average gCell capacity  1.34	 on layer (7)	 M7
Average gCell capacity  1.37	 on layer (8)	 M8
Average gCell capacity  0.66	 on layer (9)	 M9
Average gCell capacity  0.32	 on layer (10)	 MRDL
Average number of tracks per gCell 11.02	 on layer (1)	 M1
Average number of tracks per gCell 11.12	 on layer (2)	 M2
Average number of tracks per gCell 5.54	 on layer (3)	 M3
Average number of tracks per gCell 5.59	 on layer (4)	 M4
Average number of tracks per gCell 2.80	 on layer (5)	 M5
Average number of tracks per gCell 2.83	 on layer (6)	 M6
Average number of tracks per gCell 1.44	 on layer (7)	 M7
Average number of tracks per gCell 1.44	 on layer (8)	 M8
Average number of tracks per gCell 0.73	 on layer (9)	 M9
Average number of tracks per gCell 0.37	 on layer (10)	 MRDL
Number of gCells = 16810
Current Stage stats:
[End of Build Congestion Map] Elapsed real time: 0:00:00 
[End of Build Congestion Map] Elapsed cpu  time: sys=0:00:00 usr=0:00:00 total=0:00:00
[End of Build Congestion Map] Stage (MB): Used    0  Alloctr    0  Proc    0 
[End of Build Congestion Map] Total (MB): Used    0  Alloctr    0  Proc 5463 
Current Stage stats:
[End of Add Nets Demand] Elapsed real time: 0:00:00 
[End of Add Nets Demand] Elapsed cpu  time: sys=0:00:00 usr=0:00:00 total=0:00:00
[End of Add Nets Demand] Stage (MB): Used    0  Alloctr    0  Proc    0 
[End of Add Nets Demand] Total (MB): Used    0  Alloctr    0  Proc 5463 
Number of user frozen nets = 0
Information: RC layer preference is turned on for this design. (ZRT-613)
Total stats:
[End of Build Data] Elapsed real time: 0:00:00 
[End of Build Data] Elapsed cpu  time: sys=0:00:00 usr=0:00:00 total=0:00:00
[End of Build Data] Stage (MB): Used    0  Alloctr    0  Proc    0 
[End of Build Data] Total (MB): Used    0  Alloctr    0  Proc 5463 
Number of partitions: 1 (1 x 1)
Size of partitions: 41 gCells x 41 gCells
Current Stage stats:
[End of Blocked Pin Detection] Elapsed real time: 0:00:00 
[End of Blocked Pin Detection] Elapsed cpu  time: sys=0:00:00 usr=0:00:00 total=0:00:00
[End of Blocked Pin Detection] Stage (MB): Used    0  Alloctr    0  Proc    0 
[End of Blocked Pin Detection] Total (MB): Used    0  Alloctr    0  Proc 5463 
Information: Using 1 threads for routing. (ZRT-444)
Information: Multiple gcell levels ON
Information: Buffer distance is estimated to be ~862.0000um (515 gCells)

Start GR phase 0
Number of partitions: 1 (1 x 1)
Size of partitions: 41 gCells x 41 gCells
[rtAllBotParts] Elapsed real time: 0:00:00 
[rtAllBotParts] Elapsed cpu  time: sys=0:00:00 usr=0:00:00 total=0:00:00
[rtTop] Elapsed real time: 0:00:00 
[rtTop] Elapsed cpu  time: sys=0:00:00 usr=0:00:00 total=0:00:00
[updNetsDmd] Elapsed real time: 0:00:00 
[updNetsDmd] Elapsed cpu  time: sys=0:00:00 usr=0:00:00 total=0:00:00
Current Stage stats:
[End of Initial Routing] Elapsed real time: 0:00:00 
[End of Initial Routing] Elapsed cpu  time: sys=0:00:00 usr=0:00:00 total=0:00:00
[End of Initial Routing] Stage (MB): Used    0  Alloctr    0  Proc    0 
[End of Initial Routing] Total (MB): Used    0  Alloctr    0  Proc 5463 
Initial. Routing result:
Initial. Both Dirs: Dmd-Cap  =     0 Max = 0 GRCs =     0 (0.00%)
Initial. H routing: Dmd-Cap  =     0 Max = 0 (GRCs =  0) GRCs =     0 (0.00%)
Initial. V routing: Dmd-Cap  =     0 Max = 0 (GRCs =  0) GRCs =     0 (0.00%)
Initial. Both Dirs: Overflow =     6 Max = 1 GRCs =    12 (0.36%)
Initial. H routing: Overflow =     6 Max = 1 (GRCs = 12) GRCs =    12 (0.71%)
Initial. V routing: Overflow =     0 Max = 0 (GRCs =  0) GRCs =     0 (0.00%)
Initial. M1         Overflow =     6 Max = 1 (GRCs = 12) GRCs =    12 (0.71%)
Initial. M2         Overflow =     0 Max = 0 (GRCs =  0) GRCs =     0 (0.00%)
Initial. M3         Overflow =     0 Max = 0 (GRCs =  0) GRCs =     0 (0.00%)
Initial. M4         Overflow =     0 Max = 0 (GRCs =  0) GRCs =     0 (0.00%)
Initial. M5         Overflow =     0 Max = 0 (GRCs =  0) GRCs =     0 (0.00%)
Initial. M6         Overflow =     0 Max = 0 (GRCs =  0) GRCs =     0 (0.00%)
Initial. M7         Overflow =     0 Max = 0 (GRCs =  0) GRCs =     0 (0.00%)
Initial. M8         Overflow =     0 Max = 0 (GRCs =  0) GRCs =     0 (0.00%)
Initial. M9         Overflow =     0 Max = 0 (GRCs =  0) GRCs =     0 (0.00%)
Initial. MRDL       Overflow =     0 Max = 0 (GRCs =  0) GRCs =     0 (0.00%)

Initial. Total Wire Length = 6914.86
Initial. Layer M1 wire length = 182.20
Initial. Layer M2 wire length = 3477.58
Initial. Layer M3 wire length = 3229.64
Initial. Layer M4 wire length = 5.77
Initial. Layer M5 wire length = 19.67
Initial. Layer M6 wire length = 0.00
Initial. Layer M7 wire length = 0.00
Initial. Layer M8 wire length = 0.00
Initial. Layer M9 wire length = 0.00
Initial. Layer MRDL wire length = 0.00
Initial. Total Number of Contacts = 3088
Initial. Via VIA12SQ_C count = 1769
Initial. Via VIA23SQ_C count = 1309
Initial. Via VIA34SQ_C count = 6
Initial. Via VIA45SQ_C count = 4
Initial. Via VIA56SQ_C count = 0
Initial. Via VIA67SQ_C count = 0
Initial. Via VIA78SQ_C count = 0
Initial. Via VIA89_C count = 0
Initial. Via VIA9RDL count = 0
Initial. completed.

Start GR phase 1
Sat Sep 26 04:29:47 2026
Number of partitions: 1 (1 x 1)
Size of partitions: 41 gCells x 41 gCells
[rtAllParts] Elapsed real time: 0:00:00 
[rtAllParts] Elapsed cpu  time: sys=0:00:00 usr=0:00:00 total=0:00:00
[updNetsDmd] Elapsed real time: 0:00:00 
[updNetsDmd] Elapsed cpu  time: sys=0:00:00 usr=0:00:00 total=0:00:00
Current Stage stats:
[End of Phase1 Routing] Elapsed real time: 0:00:00 
[End of Phase1 Routing] Elapsed cpu  time: sys=0:00:00 usr=0:00:00 total=0:00:00
[End of Phase1 Routing] Stage (MB): Used    0  Alloctr    0  Proc    0 
[End of Phase1 Routing] Total (MB): Used    0  Alloctr    0  Proc 5463 
phase1. Routing result:
phase1. Both Dirs: Dmd-Cap  =     0 Max = 0 GRCs =     0 (0.00%)
phase1. H routing: Dmd-Cap  =     0 Max = 0 (GRCs =  0) GRCs =     0 (0.00%)
phase1. V routing: Dmd-Cap  =     0 Max = 0 (GRCs =  0) GRCs =     0 (0.00%)
phase1. Both Dirs: Overflow =     6 Max = 1 GRCs =    12 (0.36%)
phase1. H routing: Overflow =     6 Max = 1 (GRCs = 12) GRCs =    12 (0.71%)
phase1. V routing: Overflow =     0 Max = 0 (GRCs =  0) GRCs =     0 (0.00%)
phase1. M1         Overflow =     6 Max = 1 (GRCs = 12) GRCs =    12 (0.71%)
phase1. M2         Overflow =     0 Max = 0 (GRCs =  0) GRCs =     0 (0.00%)
phase1. M3         Overflow =     0 Max = 0 (GRCs =  0) GRCs =     0 (0.00%)
phase1. M4         Overflow =     0 Max = 0 (GRCs =  0) GRCs =     0 (0.00%)
phase1. M5         Overflow =     0 Max = 0 (GRCs =  0) GRCs =     0 (0.00%)
phase1. M6         Overflow =     0 Max = 0 (GRCs =  0) GRCs =     0 (0.00%)
phase1. M7         Overflow =     0 Max = 0 (GRCs =  0) GRCs =     0 (0.00%)
phase1. M8         Overflow =     0 Max = 0 (GRCs =  0) GRCs =     0 (0.00%)
phase1. M9         Overflow =     0 Max = 0 (GRCs =  0) GRCs =     0 (0.00%)
phase1. MRDL       Overflow =     0 Max = 0 (GRCs =  0) GRCs =     0 (0.00%)

phase1. Total Wire Length = 6914.86
phase1. Layer M1 wire length = 182.20
phase1. Layer M2 wire length = 3477.58
phase1. Layer M3 wire length = 3229.64
phase1. Layer M4 wire length = 5.77
phase1. Layer M5 wire length = 19.67
phase1. Layer M6 wire length = 0.00
phase1. Layer M7 wire length = 0.00
phase1. Layer M8 wire length = 0.00
phase1. Layer M9 wire length = 0.00
phase1. Layer MRDL wire length = 0.00
phase1. Total Number of Contacts = 3088
phase1. Via VIA12SQ_C count = 1769
phase1. Via VIA23SQ_C count = 1309
phase1. Via VIA34SQ_C count = 6
phase1. Via VIA45SQ_C count = 4
phase1. Via VIA56SQ_C count = 0
phase1. Via VIA67SQ_C count = 0
phase1. Via VIA78SQ_C count = 0
phase1. Via VIA89_C count = 0
phase1. Via VIA9RDL count = 0
phase1. completed.

Start GR phase 2
Sat Sep 26 04:29:47 2026
Number of partitions: 1 (1 x 1)
Size of partitions: 41 gCells x 41 gCells
[rtAllParts] Elapsed real time: 0:00:00 
[rtAllParts] Elapsed cpu  time: sys=0:00:00 usr=0:00:00 total=0:00:00
[updNetsDmd] Elapsed real time: 0:00:00 
[updNetsDmd] Elapsed cpu  time: sys=0:00:00 usr=0:00:00 total=0:00:00
Current Stage stats:
[End of Phase2 Routing] Elapsed real time: 0:00:00 
[End of Phase2 Routing] Elapsed cpu  time: sys=0:00:00 usr=0:00:00 total=0:00:00
[End of Phase2 Routing] Stage (MB): Used    0  Alloctr    0  Proc    0 
[End of Phase2 Routing] Total (MB): Used    0  Alloctr    0  Proc 5463 
phase2. Routing result:
phase2. Both Dirs: Dmd-Cap  =     0 Max = 0 GRCs =     0 (0.00%)
phase2. H routing: Dmd-Cap  =     0 Max = 0 (GRCs =  0) GRCs =     0 (0.00%)
phase2. V routing: Dmd-Cap  =     0 Max = 0 (GRCs =  0) GRCs =     0 (0.00%)
phase2. Both Dirs: Overflow =     6 Max = 1 GRCs =    12 (0.36%)
phase2. H routing: Overflow =     6 Max = 1 (GRCs = 12) GRCs =    12 (0.71%)
phase2. V routing: Overflow =     0 Max = 0 (GRCs =  0) GRCs =     0 (0.00%)
phase2. M1         Overflow =     6 Max = 1 (GRCs = 12) GRCs =    12 (0.71%)
phase2. M2         Overflow =     0 Max = 0 (GRCs =  0) GRCs =     0 (0.00%)
phase2. M3         Overflow =     0 Max = 0 (GRCs =  0) GRCs =     0 (0.00%)
phase2. M4         Overflow =     0 Max = 0 (GRCs =  0) GRCs =     0 (0.00%)
phase2. M5         Overflow =     0 Max = 0 (GRCs =  0) GRCs =     0 (0.00%)
phase2. M6         Overflow =     0 Max = 0 (GRCs =  0) GRCs =     0 (0.00%)
phase2. M7         Overflow =     0 Max = 0 (GRCs =  0) GRCs =     0 (0.00%)
phase2. M8         Overflow =     0 Max = 0 (GRCs =  0) GRCs =     0 (0.00%)
phase2. M9         Overflow =     0 Max = 0 (GRCs =  0) GRCs =     0 (0.00%)
phase2. MRDL       Overflow =     0 Max = 0 (GRCs =  0) GRCs =     0 (0.00%)

phase2. Total Wire Length = 6914.86
phase2. Layer M1 wire length = 182.20
phase2. Layer M2 wire length = 3477.58
phase2. Layer M3 wire length = 3229.64
phase2. Layer M4 wire length = 5.77
phase2. Layer M5 wire length = 19.67
phase2. Layer M6 wire length = 0.00
phase2. Layer M7 wire length = 0.00
phase2. Layer M8 wire length = 0.00
phase2. Layer M9 wire length = 0.00
phase2. Layer MRDL wire length = 0.00
phase2. Total Number of Contacts = 3088
phase2. Via VIA12SQ_C count = 1769
phase2. Via VIA23SQ_C count = 1309
phase2. Via VIA34SQ_C count = 6
phase2. Via VIA45SQ_C count = 4
phase2. Via VIA56SQ_C count = 0
phase2. Via VIA67SQ_C count = 0
phase2. Via VIA78SQ_C count = 0
phase2. Via VIA89_C count = 0
phase2. Via VIA9RDL count = 0
phase2. completed.

Start GR phase 3
Sat Sep 26 04:29:47 2026
Number of partitions: 1 (1 x 1)
Size of partitions: 41 gCells x 41 gCells
[rtAllParts] Elapsed real time: 0:00:00 
[rtAllParts] Elapsed cpu  time: sys=0:00:00 usr=0:00:00 total=0:00:00
[updNetsDmd] Elapsed real time: 0:00:00 
[updNetsDmd] Elapsed cpu  time: sys=0:00:00 usr=0:00:00 total=0:00:00
Current Stage stats:
[End of Phase3 Routing] Elapsed real time: 0:00:00 
[End of Phase3 Routing] Elapsed cpu  time: sys=0:00:00 usr=0:00:00 total=0:00:00
[End of Phase3 Routing] Stage (MB): Used    0  Alloctr    0  Proc    0 
[End of Phase3 Routing] Total (MB): Used    0  Alloctr    0  Proc 5463 
phase3. Routing result:
phase3. Both Dirs: Dmd-Cap  =     0 Max = 0 GRCs =     0 (0.00%)
phase3. H routing: Dmd-Cap  =     0 Max = 0 (GRCs =  0) GRCs =     0 (0.00%)
phase3. V routing: Dmd-Cap  =     0 Max = 0 (GRCs =  0) GRCs =     0 (0.00%)
phase3. Both Dirs: Overflow =     6 Max = 1 GRCs =    12 (0.36%)
phase3. H routing: Overflow =     6 Max = 1 (GRCs = 12) GRCs =    12 (0.71%)
phase3. V routing: Overflow =     0 Max = 0 (GRCs =  0) GRCs =     0 (0.00%)
phase3. M1         Overflow =     6 Max = 1 (GRCs = 12) GRCs =    12 (0.71%)
phase3. M2         Overflow =     0 Max = 0 (GRCs =  0) GRCs =     0 (0.00%)
phase3. M3         Overflow =     0 Max = 0 (GRCs =  0) GRCs =     0 (0.00%)
phase3. M4         Overflow =     0 Max = 0 (GRCs =  0) GRCs =     0 (0.00%)
phase3. M5         Overflow =     0 Max = 0 (GRCs =  0) GRCs =     0 (0.00%)
phase3. M6         Overflow =     0 Max = 0 (GRCs =  0) GRCs =     0 (0.00%)
phase3. M7         Overflow =     0 Max = 0 (GRCs =  0) GRCs =     0 (0.00%)
phase3. M8         Overflow =     0 Max = 0 (GRCs =  0) GRCs =     0 (0.00%)
phase3. M9         Overflow =     0 Max = 0 (GRCs =  0) GRCs =     0 (0.00%)
phase3. MRDL       Overflow =     0 Max = 0 (GRCs =  0) GRCs =     0 (0.00%)

phase3. Total Wire Length = 6914.86
phase3. Layer M1 wire length = 182.20
phase3. Layer M2 wire length = 3477.58
phase3. Layer M3 wire length = 3229.64
phase3. Layer M4 wire length = 5.77
phase3. Layer M5 wire length = 19.67
phase3. Layer M6 wire length = 0.00
phase3. Layer M7 wire length = 0.00
phase3. Layer M8 wire length = 0.00
phase3. Layer M9 wire length = 0.00
phase3. Layer MRDL wire length = 0.00
phase3. Total Number of Contacts = 3088
phase3. Via VIA12SQ_C count = 1769
phase3. Via VIA23SQ_C count = 1309
phase3. Via VIA34SQ_C count = 6
phase3. Via VIA45SQ_C count = 4
phase3. Via VIA56SQ_C count = 0
phase3. Via VIA67SQ_C count = 0
phase3. Via VIA78SQ_C count = 0
phase3. Via VIA89_C count = 0
phase3. Via VIA9RDL count = 0
phase3. completed.
Warning: Net VSS has unused floating user-enter shapes. (ZRT-113)
[End of Whole Chip Routing] Elapsed real time: 0:00:00 
[End of Whole Chip Routing] Elapsed cpu  time: sys=0:00:00 usr=0:00:00 total=0:00:00
[End of Whole Chip Routing] Stage (MB): Used    0  Alloctr    0  Proc    0 
[End of Whole Chip Routing] Total (MB): Used    0  Alloctr    0  Proc 5463 

Congestion utilization per direction:
Average vertical track utilization   = 10.20 %
Peak    vertical track utilization   = 42.86 %
Average horizontal track utilization = 10.52 %
Peak    horizontal track utilization = 58.33 %

[End of Global Routing] Elapsed real time: 0:00:00 
[End of Global Routing] Elapsed cpu  time: sys=0:00:00 usr=0:00:00 total=0:00:00
[End of Global Routing] Stage (MB): Used    0  Alloctr    0  Proc    0 
[End of Global Routing] Total (MB): Used    0  Alloctr    0  Proc 5463 
Updating the database ...
Updating congestion ...
Information: Extraction observers are detached as design net change threshold is reached.
[End of dbOut] Elapsed real time: 0:00:00 
[End of dbOut] Elapsed cpu  time: sys=0:00:00 usr=0:00:00 total=0:00:00
[End of dbOut] Stage (MB): Used    0  Alloctr    0  Proc    0 
[End of dbOut] Total (MB): Used    0  Alloctr    0  Proc 5463 

Clock-opt Incremental Global-routing complete  CPU:    40 s (  0.01 hr )  ELAPSE:    44 s (  0.01 hr )  MEM-PEAK:  1429 MB
Information: The stitching and editing of coupling caps is turned OFF for design 'water_sched_lib:water_sched.design'. (TIM-125)
Information: Design water_sched has 627 nets, 621 global routed, 4 detail routed. (NEX-024)
Information: build GR coup map successfully (NEX-012)
Information: The RC mode used is GR for design 'water_sched'. (NEX-022)
Information: Update timing completed net estimation for all the timing graph nets (TIM-111)
Information: Net estimation statistics: timing graph nets = 625, routed nets = 625, across physical hierarchy nets = 0, parasitics cached nets = 625, delay annotated nets = 0, parasitics annotated nets = 0, multi-voltage nets = 0. (TIM-112)
Information: The netlist change observers are disabled for incremental extraction. (TIM-126)

INFO: place.legalize.enable_advanced_legalizer not set - need to revert CLO
INFO: First Clock-opt did not mark run with CLO enabled/disabled property
INFO: Concurrent Legalization and Optimization (CLO) Reverted
Information: Initializing classic cellmap without advanced rules enabled and without PDC enabled
Information: The following app options are used in cellmap
        place.legalize.enable_color_aware_placement : false
        place.legalize.use_nll_query_cm : false
        place.legalize.enable_advanced_legalizer : false
        place.legalize.enable_prerouted_net_check : true
        place.legalize.enable_advanced_prerouted_net_check : false
        place.legalize.always_continue : true
        place.legalize.limit_legality_checks : false
        place.common.pnet_aware_density : 1.0000
        place.common.pnet_aware_min_width : 0.0000
        place.common.pnet_aware_layers : {}
        place.common.use_placement_model : false
        place.common.enable_advanced_placement_model : true
        cts.placement.cell_spacing_rule_style : maximum
Total 0.0085 seconds to build cellmap data
INFO: creating 14(r) x 14(c) GridCells YDim 5.016 XDim 5.016
INFO: number of GridCells (water_sched): 196
INFO: creating 14(r) x 14(c) GridCells YDim 5.016 XDim 5.016
INFO: number of GridCells (water_sched): 196
Total 0.0037 seconds to load 558 cell instances into cellmap
Moveable cells: 555; Application fixed cells: 3; Macro cells: 0; User fixed cells: 0
0 out of 621 data nets is detail routed, 4 out of 4 clock nets are detail routed and total 625 nets have been analyzed
Only clock route nets/shapes. Estimated current stage is after clock detail route stage
Average cell width 1.9251, cell height 1.6720, cell area 3.2187 for total 558 placed and application fixed cells
runtime_assert false
enhanced site row merge :  1
Key: unit, value: 0x8eb59ab8
Number of Site types in the design = 1
Setting up Chip Core
Chip Core shape: (50000 50000) (642800 635200)
Preroute opto area query mode: NDM
Using CLEO = true
Summary: is MV Ready (has MV info... UPF or derived)
Summary: design is not hierarchical
Voltage Area: id=0, index=0, name=DEFAULT_VA, is default, domain=DEFAULT_POWER_DOMAIN, scopeHier=, psn=VDD;
Number of VARs = 1
Number of unique PDs = 1
Number of Power Domains = 1
Number of Voltage Areas = 1
Number of supply Nets = 2
Number of used supplies = 0
Setup Voltages:
  Supply Net = VDD, voltages =  0.7500
  Supply Net = VSS, voltages = 
Hold Voltages:
  Supply Net = VDD, voltages =  0.7500
  Supply Net = VSS, voltages = 
Unique Voltages in Design:  0.7500
Default Voltage Area = DEFAULT_VA
Blocked VAs: 
INFO: wire-opt feature for router enabled
Cell Min-Routing-Layer = M1
Cell Max-Routing-Layer = MRDL
Turn off antenna since no rule is specified
Information: Option route.detail.force_end_on_preferred_grid will be ignored since none of the layers have preferred grid. (ZRT-703)
Warning: Cannot find a default contact code for layer CO. (ZRT-022)
Warning: Port VDD of cell water_sched is unplaced.  This may impact routing result. (ZRT-740)
Warning: Port VSS of cell water_sched is unplaced.  This may impact routing result. (ZRT-740)
Warning: Ignore 2 top cell ports with no pins. (ZRT-027)
Info: number of net_type_blockage: 0 
Information: Via ladder engine would be activated for pattern must join connection in certain commands. Please refer to man-page for the command list. (ZRT-619)
Information: AutoNdr rule can't be found. Check the settings.
Information: When applicable Min-max layer allow_pin_connection mode will allow paths of length 3.55 outside the layer range. (ZRT-707)
Information: When applicable Min-max layer allow_pin_connection mode will allow paths of length 3.55 outside the layer range on clock nets. (ZRT-718)
Information: When applicable layer based tapering will taper up to 0.00 in distance from the pin. (ZRT-706)
Warning: Standard cell pin AOINVX4_RVT/VDDG has no valid via regions. (ZRT-044)
Warning: Standard cell pin AOINVX1_RVT/VDDG has no valid via regions. (ZRT-044)
Warning: Standard cell pin AOINVX2_RVT/VDDG has no valid via regions. (ZRT-044)
Warning: Standard cell pin AOBUFX2_RVT/VDDG has no valid via regions. (ZRT-044)
Warning: Standard cell pin AOBUFX4_RVT/VDDG has no valid via regions. (ZRT-044)
Warning: Standard cell pin AOBUFX1_RVT/VDDG has no valid via regions. (ZRT-044)
GR Routing Service: Started IMRD 
GR Routing Service: ndmAttrDef 'usr_tmng_crit' created with default value 0 
GR Routing Service: ndmAttrDef 'rted_by_minDly' created with default value 0 
GR Routing Service: ndmAttrDef 'port_subnet_crit_blkConn' created with default value 0 
GR Routing Service: ndmAttrDef 'port_subnet_crit_blkPort' created with default value 0 
Loading timing information to the router ...
Design  Scenario default (Mode default Corner default)
Timing information loaded to the router.
Information: Design Average RC for design water_sched  (NEX-011)
Information: r = 1.788258 ohm/um, via_r = 0.463390 ohm/cut, c = 0.069133 ff/um, cc = 0.000000 ff/um (X dir) (NEX-017)
Information: r = 1.672017 ohm/um, via_r = 0.578659 ohm/cut, c = 0.079034 ff/um, cc = 0.000000 ff/um (Y dir) (NEX-017)
GR Routing Service: Setting costIdx to 3 
GR Routing Service: rebuildCongmap: itr = 3 
Warning: Power net VSS has no power preroutes, skip tie-off. (ZRT-101)
Number of partitions: 1 (1 x 1)
Size of partitions: 41 gCells x 41 gCells
Average gCell capacity  5.65	 on layer (1)	 M1
Average gCell capacity  11.02	 on layer (2)	 M2
Average gCell capacity  5.42	 on layer (3)	 M3
Average gCell capacity  5.51	 on layer (4)	 M4
Average gCell capacity  2.71	 on layer (5)	 M5
Average gCell capacity  2.76	 on layer (6)	 M6
Average gCell capacity  1.34	 on layer (7)	 M7
Average gCell capacity  1.37	 on layer (8)	 M8
Average gCell capacity  0.66	 on layer (9)	 M9
Average gCell capacity  0.32	 on layer (10)	 MRDL
Average number of tracks per gCell 11.02	 on layer (1)	 M1
Average number of tracks per gCell 11.12	 on layer (2)	 M2
Average number of tracks per gCell 5.54	 on layer (3)	 M3
Average number of tracks per gCell 5.59	 on layer (4)	 M4
Average number of tracks per gCell 2.80	 on layer (5)	 M5
Average number of tracks per gCell 2.83	 on layer (6)	 M6
Average number of tracks per gCell 1.44	 on layer (7)	 M7
Average number of tracks per gCell 1.44	 on layer (8)	 M8
Average number of tracks per gCell 0.73	 on layer (9)	 M9
Average number of tracks per gCell 0.37	 on layer (10)	 MRDL
Number of gCells = 16810
[updNetsDmd] Elapsed real time: 0:00:00 
[updNetsDmd] Elapsed cpu  time: sys=0:00:00 usr=0:00:00 total=0:00:00
Created 1 thread routing service with costIdx = 3. (tbbMode 0)
GR Routing Service: Setting costIdx to 3 
rtapi Thread-server 0: startup 
Warning: Power net VSS has no power preroutes, skip tie-off. (ZRT-101)
Corner Scaling is off, multiplier is 1.000000
GR Routing Service: loadPermBufBlockages 

Clock-opt optimization Phase 39 Iter  1         0.00        0.00      0.00         2       1796.04  31658378.00         558              0.01      1429
Clock-opt optimization Phase 39 Iter  2         0.00        0.00      0.00         1       1796.04  31658378.00         558              0.01      1429
Clock-opt optimization Phase 39 Iter  3         0.00        0.00      0.00         1       1796.04  31658378.00         558              0.01      1429
Clock-opt optimization summary            SETUP-COST    R2R-COST HOLD-COST LDRC-COST          AREA     LEAKAGE     INSTCNT            ELAPSE       MEM
Clock-opt optimization Phase 39 Iter  4         0.00        0.00      0.00         1       1796.04  31658378.00         558              0.01      1429
Clock-opt optimization Phase 39 Iter  5         0.00        0.00      0.00         1       1796.04  31658378.00         558              0.01      1429
Clock-opt optimization Phase 39 Iter  6         0.00        0.00      0.00         1       1796.04  31658378.00         558              0.01      1429

Clock-opt optimization Phase 40 Iter  1         0.00        0.00      0.00         1       1796.04  31658378.00         558              0.01      1429
Clock-opt optimization Phase 40 Iter  2         0.00        0.00      0.00         1       1796.04  31658378.00         558              0.01      1429
Clock-opt optimization Phase 40 Iter  3         0.00        0.00      0.00         1       1796.04  31658378.00         558              0.01      1429
Clock-opt optimization Phase 40 Iter  4         0.00        0.00      0.00         1       1796.04  31658378.00         558              0.01      1429
Clock-opt optimization Phase 40 Iter  5         0.00        0.00      0.00         1       1796.04  31658378.00         558              0.01      1429
Clock-opt optimization Phase 40 Iter  6         0.00        0.00      0.00         1       1796.04  31658378.00         558              0.01      1429
Clock-opt optimization Phase 40 Iter  7         0.00        0.00      0.00         1       1796.04  31658378.00         558              0.01      1429
Clock-opt optimization Phase 40 Iter  8         0.00        0.00      0.00         1       1796.04  31658378.00         558              0.01      1429
Clock-opt optimization Phase 40 Iter  9         0.00        0.00      0.00         1       1796.04  31658378.00         558              0.01      1429
Clock-opt optimization Phase 40 Iter 10         0.00        0.00      0.00         1       1796.04  31658378.00         558              0.01      1429
Clock-opt optimization Phase 40 Iter 11         0.00        0.00      0.00         1       1796.04  31658378.00         558              0.01      1429
Clock-opt optimization Phase 40 Iter 12         0.00        0.00      0.00         1       1796.04  31658378.00         558              0.01      1429

Corner Scaling is off, multiplier is 1.000000
Clock-opt optimization Phase 41 Iter  1         0.00        0.00      0.00         1       1796.04  31658378.00         558              0.01      1429
Clock-opt optimization Phase 41 Iter  2         0.00        0.00      0.00         1       1796.04  31658378.00         558              0.01      1429
Clock-opt optimization Phase 41 Iter  3         0.00        0.00      0.00         0       1796.54  31711418.00         558              0.01      1429
Corner Scaling is off, multiplier is 1.000000
Clock-opt optimization Phase 41 Iter  4         0.00        0.00      0.00         0       1796.54  31711418.00         558              0.01      1429
Corner Scaling is off, multiplier is 1.000000
Clock-opt optimization Phase 41 Iter  5         0.00        0.00      0.00         0       1796.54  31711418.00         558              0.01      1429
Clock-opt optimization Phase 41 Iter  6         0.00        0.00      0.00         0       1796.54  31711418.00         558              0.01      1429

Clock-opt optimization Phase 42 Iter  1         0.00        0.00      0.00         0       1796.54  31711418.00         558              0.01      1429
Corner Scaling is off, multiplier is 1.000000
Clock-opt optimization Phase 42 Iter  2         0.00        0.00      0.00         0       1796.54  31711418.00         558              0.01      1429
Clock-opt optimization Phase 42 Iter  3         0.00        0.00      0.00         0       1796.54  31711418.00         558              0.01      1429
GR Routing Service: Setting costIdx to 3 

Clock-opt optimization Phase 43 Iter  1         0.00        0.00      0.00         0       1796.54  31711418.00         558              0.01      1429
Clock-opt optimization Phase 43 Iter  2         0.00        0.00      0.00         0       1796.54  31711418.00         558              0.01      1429

Clock-opt optimization Phase 44 Iter  1         0.00        0.00      0.00         0       1796.54  31711418.00         558              0.01      1429


Clock-opt route preserve complete         CPU:    41 s (  0.01 hr )  ELAPSE:    45 s (  0.01 hr )  MEM-PEAK:  1429 MB


Information: Runtime Summary (clock_opt / final_opto)  (FLW-9000)
----------------------------------------------------------------------------
    Elapse (Hrs)   Elapse (%)       CPU/Elapse       Category
----------------------------------------------------------------------------
      0.00           19.0%             1.0           Init 
      0.00           16.2%             1.0           Power/Area Opt 
      0.00           14.8%             1.0           LDRC 
      0.00           11.8%             1.0           Setup Opt 
      0.00            9.4%             1.0           Global Route 
      0.00            8.6%             1.0           ECO Route 
      0.00            6.4%             1.0           Logic Restructure 
      0.00            4.3%             1.0           Placement 
      0.00            4.2%             1.0           CCD 
      0.00            3.0%             1.0           Other 
      0.00            0.8%             1.0           Full Timing Update 
      0.00            0.7%             1.0           Power CCD 
      0.00            0.4%             1.0           Hold Opt 
      0.00            0.4%             1.0           DFT Opt 
      0.00            0.1%             1.0           Legalize 
      0.00            0.0%             1.0           DRC CCD 
      0.00            0.0%             1.0           TNS CCD 
----------------------------------------------------------------------------
      0.00          100.0%             1.0           Total 
----------------------------------------------------------------------------

Host Options:
-------------
Max cores: 1

Machine Spec:
-------------
12th Gen Intel(R) Core(TM) i5-12400 / 12 CPUs  
Sockets: 1, Cores: 6, HT/SMT, not-VM
----------------------------------------------------------------------------

Information: Ending   clock_opt / final_opto (FLW-8001)
Information: Time: 2026-09-26 04:29:48 / Session:  00:00:45 / Command:  00:00:15 / CPU:  00:00:15 / Memory: 1429 MB (FLW-8100)

Information: >>>>>>> 11 unique error and warning message tags while observing clock_opt / final_opto: (MSG-3100)
Information: #prnt #trgr #lmt    Tag  Level     Format (or last printed message)                                (MSG-3036)
Information:    18     4  0 FLW-2892  WARNING   Warning: Restoring scoped app option 'opt.internal.levfilter... (MSG-3032)
Information:     2     2  0 ZRT-762   WARNING   Warning: Please run the command "check_routability" before r... (MSG-3032)
Information:    60    30  0 ZRT-044   WARNING   Warning: Standard cell pin AOBUFX1_RVT/VDDG has no valid via... (MSG-3032)
Information:    13     5  0 ZRT-022   WARNING   Warning: Cannot find a default contact code for layer CO. (Z... (MSG-3032)
Information:    22    10  0 ZRT-740   WARNING   Warning: Port VSS of cell water_sched is unplaced.  This may... (MSG-3032)
Information:    15     7  0 ZRT-101   WARNING   Warning: Power net VSS has no power preroutes, skip tie-off.... (MSG-3032)
Information:     3     1  0 OPT-200   WARNING   Warning: No tie cell is available for constant fixing. (OPT-... (MSG-3032)
Information:     4     2  0 CTS-038   WARNING   Warning: No clock routing rule is specified. (CTS-038)          (MSG-3032)
Information:    15     5  0 PDC-003   WARNING   Warning: Routing direction of metal layer PO is neither "hor... (MSG-3032)
Information:    11     5  0 ZRT-027   WARNING   Warning: Ignore 2 top cell ports with no pins. (ZRT-027)        (MSG-3032)
Information:     3     3 10 ZRT-113   WARNING   Warning: Net VSS has unused floating user-enter shapes. (ZRT... (MSG-3032)
Information:   166    74  1       11  <------   Total sum of messages (MSG-3038)
Information: >>>>>>> Summary: 74 error&warning MSGs observed during clock_opt / final_opto (MSG-3103)



Clock-opt optimization complete                 0.00        0.00      0.00         0       1796.54  31711418.00         558              0.01      1429
INFO: Sending timing info to router
Information: The netlist change observers are enabled for incremental extraction. (TIM-127)
nplDplc2Placer::setParam(effort,1)
nplDplc2Placer::setParam(debug,0)
nplDplc2Placer::setParam(site_check,2)
nplDplc2Placer::setParam(app_firm_wgt,0)
Warning: Routing direction of metal layer PO is neither "horizontal" nor "vertical".  PDC checks will not be performed on this layer. (PDC-003)
PDC app_options settings =========
	place.legalize.enable_prerouted_net_check: 1
	place.legalize.num_tracks_for_access_check: 1
	place.legalize.use_eol_spacing_for_access_check: 0
	place.legalize.allow_touch_track_for_access_check: 1
	place.legalize.reduce_conservatism_in_eol_check: 0
	place.legalize.preroute_shape_merge_distance: 0.0
	place.legalize.enable_non_preferred_direction_span_check: 0

Layer M1: cached 0 shapes out of 744 total shapes.
Layer M2: cached 0 shapes out of 1522 total shapes.
Cached 0 vias out of 3420 total vias.

Legalizing Top Level Design water_sched ... 
Information: Initializing classic cellmap without advanced rules enabled and without PDC enabled
Information: The following app options are used in cellmap
        place.legalize.enable_color_aware_placement : false
        place.legalize.use_nll_query_cm : false
        place.legalize.enable_advanced_legalizer : false
        place.legalize.enable_prerouted_net_check : true
        place.legalize.enable_advanced_prerouted_net_check : false
        place.legalize.always_continue : true
        place.legalize.limit_legality_checks : false
        place.common.pnet_aware_density : 1.0000
        place.common.pnet_aware_min_width : 0.0000
        place.common.pnet_aware_layers : {}
        place.common.use_placement_model : false
        place.common.enable_advanced_placement_model : true
        cts.placement.cell_spacing_rule_style : maximum
Total 0.0092 seconds to build cellmap data
Information: Creating classic rule checker.
Warning: Routing direction of metal layer PO is neither "horizontal" nor "vertical".  PDC checks will not be performed on this layer. (PDC-003)
=====> Processed 43 ref cells (8 fillers) from library

Bounds/Regions In This Design:
        Area    Num Cells  Exclusive Name
 (square um)
     3469.07          558        Yes DEFAULT_VA

Starting legalizer.
Warning: Exclusive bound 'DEFAULT' has no cells.
Optimizing Exclusive Bound 'DEFAULT_VA' (2/2)
    Done Exclusive Bound 'DEFAULT_VA' (2/2) (0 sec)
Legalization complete (0 total sec)

****************************************
  Report : Placement Attempts
  Site   : unit
****************************************

number of cells:                    558
number of references:                43
number of site rows:                 35
number of locations attempted:    11507
number of locations failed:           0  (0.0%)

Legality of references at locations:
0 references had failures.

Legality of references in rows:
0 references had row failures.

****************************************
  Report : Cell Displacements
****************************************

number of cells aggregated:         555 (7024 total sites)
avg row height over cells:        1.672 um
rms cell displacement:            0.000 um ( 0.00 row height)
rms weighted cell displacement:   0.000 um ( 0.00 row height)
max cell displacement:            0.000 um ( 0.00 row height)
avg cell displacement:            0.000 um ( 0.00 row height)
avg weighted cell displacement:   0.000 um ( 0.00 row height)
number of cells moved:                0
number of large displacements:        0
large displacement threshold:     3.000 row height

Displacements of worst 10 cells:
Cell: U641 (AND2X1_RVT)
  Input location: (44.672,36.768)
  Legal location: (44.672,36.768)
  Displacement:   0.000 um ( 0.00 row height)
Cell: U549 (AND2X1_RVT)
  Input location: (43.912,30.08)
  Legal location: (43.912,30.08)
  Displacement:   0.000 um ( 0.00 row height)
Cell: U503 (AND2X1_RVT)
  Input location: (51.664,28.408)
  Legal location: (51.664,28.408)
  Displacement:   0.000 um ( 0.00 row height)
Cell: U480 (AND2X1_RVT)
  Input location: (36.008,30.08)
  Legal location: (36.008,30.08)
  Displacement:   0.000 um ( 0.00 row height)
Cell: U332 (AND2X1_RVT)
  Input location: (46.496,15.032)
  Legal location: (46.496,15.032)
  Displacement:   0.000 um ( 0.00 row height)
Cell: U375 (AND2X1_RVT)
  Input location: (60.784,6.672)
  Legal location: (60.784,6.672)
  Displacement:   0.000 um ( 0.00 row height)
Cell: U374 (AND2X1_RVT)
  Input location: (54.552,6.672)
  Legal location: (54.552,6.672)
  Displacement:   0.000 um ( 0.00 row height)
Cell: U349 (AND2X1_RVT)
  Input location: (48.168,18.376)
  Legal location: (48.168,18.376)
  Displacement:   0.000 um ( 0.00 row height)
Cell: U348 (AND2X1_RVT)
  Input location: (46.648,18.376)
  Legal location: (46.648,18.376)
  Displacement:   0.000 um ( 0.00 row height)
Cell: U689 (AND2X1_RVT)
  Input location: (47.864,26.736)
  Legal location: (47.864,26.736)
  Displacement:   0.000 um ( 0.00 row height)

Legalization succeeded.
Total Legalizer CPU: 0.038
Total Legalizer Wall Time: 0.038
----------------------------------------------------------------

Clock-opt optimization summary            SETUP-COST    R2R-COST HOLD-COST LDRC-COST          AREA     LEAKAGE     INSTCNT            ELAPSE       MEM
Clock-opt legalization complete           CPU:    41 s (  0.01 hr )  ELAPSE:    45 s (  0.01 hr )  MEM-PEAK:  1429 MB
rtapi Thread-server 0: shutdown 

No. startProblems      =     2 

No. doRoutes           =     0 
No. doUnroutes         =     0 
No. redoRoutes         =     0 
No. redoUnroutes       =     0 
No. undoRoutes         =     0 
No. undoUnroutes       =     0 
No. commitRoutes       =     0 
No. commitUnroutes     =     0 
No. uncommitRoutes     =     0 
No. uncommitUnroutes   =     0 
No. doRoute fails      =     0 
No. doUnroute fails    =     0 

No. viaLadderQueries   =     0 
No. doDelVias          =     0 
No. doAddVias          =     0 
No. redoDelVias        =     0 
No. redoAddVias        =     0 
No. undoDelVias        =     0 
No. undoAddVias        =     0 
No. commitChangeVias   =     0 
No. uncommitChangeVias =     0 
No. doDelVias fails    =     0 
No. doAddVias fails    =     0 

Updating congestion ...
Updating congestion ...
GR Routing Service: Wrote GR congmap to NDM 
Information: The netlist change observers are disabled for incremental extraction. (TIM-126)
Information: The netlist change observers are enabled for incremental extraction. (TIM-127)
INFO: Running refresh_via_ladders
INFO: wire-opt feature for router enabled
Information: Forcing rerun of global router after global_route_opt due to app option route.global.force_rerun_after_global_route_opt being set. (ZRT-608)
Warning: Please run the command "check_routability" before running Zroute commands. (ZRT-762)
INFO: wire-opt feature for router enabled
Information: The net parasitics of block water_sched are cleared. (TIM-123)
No cell change area manager for zroute
Start Global Route ... 
[Init] Elapsed real time: 0:00:00 
[Init] Elapsed cpu  time: sys=0:00:00 usr=0:00:00 total=0:00:00
[Init] Stage (MB): Used    0  Alloctr    0  Proc    0 
[Init] Total (MB): Used    0  Alloctr    0  Proc 5463 
Printing options for 'route.common.*'
common.verbose_level                                    :	 0                   

Printing options for 'route.global.*'
global.force_rerun_after_global_route_opt               :	 true                
global.timing_driven                                    :	 false               

Begin global routing.
Cell Min-Routing-Layer = M1
Cell Max-Routing-Layer = MRDL
Turn off antenna since no rule is specified
Information: Option route.detail.force_end_on_preferred_grid will be ignored since none of the layers have preferred grid. (ZRT-703)
Warning: Cannot find a default contact code for layer CO. (ZRT-022)
Warning: Port VDD of cell water_sched is unplaced.  This may impact routing result. (ZRT-740)
Warning: Port VSS of cell water_sched is unplaced.  This may impact routing result. (ZRT-740)
Warning: Ignore 2 top cell ports with no pins. (ZRT-027)
Info: number of net_type_blockage: 0 
Information: Via ladder engine would be activated for pattern must join connection in certain commands. Please refer to man-page for the command list. (ZRT-619)
Information: AutoNdr rule can't be found. Check the settings.
Information: When applicable Min-max layer allow_pin_connection mode will allow paths of length 3.55 outside the layer range. (ZRT-707)
Information: When applicable Min-max layer allow_pin_connection mode will allow paths of length 3.55 outside the layer range on clock nets. (ZRT-718)
Information: When applicable layer based tapering will taper up to 0.00 in distance from the pin. (ZRT-706)
Warning: Standard cell pin AOINVX4_RVT/VDDG has no valid via regions. (ZRT-044)
Warning: Standard cell pin AOINVX1_RVT/VDDG has no valid via regions. (ZRT-044)
Warning: Standard cell pin AOINVX2_RVT/VDDG has no valid via regions. (ZRT-044)
Warning: Standard cell pin AOBUFX2_RVT/VDDG has no valid via regions. (ZRT-044)
Warning: Standard cell pin AOBUFX4_RVT/VDDG has no valid via regions. (ZRT-044)
Warning: Standard cell pin AOBUFX1_RVT/VDDG has no valid via regions. (ZRT-044)
Current Stage stats:
[End of Read DB] Elapsed real time: 0:00:00 
[End of Read DB] Elapsed cpu  time: sys=0:00:00 usr=0:00:00 total=0:00:00
[End of Read DB] Stage (MB): Used    0  Alloctr    0  Proc    0 
[End of Read DB] Total (MB): Used    0  Alloctr    0  Proc 5463 
Loading parastics information to the router ...
parastics information loaded to the router.
[End of Loading Timing] Elapsed real time: 0:00:00 
[End of Loading Timing] Elapsed cpu  time: sys=0:00:00 usr=0:00:00 total=0:00:00
Constructing data structure ...
Design statistics:
Design Bounding Box (0.00um,0.00um,69.28um,68.52um)
Number of routing layers = 10
layer M1, dir Hor, min width = 0.05um, min space = 0.05um pitch = 0.152um
layer M2, dir Ver, min width = 0.056um, min space = 0.056um pitch = 0.152um
layer M3, dir Hor, min width = 0.056um, min space = 0.056um pitch = 0.304um
layer M4, dir Ver, min width = 0.056um, min space = 0.056um pitch = 0.304um
layer M5, dir Hor, min width = 0.056um, min space = 0.056um pitch = 0.608um
layer M6, dir Ver, min width = 0.056um, min space = 0.056um pitch = 0.608um
layer M7, dir Hor, min width = 0.056um, min space = 0.056um pitch = 1.216um
layer M8, dir Ver, min width = 0.056um, min space = 0.056um pitch = 1.216um
layer M9, dir Hor, min width = 0.16um, min space = 0.16um pitch = 2.432um
layer MRDL, dir Ver, min width = 2um, min space = 2um pitch = 4.864um
Current Stage stats:
[End of Build Tech Data] Elapsed real time: 0:00:00 
[End of Build Tech Data] Elapsed cpu  time: sys=0:00:00 usr=0:00:00 total=0:00:00
[End of Build Tech Data] Stage (MB): Used    0  Alloctr    0  Proc    0 
[End of Build Tech Data] Total (MB): Used    0  Alloctr    0  Proc 5463 
Warning: Power net VSS has no power preroutes, skip tie-off. (ZRT-101)
Net statistics:
Total number of nets     = 627
Number of nets to route  = 622
1 nets are with PSV shapes
 of which 0 are open nets
 and 0 are open nets with PSV only
1 open nets
 of which 1 are without routing or PSV shapes
626 nets are fully connected,
 of which 5 are detail routed and 621 are global routed.
Current Stage stats:
[End of Build All Nets] Elapsed real time: 0:00:00 
[End of Build All Nets] Elapsed cpu  time: sys=0:00:00 usr=0:00:00 total=0:00:00
[End of Build All Nets] Stage (MB): Used    0  Alloctr    0  Proc    0 
[End of Build All Nets] Total (MB): Used    0  Alloctr    0  Proc 5463 
Net length statistics: 
Net Count(Ignore Fully Rted) 2, Total Half Perimeter Wire Length (HPWL) 204 microns
HPWL   0 ~   50 microns: Net Count        0	Total HPWL            0 microns
HPWL  50 ~  100 microns: Net Count        1	Total HPWL           66 microns
HPWL 100 ~  200 microns: Net Count        1	Total HPWL          138 microns
HPWL 200 ~  300 microns: Net Count        0	Total HPWL            0 microns
HPWL 300 ~  400 microns: Net Count        0	Total HPWL            0 microns
HPWL 400 ~  500 microns: Net Count        0	Total HPWL            0 microns
HPWL 500 ~  600 microns: Net Count        0	Total HPWL            0 microns
HPWL 600 ~  700 microns: Net Count        0	Total HPWL            0 microns
HPWL 700 ~  800 microns: Net Count        0	Total HPWL            0 microns
HPWL 800 ~  900 microns: Net Count        0	Total HPWL            0 microns
HPWL 900 ~ 1000 microns: Net Count        0	Total HPWL            0 microns
HPWL     > 1000 microns: Net Count        0	Total HPWL            0 microns
Number of partitions: 1 (1 x 1)
Size of partitions: 41 gCells x 41 gCells
Average gCell capacity  5.66	 on layer (1)	 M1
Average gCell capacity  11.02	 on layer (2)	 M2
Average gCell capacity  5.42	 on layer (3)	 M3
Average gCell capacity  5.51	 on layer (4)	 M4
Average gCell capacity  2.71	 on layer (5)	 M5
Average gCell capacity  2.76	 on layer (6)	 M6
Average gCell capacity  1.34	 on layer (7)	 M7
Average gCell capacity  1.37	 on layer (8)	 M8
Average gCell capacity  0.66	 on layer (9)	 M9
Average gCell capacity  0.32	 on layer (10)	 MRDL
Average number of tracks per gCell 11.02	 on layer (1)	 M1
Average number of tracks per gCell 11.12	 on layer (2)	 M2
Average number of tracks per gCell 5.54	 on layer (3)	 M3
Average number of tracks per gCell 5.59	 on layer (4)	 M4
Average number of tracks per gCell 2.80	 on layer (5)	 M5
Average number of tracks per gCell 2.83	 on layer (6)	 M6
Average number of tracks per gCell 1.44	 on layer (7)	 M7
Average number of tracks per gCell 1.44	 on layer (8)	 M8
Average number of tracks per gCell 0.73	 on layer (9)	 M9
Average number of tracks per gCell 0.37	 on layer (10)	 MRDL
Number of gCells = 16810
Current Stage stats:
[End of Build Congestion Map] Elapsed real time: 0:00:00 
[End of Build Congestion Map] Elapsed cpu  time: sys=0:00:00 usr=0:00:00 total=0:00:00
[End of Build Congestion Map] Stage (MB): Used    0  Alloctr    0  Proc    0 
[End of Build Congestion Map] Total (MB): Used    0  Alloctr    0  Proc 5463 
Current Stage stats:
[End of Add Nets Demand] Elapsed real time: 0:00:00 
[End of Add Nets Demand] Elapsed cpu  time: sys=0:00:00 usr=0:00:00 total=0:00:00
[End of Add Nets Demand] Stage (MB): Used    0  Alloctr    0  Proc    0 
[End of Add Nets Demand] Total (MB): Used    0  Alloctr    0  Proc 5463 
Number of user frozen nets = 0
Information: RC layer preference is turned on for this design. (ZRT-613)
Total stats:
[End of Build Data] Elapsed real time: 0:00:00 
[End of Build Data] Elapsed cpu  time: sys=0:00:00 usr=0:00:00 total=0:00:00
[End of Build Data] Stage (MB): Used    0  Alloctr    0  Proc    0 
[End of Build Data] Total (MB): Used    0  Alloctr    0  Proc 5463 
Number of partitions: 1 (1 x 1)
Size of partitions: 41 gCells x 41 gCells
Current Stage stats:
[End of Blocked Pin Detection] Elapsed real time: 0:00:00 
[End of Blocked Pin Detection] Elapsed cpu  time: sys=0:00:00 usr=0:00:00 total=0:00:00
[End of Blocked Pin Detection] Stage (MB): Used    0  Alloctr    0  Proc    0 
[End of Blocked Pin Detection] Total (MB): Used    0  Alloctr    0  Proc 5463 
Information: Using 1 threads for routing. (ZRT-444)
Information: Multiple gcell levels ON
Information: Buffer distance is estimated to be ~862.0000um (515 gCells)

Start GR phase 0
Number of partitions: 1 (1 x 1)
Size of partitions: 41 gCells x 41 gCells
[rtAllBotParts] Elapsed real time: 0:00:00 
[rtAllBotParts] Elapsed cpu  time: sys=0:00:00 usr=0:00:00 total=0:00:00
[rtTop] Elapsed real time: 0:00:00 
[rtTop] Elapsed cpu  time: sys=0:00:00 usr=0:00:00 total=0:00:00
[updNetsDmd] Elapsed real time: 0:00:00 
[updNetsDmd] Elapsed cpu  time: sys=0:00:00 usr=0:00:00 total=0:00:00
Current Stage stats:
[End of Initial Routing] Elapsed real time: 0:00:00 
[End of Initial Routing] Elapsed cpu  time: sys=0:00:00 usr=0:00:00 total=0:00:00
[End of Initial Routing] Stage (MB): Used    0  Alloctr    0  Proc    0 
[End of Initial Routing] Total (MB): Used    0  Alloctr    0  Proc 5463 
Initial. Routing result:
Initial. Both Dirs: Dmd-Cap  =     0 Max = 0 GRCs =     0 (0.00%)
Initial. H routing: Dmd-Cap  =     0 Max = 0 (GRCs =  0) GRCs =     0 (0.00%)
Initial. V routing: Dmd-Cap  =     0 Max = 0 (GRCs =  0) GRCs =     0 (0.00%)
Initial. Both Dirs: Overflow =     6 Max = 1 GRCs =    12 (0.36%)
Initial. H routing: Overflow =     6 Max = 1 (GRCs = 12) GRCs =    12 (0.71%)
Initial. V routing: Overflow =     0 Max = 0 (GRCs =  0) GRCs =     0 (0.00%)
Initial. M1         Overflow =     6 Max = 1 (GRCs = 12) GRCs =    12 (0.71%)
Initial. M2         Overflow =     0 Max = 0 (GRCs =  0) GRCs =     0 (0.00%)
Initial. M3         Overflow =     0 Max = 0 (GRCs =  0) GRCs =     0 (0.00%)
Initial. M4         Overflow =     0 Max = 0 (GRCs =  0) GRCs =     0 (0.00%)
Initial. M5         Overflow =     0 Max = 0 (GRCs =  0) GRCs =     0 (0.00%)
Initial. M6         Overflow =     0 Max = 0 (GRCs =  0) GRCs =     0 (0.00%)
Initial. M7         Overflow =     0 Max = 0 (GRCs =  0) GRCs =     0 (0.00%)
Initial. M8         Overflow =     0 Max = 0 (GRCs =  0) GRCs =     0 (0.00%)
Initial. M9         Overflow =     0 Max = 0 (GRCs =  0) GRCs =     0 (0.00%)
Initial. MRDL       Overflow =     0 Max = 0 (GRCs =  0) GRCs =     0 (0.00%)

Initial. Total Wire Length = 6915.03
Initial. Layer M1 wire length = 182.20
Initial. Layer M2 wire length = 3477.58
Initial. Layer M3 wire length = 3229.81
Initial. Layer M4 wire length = 5.77
Initial. Layer M5 wire length = 19.67
Initial. Layer M6 wire length = 0.00
Initial. Layer M7 wire length = 0.00
Initial. Layer M8 wire length = 0.00
Initial. Layer M9 wire length = 0.00
Initial. Layer MRDL wire length = 0.00
Initial. Total Number of Contacts = 3088
Initial. Via VIA12SQ_C count = 1769
Initial. Via VIA23SQ_C count = 1309
Initial. Via VIA34SQ_C count = 6
Initial. Via VIA45SQ_C count = 4
Initial. Via VIA56SQ_C count = 0
Initial. Via VIA67SQ_C count = 0
Initial. Via VIA78SQ_C count = 0
Initial. Via VIA89_C count = 0
Initial. Via VIA9RDL count = 0
Initial. completed.

Start GR phase 1
Sat Sep 26 04:29:48 2026
Number of partitions: 1 (1 x 1)
Size of partitions: 41 gCells x 41 gCells
[rtAllParts] Elapsed real time: 0:00:00 
[rtAllParts] Elapsed cpu  time: sys=0:00:00 usr=0:00:00 total=0:00:00
[updNetsDmd] Elapsed real time: 0:00:00 
[updNetsDmd] Elapsed cpu  time: sys=0:00:00 usr=0:00:00 total=0:00:00
Current Stage stats:
[End of Phase1 Routing] Elapsed real time: 0:00:00 
[End of Phase1 Routing] Elapsed cpu  time: sys=0:00:00 usr=0:00:00 total=0:00:00
[End of Phase1 Routing] Stage (MB): Used    0  Alloctr    0  Proc    0 
[End of Phase1 Routing] Total (MB): Used    0  Alloctr    0  Proc 5463 
phase1. Routing result:
phase1. Both Dirs: Dmd-Cap  =     0 Max = 0 GRCs =     0 (0.00%)
phase1. H routing: Dmd-Cap  =     0 Max = 0 (GRCs =  0) GRCs =     0 (0.00%)
phase1. V routing: Dmd-Cap  =     0 Max = 0 (GRCs =  0) GRCs =     0 (0.00%)
phase1. Both Dirs: Overflow =     6 Max = 1 GRCs =    12 (0.36%)
phase1. H routing: Overflow =     6 Max = 1 (GRCs = 12) GRCs =    12 (0.71%)
phase1. V routing: Overflow =     0 Max = 0 (GRCs =  0) GRCs =     0 (0.00%)
phase1. M1         Overflow =     6 Max = 1 (GRCs = 12) GRCs =    12 (0.71%)
phase1. M2         Overflow =     0 Max = 0 (GRCs =  0) GRCs =     0 (0.00%)
phase1. M3         Overflow =     0 Max = 0 (GRCs =  0) GRCs =     0 (0.00%)
phase1. M4         Overflow =     0 Max = 0 (GRCs =  0) GRCs =     0 (0.00%)
phase1. M5         Overflow =     0 Max = 0 (GRCs =  0) GRCs =     0 (0.00%)
phase1. M6         Overflow =     0 Max = 0 (GRCs =  0) GRCs =     0 (0.00%)
phase1. M7         Overflow =     0 Max = 0 (GRCs =  0) GRCs =     0 (0.00%)
phase1. M8         Overflow =     0 Max = 0 (GRCs =  0) GRCs =     0 (0.00%)
phase1. M9         Overflow =     0 Max = 0 (GRCs =  0) GRCs =     0 (0.00%)
phase1. MRDL       Overflow =     0 Max = 0 (GRCs =  0) GRCs =     0 (0.00%)

phase1. Total Wire Length = 6915.03
phase1. Layer M1 wire length = 182.20
phase1. Layer M2 wire length = 3477.58
phase1. Layer M3 wire length = 3229.81
phase1. Layer M4 wire length = 5.77
phase1. Layer M5 wire length = 19.67
phase1. Layer M6 wire length = 0.00
phase1. Layer M7 wire length = 0.00
phase1. Layer M8 wire length = 0.00
phase1. Layer M9 wire length = 0.00
phase1. Layer MRDL wire length = 0.00
phase1. Total Number of Contacts = 3088
phase1. Via VIA12SQ_C count = 1769
phase1. Via VIA23SQ_C count = 1309
phase1. Via VIA34SQ_C count = 6
phase1. Via VIA45SQ_C count = 4
phase1. Via VIA56SQ_C count = 0
phase1. Via VIA67SQ_C count = 0
phase1. Via VIA78SQ_C count = 0
phase1. Via VIA89_C count = 0
phase1. Via VIA9RDL count = 0
phase1. completed.

Start GR phase 2
Sat Sep 26 04:29:48 2026
Number of partitions: 1 (1 x 1)
Size of partitions: 41 gCells x 41 gCells
[rtAllParts] Elapsed real time: 0:00:00 
[rtAllParts] Elapsed cpu  time: sys=0:00:00 usr=0:00:00 total=0:00:00
[updNetsDmd] Elapsed real time: 0:00:00 
[updNetsDmd] Elapsed cpu  time: sys=0:00:00 usr=0:00:00 total=0:00:00
Current Stage stats:
[End of Phase2 Routing] Elapsed real time: 0:00:00 
[End of Phase2 Routing] Elapsed cpu  time: sys=0:00:00 usr=0:00:00 total=0:00:00
[End of Phase2 Routing] Stage (MB): Used    0  Alloctr    0  Proc    0 
[End of Phase2 Routing] Total (MB): Used    0  Alloctr    0  Proc 5463 
phase2. Routing result:
phase2. Both Dirs: Dmd-Cap  =     0 Max = 0 GRCs =     0 (0.00%)
phase2. H routing: Dmd-Cap  =     0 Max = 0 (GRCs =  0) GRCs =     0 (0.00%)
phase2. V routing: Dmd-Cap  =     0 Max = 0 (GRCs =  0) GRCs =     0 (0.00%)
phase2. Both Dirs: Overflow =     6 Max = 1 GRCs =    12 (0.36%)
phase2. H routing: Overflow =     6 Max = 1 (GRCs = 12) GRCs =    12 (0.71%)
phase2. V routing: Overflow =     0 Max = 0 (GRCs =  0) GRCs =     0 (0.00%)
phase2. M1         Overflow =     6 Max = 1 (GRCs = 12) GRCs =    12 (0.71%)
phase2. M2         Overflow =     0 Max = 0 (GRCs =  0) GRCs =     0 (0.00%)
phase2. M3         Overflow =     0 Max = 0 (GRCs =  0) GRCs =     0 (0.00%)
phase2. M4         Overflow =     0 Max = 0 (GRCs =  0) GRCs =     0 (0.00%)
phase2. M5         Overflow =     0 Max = 0 (GRCs =  0) GRCs =     0 (0.00%)
phase2. M6         Overflow =     0 Max = 0 (GRCs =  0) GRCs =     0 (0.00%)
phase2. M7         Overflow =     0 Max = 0 (GRCs =  0) GRCs =     0 (0.00%)
phase2. M8         Overflow =     0 Max = 0 (GRCs =  0) GRCs =     0 (0.00%)
phase2. M9         Overflow =     0 Max = 0 (GRCs =  0) GRCs =     0 (0.00%)
phase2. MRDL       Overflow =     0 Max = 0 (GRCs =  0) GRCs =     0 (0.00%)

phase2. Total Wire Length = 6915.03
phase2. Layer M1 wire length = 182.20
phase2. Layer M2 wire length = 3477.58
phase2. Layer M3 wire length = 3229.81
phase2. Layer M4 wire length = 5.77
phase2. Layer M5 wire length = 19.67
phase2. Layer M6 wire length = 0.00
phase2. Layer M7 wire length = 0.00
phase2. Layer M8 wire length = 0.00
phase2. Layer M9 wire length = 0.00
phase2. Layer MRDL wire length = 0.00
phase2. Total Number of Contacts = 3088
phase2. Via VIA12SQ_C count = 1769
phase2. Via VIA23SQ_C count = 1309
phase2. Via VIA34SQ_C count = 6
phase2. Via VIA45SQ_C count = 4
phase2. Via VIA56SQ_C count = 0
phase2. Via VIA67SQ_C count = 0
phase2. Via VIA78SQ_C count = 0
phase2. Via VIA89_C count = 0
phase2. Via VIA9RDL count = 0
phase2. completed.

Start GR phase 3
Sat Sep 26 04:29:48 2026
Number of partitions: 1 (1 x 1)
Size of partitions: 41 gCells x 41 gCells
[rtAllParts] Elapsed real time: 0:00:00 
[rtAllParts] Elapsed cpu  time: sys=0:00:00 usr=0:00:00 total=0:00:00
[updNetsDmd] Elapsed real time: 0:00:00 
[updNetsDmd] Elapsed cpu  time: sys=0:00:00 usr=0:00:00 total=0:00:00
Current Stage stats:
[End of Phase3 Routing] Elapsed real time: 0:00:00 
[End of Phase3 Routing] Elapsed cpu  time: sys=0:00:00 usr=0:00:00 total=0:00:00
[End of Phase3 Routing] Stage (MB): Used    0  Alloctr    0  Proc    0 
[End of Phase3 Routing] Total (MB): Used    0  Alloctr    0  Proc 5463 
phase3. Routing result:
phase3. Both Dirs: Dmd-Cap  =     0 Max = 0 GRCs =     0 (0.00%)
phase3. H routing: Dmd-Cap  =     0 Max = 0 (GRCs =  0) GRCs =     0 (0.00%)
phase3. V routing: Dmd-Cap  =     0 Max = 0 (GRCs =  0) GRCs =     0 (0.00%)
phase3. Both Dirs: Overflow =     6 Max = 1 GRCs =    12 (0.36%)
phase3. H routing: Overflow =     6 Max = 1 (GRCs = 12) GRCs =    12 (0.71%)
phase3. V routing: Overflow =     0 Max = 0 (GRCs =  0) GRCs =     0 (0.00%)
phase3. M1         Overflow =     6 Max = 1 (GRCs = 12) GRCs =    12 (0.71%)
phase3. M2         Overflow =     0 Max = 0 (GRCs =  0) GRCs =     0 (0.00%)
phase3. M3         Overflow =     0 Max = 0 (GRCs =  0) GRCs =     0 (0.00%)
phase3. M4         Overflow =     0 Max = 0 (GRCs =  0) GRCs =     0 (0.00%)
phase3. M5         Overflow =     0 Max = 0 (GRCs =  0) GRCs =     0 (0.00%)
phase3. M6         Overflow =     0 Max = 0 (GRCs =  0) GRCs =     0 (0.00%)
phase3. M7         Overflow =     0 Max = 0 (GRCs =  0) GRCs =     0 (0.00%)
phase3. M8         Overflow =     0 Max = 0 (GRCs =  0) GRCs =     0 (0.00%)
phase3. M9         Overflow =     0 Max = 0 (GRCs =  0) GRCs =     0 (0.00%)
phase3. MRDL       Overflow =     0 Max = 0 (GRCs =  0) GRCs =     0 (0.00%)

phase3. Total Wire Length = 6915.03
phase3. Layer M1 wire length = 182.20
phase3. Layer M2 wire length = 3477.58
phase3. Layer M3 wire length = 3229.81
phase3. Layer M4 wire length = 5.77
phase3. Layer M5 wire length = 19.67
phase3. Layer M6 wire length = 0.00
phase3. Layer M7 wire length = 0.00
phase3. Layer M8 wire length = 0.00
phase3. Layer M9 wire length = 0.00
phase3. Layer MRDL wire length = 0.00
phase3. Total Number of Contacts = 3088
phase3. Via VIA12SQ_C count = 1769
phase3. Via VIA23SQ_C count = 1309
phase3. Via VIA34SQ_C count = 6
phase3. Via VIA45SQ_C count = 4
phase3. Via VIA56SQ_C count = 0
phase3. Via VIA67SQ_C count = 0
phase3. Via VIA78SQ_C count = 0
phase3. Via VIA89_C count = 0
phase3. Via VIA9RDL count = 0
phase3. completed.
Warning: Net VSS has unused floating user-enter shapes. (ZRT-113)
[End of Whole Chip Routing] Elapsed real time: 0:00:00 
[End of Whole Chip Routing] Elapsed cpu  time: sys=0:00:00 usr=0:00:00 total=0:00:00
[End of Whole Chip Routing] Stage (MB): Used    0  Alloctr    0  Proc    0 
[End of Whole Chip Routing] Total (MB): Used    0  Alloctr    0  Proc 5463 

Congestion utilization per direction:
Average vertical track utilization   = 10.20 %
Peak    vertical track utilization   = 42.86 %
Average horizontal track utilization = 10.51 %
Peak    horizontal track utilization = 58.33 %

[End of Global Routing] Elapsed real time: 0:00:00 
[End of Global Routing] Elapsed cpu  time: sys=0:00:00 usr=0:00:00 total=0:00:00
[End of Global Routing] Stage (MB): Used    0  Alloctr    0  Proc    0 
[End of Global Routing] Total (MB): Used    0  Alloctr    0  Proc 5463 
Updating the database ...
Updating congestion ...
Information: Extraction observers are detached as design net change threshold is reached.
[End of dbOut] Elapsed real time: 0:00:00 
[End of dbOut] Elapsed cpu  time: sys=0:00:00 usr=0:00:00 total=0:00:00
[End of dbOut] Stage (MB): Used    0  Alloctr    0  Proc    0 
[End of dbOut] Total (MB): Used    0  Alloctr    0  Proc 5463 

Clock-opt Incremental Global-routing complete  CPU:    41 s (  0.01 hr )  ELAPSE:    46 s (  0.01 hr )  MEM-PEAK:  1429 MB
INFO: place.legalize.enable_advanced_legalizer not set - need to revert CLO
INFO: First Clock-opt did not mark run with CLO enabled/disabled property
Co-efficient Ratio Summary:
4.193421605155  6.578038173730  2.479639287277  7.744187540401  0.485050000353  3.179565833784  5.567214754587  2.894454387461  6.565921217863  9.017937505874  6.269830600933  9.863508178661  6.078178864085  2.744209041123  8.318125304907
9.699225026083  2.464623950064  1.382370221226  9.387184029619  3.142429406669  0.968752789964  6.613180723294  4.146578793224  7.876358918112  2.191135103696  3.028994941094  2.700217012691  3.840405964440  3.750207753169  7.663468542299
6.212201167950  7.759678473967  7.862243056717  0.402387977150  0.032845095897  0.596111512371  4.701287396892  7.205135512169  8.278351398268  1.183725190997  6.499696208244  5.867778300432  7.173849285364  9.669810699761  7.591497047087
7.632106393266  7.679078063326  9.831314288630  1.878805817928  3.230072343539  1.226270037326  7.050450494780  2.403928173631  6.139852544054  4.100210066110  4.339978389655  4.570815222873  5.624823708820  7.826858953678  4.759143118263
5.409027926377  2.609823652834  0.626142538674  6.381676652919  9.187474022495  0.513656796621  5.027570618562  6.119813446103  6.181472312107  1.581675365776  0.541201622107  9.584631038566  2.041772287119  3.921161567338  0.650498382345
9.472458902409  3.368484394994  4.897111549020  6.860149244452  2.000104051691  9.095345907689  2.197041709512  0.915900067443  5.466092308426  8.142690055883  7.762353065224  8.244532363377  3.504825605451  1.682717712888  7.173443418510
9.939562708373  3.617852772683  8.946772637652  1.169969532707  4.529946656262  3.090979409795  5.580726136993  1.131397763510  0.721709625254  7.515947417690  3.704582009371  1.017100612323  5.811564566269  5.826731583342  4.349393992435
0.216216918317  9.612142422527  7.311156782104  0.823519141628  0.356161286693  8.022019569284  2.603132585844  5.024802551363  1.359359521353  5.407563451201  5.969383277518  1.265479621010  0.417715213533  1.833873165081  6.448567437188
4.848373112548  2.936801055033  8.671494124225  4.212305316610  9.007627270112  3.308107178452  5.607471109985  8.514743640423  2.764676979434  9.324216938770  4.616359789997  2.300677871435  0.754630930179  1.961422111696  2.781313041418
3.355375155650  9.437909893602  9.136702642545  9.020209208464  9.978471495117  7.467457734047  3.171274721421  9.815920740044  4.331414637138  0.413524984361  6.464170998619  7.452867875913  1.902872824529  5.623408959547  7.269373708696
3.367403103784  7.093641515702  7.411336156476  6.944246976650  5.239565921087  4.802189647382  3.894401463832  4.531610419342  1.605155657803  8.173730547963  2.302106374418  7.540570236091  0.000308217956  5.833785256721  4.754597989445
4.387461656592  1.217863901793  7.505874310467  0.800933986343  9.509851607812  3.964085274420  8.341123831811  5.604907969922  5.026083246462  3.950064438237  3.346155538718  4.029788502738  9.406614996875  2.789965361318  0.723204114657
8.793224787635  8.918112219113  5.103696096373  4.141094270014  8.443881384045  0.064440375020  6.053169766345  8.842299621220  1.167950775967  8.473967086224  6.173276040238  7.977229291770  5.095842959611  1.512372170128  7.396802420513
5.512169827835  1.398268118372  5.190997333443  6.408244586760  9.731622717389  4.385364966981  9.999761759148  7.347087763210  6.393266767907  8.063326283131  7.305199187880  5.817097511593  2.343584022627  0.037327405045  0.494790940392
8.173631613985  2.544054410021  0.066110127471  8.589655457074  6.653063562487  8.808820782685  7.253678475913  3.418263540902  7.926377260982  3.652834362614  5.654180238167  6.652088130098  4.022440851365  6.796622102757  0.618572311981
3.446103618147  2.312107158167  5.365776748604  1.822107958456  2.469756204172  7.387119392116  0.867338065048  8.682345947245  8.902409336848  4.394994489711  4.604857486014  9.244521803574  4.051646709534  5.907680819704  1.709522791590
0.067443546609  2.308426814269  0.055883460719  3.265224824446  3.794567350487  0.705451168271  6.012888717343  3.718510993956  2.708373361785  2.772683894677  5.792489916996  9.532876055458  6.656217109097  9.409796158072  6.136903813139
7.763510072170  9.625254751594  7.417690064932  2.209371101703  1.043513581151  9.666269582673  0.883342434938  3.292435021621  6.918317961214  2.422527731115  9.847931882351  9.141797638170  1.286648602201  9.569285860313  2.585854202480
2.551363135935  9.521353540756  3.451201280412  3.477518126530  0.052200041776  0.313533183387  2.465081644855  7.737188484837  3.112548293680  1.055033867149  7.289052221230  5.316789503226  7.270167130810  7.178453160747  1.109995551474
3.640423276467  6.979434932421  6.938770155119  9.989997230050  8.202625075468  5.030179196142  1.411696278130  3.341418335537  5.155650943790  9.893602913670  5.707372702020  9.208533590301  1.495162546745  7.734048917127  4.721431681592
0.740044433141  4.637138041352  4.984361330991  0.198619745279  8.206103190282  7.924529562340  7.259547726936  3.008696336740  3.103784709364  1.515702741133  9.211203494424  6.976729126410  5.921032280218  9.647383989440  1.463842153161
0.419342160515  5.657803817373  0.247963928727  7.774418754040  1.048505000035  3.317956583378  4.556721475458  7.289445438746  1.656592121786  3.901793750587  7.475294880093  3.986412553449  1.607867196408  5.274421434112  3.831821260490
7.969922502608  3.246462395006  4.138237022122  6.938718402961  9.314242940666  9.096875278996  4.661318072329  4.414657879322  4.787635891811  2.219113710369  9.151100214109  4.270183447842  1.384090806444  0.375021205316  9.766355584229
9.621220116795  0.775967847396  7.786224305671  7.040238797715  0.003284509589  7.059611151237  1.470128739689  2.720513551216  9.827835139826  8.118372719099  0.498270440824  4.586839576626  2.717334238536  4.966982599976  1.759158434708
7.763210639326  6.767907806332  6.983131428863  0.187880581792  8.323007234353  9.122627003732  6.705045049478  0.240392817363  1.613985254405  4.410021206611  3.282208658965  5.457143268860  3.562432680882  0.782686325367  8.475923041826
3.540902792637  7.260982365283  4.062614253867  4.638167665291  9.918747402249  5.051365679662  1.502757061856  2.611981344610  3.618147231210  7.158167736577  9.803431982210  7.958525849439  6.204127538711  9.392117686733  8.065058568234
5.947245890240  9.336848439499  4.489711154902  0.686014924445  2.200010405169  1.909534590768  9.219704170951  2.091590006744  3.546609230842  6.814269205588  6.525546126522  4.824515972910  7.350432870545  1.168272201288  8.717353071851
0.993956270837  3.361785277268  3.894677263765  2.116996953270  7.452994665626  2.309097940979  5.558072613699  3.113139776351  0.072170962525  4.751594941769  3.129769020937  1.101872707815  3.581106766626  9.582674688334  2.434948029243
5.021621691831  7.961214242252  7.731115678210  4.082351914162  8.035616128669  3.802201956928  4.260313258584  4.502480255136  3.135935952135  3.540756545120  4.345249147751  8.126609608784  0.041721831353  3.183388846508  1.644865473718
8.484837311254  8.293680105503  3.867149412422  5.421230531661  0.900762727011  2.330810717845  2.560747110998  5.851474364042  3.276467697943  4.932421893877  3.210946798999  7.230129423726  5.075413303017  9.196143741169  6.278140034141
8.335537515565  0.943790989360  2.913670264254  5.902020920846  4.997847149511  7.746745773404  7.317127472142  1.981592074004  4.433141463713  8.041352698436  4.495728819861  9.745348423174  3.190237592452  9.562341325954  7.726946000869
6.336740310378  4.709364151570  2.741133615647  6.694424697665  0.523956592108  7.480218964738  2.389440146383  2.453161041934  2.160515565780  3.817373224796  6.083554577441  8.754119707314  5.000080131795  6.583379055672  1.475468428944
5.438746165659  2.121786390179  3.750587431046  7.080093398634  3.950985160781  2.396408527442  0.834112383181  1.560490796992  2.502608324646  2.395006613823  0.187959493871  8.402030534988  2.940611709687  5.278997066131  8.072339141465
7.879322478763  5.891811221911  3.510369609637  3.414109427001  4.844388138404  5.006444037502  0.605316976634  5.884229962122  0.116795077596  7.847396978622  7.460408504023  8.797884603882  4.509534505961  1.151238747012  8.739699972051
3.551216982783  5.139826811837  2.519099733344  3.640824458676  0.973162271738  9.438536496698  1.999976175914  8.734708776321  0.639326676790  7.806332898313  4.583690818788  0.581861435864  7.234308712262  7.003733270504  5.049488724039
2.817363161398  5.254405441002  1.006611012747  1.858965545707  4.665306356248  7.880882078268  5.725367847591  3.341826354090  2.792637726098  2.365283606261  7.318694263816  7.665360594338  7.402294305136  5.679663750275  7.061866961198
1.344610361814  7.231210715816  7.536577674860  4.182210795845  6.246975620417  2.738711939211  6.086733806504  8.868234594724  5.890240933684  8.439499648971  4.219739868601  4.924514823565  0.405114990953  4.590769521970  4.170961909159
0.006744354660  9.230842681426  9.005588346071  9.326522482444  6.379456735048  7.070545116827  1.601288871734  3.371851099395  6.270837336178  5.277268589467  0.328592011699  6.953349348753  4.665671030909  7.940970155807  2.613609011313
9.776351007217  0.962525475159  4.741769006493  2.220937110170  3.104351358115  1.966626958267  3.088334243493  8.329243502162  1.691831796121  4.242252973111  8.733047208235  1.914231406025  6.128614180220  1.956929026031  3.258594150248
0.255136313593  5.952135354075  6.345120128041  2.347751812653  0.005220004177  6.031353318338  7.246508164485  5.773718848483  7.311254829368  0.105503586714  2.577259342123  0.531730693530  2.727066033081  0.717846856074  7.110908285147
4.364042327646  7.697943493242  1.693877015511  9.998999723005  0.820262507546  8.503017919614  2.141169627813  0.334141833553  7.515565094379  0.989360491367  3.329081390202  0.920915092248  7.149566574674  5.773405331712  7.472152898159
2.074004443314  1.463713804135  2.498436133099  1.019861974527  9.820610319028  2.792452956234  0.725954772693  6.300869633674  0.310378470936  4.151570474113  6.770474469442  4.697734655859  6.592153548021  8.964739838944  0.146393945316
1.041934216051  5.565780381737  3.024796392872  7.777441875404  0.104850500003  5.331795658337  8.455672147545  8.728944543874  6.165659212178  6.390179575058  0.596873508009  3.398703998552  5.160736039640  8.527443683411  2.383191856049
0.796992250260  8.324646239500  6.413823702212  2.693871840296  1.931424294066  6.909687527899  6.466131807232  9.441465787932  2.478763589181  1.221911551036  2.764464141410  9.427170087992  8.138459300644  4.037503660531  6.976644288422
9.962122011679  5.077596784739  6.778622430567  1.704023879771  5.000328450958  9.705961115123  7.147012873968  9.272051355121  6.982783513982  6.811837251909  2.804485164082  4.458745641601  2.271783743853  6.496699799997  6.175924573470
8.776321063932  6.676790780633  2.698313142886  3.018788058179  2.832300723435  3.912262700373  2.670504504947  8.024039281736  3.161398525440  5.441002100661  4.183888985896  5.545876010825  6.356293588088  2.078269172536  7.847501034182
6.354090279263  7.726098236528  3.406261425386  7.463816766529  1.991874740224  9.505136567966  2.150275706185  6.261198134461  0.361814723121  0.715816753657  0.745901218221  0.795914278982  5.620462073871  1.939212208673  3.806514586823
4.594724589024  0.933684843949  9.448971115490  2.068601492444  5.220001040516  9.190953459076  8.921970417095  1.209159000674  4.354660923084  2.681426900558  1.417112732652  2.482513281230  6.735093507054  5.116828760128  8.871744037185
1.099395627083  7.336178527726  8.389467726376  5.211699695327  0.745299466562  6.230909794097  9.555807261369  9.311313977635  1.007217096252  5.475159474176  2.177534022093  7.110249964720  1.358160996662  6.958268908833  4.243403532924
3.502162169183  1.796121424225  2.773111567821  0.408235191416  2.803561612866  9.380220195692  8.426031325858  4.450248025513  6.313593595213  5.354075634512  3.299182034775  1.812722654817  0.004122403135  3.318339324650  8.164495277371
Information: The stitching and editing of coupling caps is turned OFF for design 'water_sched_lib:water_sched.design'. (TIM-125)
Information: Design water_sched has 627 nets, 621 global routed, 4 detail routed. (NEX-024)
Information: build GR coup map successfully (NEX-012)
Information: The RC mode used is GR for design 'water_sched'. (NEX-022)
Information: Update timing completed net estimation for all the timing graph nets (TIM-111)
Information: Net estimation statistics: timing graph nets = 625, routed nets = 625, across physical hierarchy nets = 0, parasitics cached nets = 625, delay annotated nets = 0, parasitics annotated nets = 0, multi-voltage nets = 0. (TIM-112)

Clock-opt final QoR
___________________
Scenario Mapping Table
1: default

Pathgroup Mapping Table
1: **default**
2: **async_default**
3: **clock_gating_default**
4: **in2reg_default**
5: **reg2out_default**
6: **in2out_default**
7: core_clk

-------------------------------------------------------------------------------------------------------------------------------------------------------------
PATHGROUP QOR 
-------------------------------------------------------------------------------------------------------------------------------------------------------------
Scene  PG      WNS        TNS    NSV      WHV        THV    NHV
    1   1   0.0000     0.0000      0   0.0000     0.0000      0
    1   2   0.0000     0.0000      0   0.0000     0.0000      0
    1   3   0.0000     0.0000      0   0.0000     0.0000      0
    1   4   0.0000     0.0000      0   0.0000     0.0000      0
    1   5   0.0000     0.0000      0   0.0000     0.0000      0
    1   6   0.0000     0.0000      0   0.0000     0.0000      0
    1   7   0.0000     0.0000      0   0.0000     0.0000      0
----------------------------------------------------------------------------------------------------------------------------------------------------------------------
SCENARIO QOR 
----------------------------------------------------------------------------------------------------------------------------------------------------------------------
Scene  PG      WNS        TNS   R2RTNS    NSV      WHV        THV    NHV  MaxTrnV   MaxTranC  MaxCapV    Leakage
    1   *   0.0000     0.0000   0.0000      0   0.0000     0.0000      0        0     0.0000        0 31711418.0
----------------------------------------------------------------------------------------------------------------------------------------------------------------------
DESIGN QOR 
----------------------------------------------------------------------------------------------------------------------------------------------------------------------
Scene  PG      WNS        TNS   R2RTNS    NSV      WHV        THV    NHV  MaxTrnV   MaxTranC  MaxCapV    Leakage         Area    InstCnt     BufCnt     InvCnt
    *   *   0.0000     0.0000   0.0000      0   0.0000     0.0000      0        0     0.0000        0 31711418.0      1796.54        558         16        107
----------------------------------------------------------------------------------------------------------------------------------------------------------------------

Clock-opt final QoR Summary         WNS        TNS   R2RTNS    NSV      WHV        THV    NHV  MaxTrnV  MaxCapV    Leakage         Area    InstCnt
Clock-opt final QoR Summary      0.0000     0.0000   0.0000      0   0.0000     0.0000      0        0        0 31711418.0      1796.54        558

Clock-opt command complete                CPU:    42 s (  0.01 hr )  ELAPSE:    46 s (  0.01 hr )  MEM-PEAK:  1429 MB
Clock-opt command statistics  CPU=9 sec (0.00 hr) ELAPSED=10 sec (0.00 hr) MEM-PEAK=1.396 GB
1

Information: Runtime Summary (All Commands) (FLW-9000)
----------------------------------------------------------------------------
    Elapse (Hrs)   Elapse (%)       CPU/Elapse       Category
----------------------------------------------------------------------------
      0.00           46.5%             1.0           Other 
      0.00           11.4%             1.0           Placement 
      0.00            7.6%             1.0           Init 
      0.00            6.7%             1.0           LDRC 
      0.00            5.9%             1.0           Trial CTS 
      0.00            4.0%             1.0           Power/Area Opt 
      0.00            3.1%             1.0           Global Route 
      0.00            3.1%             1.0           Setup Opt 
      0.00            2.8%             1.0           Detail Route 
      0.00            2.6%             1.0           Final CTS 
      0.00            2.1%             1.0           ECO Route 
      0.00            1.6%             1.0           Logic Restructure 
      0.00            1.0%             1.0           CCD 
      0.00            0.8%             1.0           Full Timing Update 
      0.00            0.4%             0.9           Power CCD 
      0.00            0.2%             1.0           Legalize 
      0.00            0.1%             1.0           Hold Opt 
      0.00            0.1%             1.0           DFT Opt 
      0.00            0.0%             1.0           CUS 
      0.00            0.0%             1.0           DRC CCD 
      0.00            0.0%             1.0           TNS CCD 
      0.00            0.0%             0.9           RC Refresh 
----------------------------------------------------------------------------
      0.01          100.0%             1.0           Total 
----------------------------------------------------------------------------

Host Options:
-------------
Max cores: 1

Machine Spec:
-------------
12th Gen Intel(R) Core(TM) i5-12400 / 12 CPUs  
Sockets: 1, Cores: 6, HT/SMT, not-VM
----------------------------------------------------------------------------

Information: Running auto PG connection. (NDM-099)
Information: Ending   'clock_opt' (FLW-8001)
Information: Time: 2026-09-26 04:29:48 / Session:  00:00:45 / Command:  00:00:16 / CPU:  00:00:15 / Memory: 1429 MB (FLW-8100)
1
report_clock_timing -type skew > $OUT_Q/clock_skew.rpt
#------------------- 5) routing ---------------------------------------
route_auto
Warning: Please run the command "check_routability" before running Zroute commands. (ZRT-762)
Information: Starting 'route_auto' (FLW-8000)
Information: Time: 2026-09-26 04:29:48 / Session:  00:00:45 / Command:  00:00:00 / CPU:  00:00:00 / Memory: 1429 MB (FLW-8100)
INFO: wire-opt feature for router enabled
Information: The net parasitics of block water_sched are cleared. (TIM-123)
Cell Min-Routing-Layer = M1
Cell Max-Routing-Layer = MRDL
Turn off antenna since no rule is specified
Information: Option route.detail.force_end_on_preferred_grid will be ignored since none of the layers have preferred grid. (ZRT-703)
Warning: Cannot find a default contact code for layer CO. (ZRT-022)
Warning: Port VDD of cell water_sched is unplaced.  This may impact routing result. (ZRT-740)
Warning: Port VSS of cell water_sched is unplaced.  This may impact routing result. (ZRT-740)
Warning: Ignore 2 top cell ports with no pins. (ZRT-027)
Info: number of net_type_blockage: 0 
Information: Via ladder engine would be activated for pattern must join connection in certain commands. Please refer to man-page for the command list. (ZRT-619)
Information: AutoNdr rule can't be found. Check the settings.
Information: When applicable Min-max layer allow_pin_connection mode will allow paths of length 3.55 outside the layer range. (ZRT-707)
Information: When applicable Min-max layer allow_pin_connection mode will allow paths of length 3.55 outside the layer range on clock nets. (ZRT-718)
Information: When applicable layer based tapering will taper up to 0.00 in distance from the pin. (ZRT-706)
Warning: Standard cell pin AOINVX4_RVT/VDDG has no valid via regions. (ZRT-044)
Warning: Standard cell pin AOINVX1_RVT/VDDG has no valid via regions. (ZRT-044)
Warning: Standard cell pin AOINVX2_RVT/VDDG has no valid via regions. (ZRT-044)
Warning: Standard cell pin AOBUFX2_RVT/VDDG has no valid via regions. (ZRT-044)
Warning: Standard cell pin AOBUFX4_RVT/VDDG has no valid via regions. (ZRT-044)
Warning: Standard cell pin AOBUFX1_RVT/VDDG has no valid via regions. (ZRT-044)

    Found 0 via ladders to verify.

VIA LADDER INFO: found 0 via ladder DRCs across 0 nets.
Updating the database ...

    Via ladders will be inserted on 0 of 0 ports with via ladder constraints.

Updating the database ...
[Arrange data for GR] Elapsed real time: 0:00:00 
[Arrange data for GR] Elapsed cpu  time: sys=0:00:00 usr=0:00:00 total=0:00:00
[Arrange data for GR] Stage (MB): Used    0  Alloctr    0  Proc    0 
[Arrange data for GR] Total (MB): Used    0  Alloctr    0  Proc 5463 
Information: Skipping global routing as it has already been run in the global_route_opt stage of clock_opt. (ZRT-607)

Start track assignment

Printing options for 'route.common.*'

Printing options for 'route.track.*'
track.allow_wire_outside_gcell                          :	 true                
track.enable_auto_ndr_flow                              :	 true                

Loading parastics information to the router ...
parastics information loaded to the router.
Information: Using 1 threads for routing. (ZRT-444)
Information: RC layer preference is turned on for this design. (ZRT-613)

[Track Assign: TA init] Elapsed real time: 0:00:00 
[Track Assign: TA init] Elapsed cpu  time: sys=0:00:00 usr=0:00:00 total=0:00:00
[Track Assign: TA init] Stage (MB): Used    0  Alloctr    0  Proc    0 
[Track Assign: TA init] Total (MB): Used    0  Alloctr    0  Proc 5463 

Start initial assignment

Assign Horizontal partitions, iteration 0 
Routed partition 1/11       
Routed partition 2/11       
Routed partition 3/11       
Routed partition 4/11       
Routed partition 5/11       
Routed partition 6/11       
Routed partition 7/11       
Routed partition 8/11       
Routed partition 9/11       
Routed partition 10/11      
Routed partition 11/11      

Assign Vertical partitions, iteration 0 
Routed partition 1/11       
Routed partition 2/11       
Routed partition 3/11       
Routed partition 4/11       
Routed partition 5/11       
Routed partition 6/11       
Routed partition 7/11       
Routed partition 8/11       
Routed partition 9/11       
Routed partition 10/11      
Routed partition 11/11      

Number of wires with overlap after iteration 0 = 1716 of 5557


[Track Assign: Iteration 0] Elapsed real time: 0:00:00 
[Track Assign: Iteration 0] Elapsed cpu  time: sys=0:00:00 usr=0:00:00 total=0:00:00
[Track Assign: Iteration 0] Stage (MB): Used    0  Alloctr    0  Proc    0 
[Track Assign: Iteration 0] Total (MB): Used    0  Alloctr    0  Proc 5463 

Reroute to fix overlaps (iter = 1)

Assign Horizontal partitions, iteration 1 
Routed partition 1/11       
Routed partition 2/11       
Routed partition 3/11       
Routed partition 4/11       
Routed partition 5/11       
Routed partition 6/11       
Routed partition 7/11       
Routed partition 8/11       
Routed partition 9/11       
Routed partition 10/11      
Routed partition 11/11      

Assign Vertical partitions, iteration 1 
Routed partition 1/11       
Routed partition 2/11       
Routed partition 3/11       
Routed partition 4/11       
Routed partition 5/11       
Routed partition 6/11       
Routed partition 7/11       
Routed partition 8/11       
Routed partition 9/11       
Routed partition 10/11      
Routed partition 11/11      

Number of wires with overlap after iteration 1 = 1264 of 5189


[Track Assign: Iteration 1] Elapsed real time: 0:00:00 
[Track Assign: Iteration 1] Elapsed cpu  time: sys=0:00:00 usr=0:00:00 total=0:00:00
[Track Assign: Iteration 1] Stage (MB): Used    0  Alloctr    0  Proc    0 
[Track Assign: Iteration 1] Total (MB): Used    0  Alloctr    0  Proc 5463 

Reroute to fix overlaps (iter = 2)

Assign Horizontal partitions, iteration 2 
Routed partition 1/11       
Routed partition 2/11       
Routed partition 3/11       
Routed partition 4/11       
Routed partition 5/11       
Routed partition 6/11       
Routed partition 7/11       
Routed partition 8/11       
Routed partition 9/11       
Routed partition 10/11      
Routed partition 11/11      

Assign Vertical partitions, iteration 2 
Routed partition 1/11       
Routed partition 2/11       
Routed partition 3/11       
Routed partition 4/11       
Routed partition 5/11       
Routed partition 6/11       
Routed partition 7/11       
Routed partition 8/11       
Routed partition 9/11       
Routed partition 10/11      
Routed partition 11/11      

[Track Assign: Iteration 2] Elapsed real time: 0:00:00 
[Track Assign: Iteration 2] Elapsed cpu  time: sys=0:00:00 usr=0:00:00 total=0:00:00
[Track Assign: Iteration 2] Stage (MB): Used    0  Alloctr    0  Proc    0 
[Track Assign: Iteration 2] Total (MB): Used    0  Alloctr    0  Proc 5463 

Number of wires with overlap after iteration 2 = 814 of 4057


Wire length and via report:
---------------------------
Number of M1 wires: 702 		  : 0
Number of M2 wires: 2181 		 VIA12SQ_C: 1941
Number of M3 wires: 1154 		 VIA23SQ_C: 1866
Number of M4 wires: 18 		 VIA34SQ_C: 25
Number of M5 wires: 2 		 VIA45SQ_C: 4
Number of M6 wires: 0 		 VIA56SQ_C: 0
Number of M7 wires: 0 		 VIA67SQ_C: 0
Number of M8 wires: 0 		 VIA78SQ_C: 0
Number of M9 wires: 0 		 VIA89_C: 0
Number of MRDL wires: 0 		 VIA9RDL: 0
Total number of wires: 4057 		 vias: 3836

Total M1 wire length: 297.6
Total M2 wire length: 3693.5
Total M3 wire length: 3370.1
Total M4 wire length: 68.1
Total M5 wire length: 19.2
Total M6 wire length: 0.0
Total M7 wire length: 0.0
Total M8 wire length: 0.0
Total M9 wire length: 0.0
Total MRDL wire length: 0.0
Total wire length: 7448.5

Longest M1 wire length: 16.6
Longest M2 wire length: 47.1
Longest M3 wire length: 42.3
Longest M4 wire length: 38.3
Longest M5 wire length: 10.0
Longest M6 wire length: 0.0
Longest M7 wire length: 0.0
Longest M8 wire length: 0.0
Longest M9 wire length: 0.0
Longest MRDL wire length: 0.0


[Track Assign: Done] Elapsed real time: 0:00:00 
[Track Assign: Done] Elapsed cpu  time: sys=0:00:00 usr=0:00:00 total=0:00:00
[Track Assign: Done] Stage (MB): Used    0  Alloctr    0  Proc    0 
[Track Assign: Done] Total (MB): Used    0  Alloctr    0  Proc 5463 
 Info: Xtalk flow is enabled for DR ...
Printing options for 'route.common.*'

Printing options for 'route.detail.*'
detail.enable_auto_ndr_flow                             :	 true                

Printing options for 'route.auto_via_ladder.*'

There are 0 out of total 627 nets with relaxed min layer from GR.
Information: RC layer preference is turned on for this design. (ZRT-613)
[Dr init] Elapsed real time: 0:00:00 
[Dr init] Elapsed cpu  time: sys=0:00:00 usr=0:00:00 total=0:00:00
[Dr init] Stage (MB): Used    0  Alloctr    0  Proc    0 
[Dr init] Total (MB): Used    0  Alloctr    0  Proc 5463 
Total number of nets = 627, of which 0 are not extracted
Total number of open nets = 0, of which 0 are frozen
Information: Using 1 threads for routing. (ZRT-444)
Start DR iteration 0: uniform partition
Routed	1/16 Partitions, Violations =	3
Routed	2/16 Partitions, Violations =	4
Routed	3/16 Partitions, Violations =	1
Routed	4/16 Partitions, Violations =	1
Routed	5/16 Partitions, Violations =	1
Routed	6/16 Partitions, Violations =	4
Routed	7/16 Partitions, Violations =	6
Routed	8/16 Partitions, Violations =	5
Routed	9/16 Partitions, Violations =	9
Routed	10/16 Partitions, Violations =	12
Routed	11/16 Partitions, Violations =	13
Routed	12/16 Partitions, Violations =	10
Routed	13/16 Partitions, Violations =	9
Routed	14/16 Partitions, Violations =	16
Routed	15/16 Partitions, Violations =	10
Routed	16/16 Partitions, Violations =	0

DRC-SUMMARY:
	@@@@@@@ TOTAL VIOLATIONS =	0

Information: The app option "route.detail.report_soft_drc_separately" will be on-by-default in future release. (ZRT-807)
	@@@@@@@ TOTAL SOFT VIOLATIONS =	0

[Iter 0] Elapsed real time: 0:00:00 
[Iter 0] Elapsed cpu  time: sys=0:00:00 usr=0:00:00 total=0:00:00
[Iter 0] Stage (MB): Used    0  Alloctr    0  Proc    0 
[Iter 0] Total (MB): Used    0  Alloctr    0  Proc 5463 

End DR iteration 0 with 16 parts

Finish DR since reached 0 DRC

[DR] Elapsed real time: 0:00:00 
[DR] Elapsed cpu  time: sys=0:00:00 usr=0:00:00 total=0:00:00
[DR] Stage (MB): Used    0  Alloctr    0  Proc    0 
[DR] Total (MB): Used    0  Alloctr    0  Proc 5463 
[DR: Done] Elapsed real time: 0:00:00 
[DR: Done] Elapsed cpu  time: sys=0:00:00 usr=0:00:00 total=0:00:00
[DR: Done] Stage (MB): Used    0  Alloctr    0  Proc    0 
[DR: Done] Total (MB): Used    0  Alloctr    0  Proc 5463 

DR finished with 0 open nets, of which 0 are frozen

DR finished with 0 violations

DRC-SUMMARY:
	@@@@@@@ TOTAL VIOLATIONS =	0

Information: The app option "route.detail.report_soft_drc_separately" will be on-by-default in future release. (ZRT-807)
	@@@@@@@ TOTAL SOFT VIOLATIONS =	0



Total Wire Length =                    8008 micron
Total Number of Contacts =             4026
Total Number of Wires =                4303
Total Number of PtConns =              532
Total Number of Routed Wires =       4267
Total Routed Wire Length =           7950 micron
Total Number of Routed Contacts =       4026
	Layer             M1 :        303 micron
	Layer             M2 :       3797 micron
	Layer             M3 :       3584 micron
	Layer             M4 :        234 micron
	Layer             M5 :         32 micron
	Layer             M6 :          0 micron
	Layer             M7 :          0 micron
	Layer             M8 :          0 micron
	Layer             M9 :          0 micron
	Layer           MRDL :          0 micron
	Via   VIA45SQ_C(rot) :          8
	Via        VIA34SQ_C :         94
	Via        VIA23SQ_C :          4
	Via   VIA23SQ_C(rot) :       1887
	Via        VIA12SQ_C :       1804
	Via   VIA12SQ_C(rot) :        220
	Via       VIA12BAR_C :          8
	Via    VIA12SQ_C_2x1 :          1

 
Redundant via conversion report:
--------------------------------

  Total optimized via conversion rate =  0.02% (1 / 4026 vias)
 
    Layer VIA1       =  0.05% (1      / 2033    vias)
        Weight 1     =  0.05% (1       vias)
        Un-optimized =  0.00% (0       vias)
        Un-mapped    = 99.95% (2032    vias)
    Layer VIA2       =  0.00% (0      / 1891    vias)
        Un-optimized =  0.00% (0       vias)
        Un-mapped    = 100.00% (1891    vias)
    Layer VIA3       =  0.00% (0      / 94      vias)
        Un-optimized =  0.00% (0       vias)
        Un-mapped    = 100.00% (94      vias)
    Layer VIA4       =  0.00% (0      / 8       vias)
        Un-optimized =  0.00% (0       vias)
        Un-mapped    = 100.00% (8       vias)
 
  Total double via conversion rate    =  0.02% (1 / 4026 vias)
 
    Layer VIA1       =  0.05% (1      / 2033    vias)
    Layer VIA2       =  0.00% (0      / 1891    vias)
    Layer VIA3       =  0.00% (0      / 94      vias)
    Layer VIA4       =  0.00% (0      / 8       vias)
 
  The optimized via conversion rate based on total routed via count =  0.02% (1 / 4026 vias)
 
    Layer VIA1       =  0.05% (1      / 2033    vias)
        Weight 1     =  0.05% (1       vias)
        Un-optimized =  0.00% (0       vias)
        Un-mapped    = 99.95% (2032    vias)
    Layer VIA2       =  0.00% (0      / 1891    vias)
        Un-optimized =  0.00% (0       vias)
        Un-mapped    = 100.00% (1891    vias)
    Layer VIA3       =  0.00% (0      / 94      vias)
        Un-optimized =  0.00% (0       vias)
        Un-mapped    = 100.00% (94      vias)
    Layer VIA4       =  0.00% (0      / 8       vias)
        Un-optimized =  0.00% (0       vias)
        Un-mapped    = 100.00% (8       vias)
 

Total number of nets = 627
0 open nets, of which 0 are frozen
Total number of excluded ports = 0 ports of 0 unplaced cells connected to 0 nets
                                 0 ports without pins of 0 cells connected to 0 nets
                                 0 ports of 0 cover cells connected to 0 non-pg nets
Total number of DRCs = 0
Total number of antenna violations = antenna checking not active
Total number of DRCs on M3 and below = 0 
Information: Routes in non-preferred voltage areas = 0 (ZRT-559)

Updating the database ...
Information: Extraction observers are detached as design net change threshold is reached.

Information: Runtime Summary (route_auto)  (FLW-9000)
----------------------------------------------------------------------------
    Elapse (Hrs)   Elapse (%)       CPU/Elapse       Category
----------------------------------------------------------------------------
      0.00           48.7%             1.0           Track Assignment 
      0.00           45.3%             1.0           Detail Route 
      0.00            4.7%             1.0           Other 
      0.00            1.3%             1.0           Via Ladder 
----------------------------------------------------------------------------
      0.00          100.0%             1.0           Total 
----------------------------------------------------------------------------

Host Options:
-------------
Max cores: 1

Machine Spec:
-------------
12th Gen Intel(R) Core(TM) i5-12400 / 12 CPUs  
Sockets: 1, Cores: 6, HT/SMT, not-VM
----------------------------------------------------------------------------

Information: Ending   'route_auto' (FLW-8001)
Information: Time: 2026-09-26 04:29:50 / Session:  00:00:47 / Command:  00:00:01 / CPU:  00:00:01 / Memory: 1429 MB (FLW-8100)
route_opt
Information: Starting 'route_opt' (FLW-8000)
Information: Time: 2026-09-26 04:29:50 / Session:  00:00:47 / Command:  00:00:00 / CPU:  00:00:00 / Memory: 1429 MB (FLW-8100)
INFO: route_opt is running in balanced flow mode
Warning: SI analysis is not enabled for post-route optimization. (ROPT-002)
INFO: Total Power Aware Optimization Enabled (Dynamic + Leakage)
RO is run without TCE settings 
Route-opt command begin                   CPU:    43 s (  0.01 hr )  ELAPSE:    47 s (  0.01 hr )  MEM-PEAK:  1429 MB
Warning: SI analysis is not enabled for post-route optimization. (ROPT-002)
INFO: route_opt is running with flow.common.io_priority high.
INFO: place.legalize.enable_advanced_legalizer not set - need to revert CLO
INFO: Concurrent Legalization and Optimization (CLO) Reverted
INFO: place.legalize.enable_advanced_legalizer not set - need to revert CLO
Information: The stitching and editing of coupling caps is turned OFF for design 'water_sched_lib:water_sched.design'. (TIM-125)
Information: Design water_sched has 627 nets, 0 global routed, 625 detail routed. (NEX-024)
Information: The RC mode used is DR for design 'water_sched'. (NEX-022)
---extraction options---
Corner: default
Global options:
 reference_direction       : use_from_tluplus
 real_metalfill_extraction : none
 virtual_shield_extraction : true
---app options---
 host.max_cores                   : 1
 extract.connect_open           : true
 extract.enable_coupling_cap    : false
Extracting design: water_sched 
Information: coupling capacitance is lumped to ground. (NEX-030)
Information: 625 nets are successfully extracted. (NEX-028)
Warning: Advanced receiver model has not been enabled for detailed routed design. (TIM-204)
Information: Update timing completed net estimation for all the timing graph nets (TIM-111)
Information: Net estimation statistics: timing graph nets = 625, routed nets = 625, across physical hierarchy nets = 0, parasitics cached nets = 625, delay annotated nets = 0, parasitics annotated nets = 0, multi-voltage nets = 0. (TIM-112)
Info: update em.

Route-opt timing update complete          CPU:    43 s (  0.01 hr )  ELAPSE:    48 s (  0.01 hr )  MEM-PEAK:  1429 MB
INFO: Propagating Switching Activities
Information: Activity propagation will be performed for scenario default.
Information: Doing activity propagation for mode 'default' and corner 'default' with effort level 'medium'. (POW-024)
Information: Timer-derived activity data is cached on scenario default (POW-052)
Information: Running switching activity propagation in scalar mode!

 **** Information : No. of simulation cycles = 7 ****
INFO: Switching Activity propagation took     0.00001 sec
INFO: Propagating Switching Activity for all power flows 

Route-opt initial QoR
_____________________
Scenario Mapping Table
1: default

Pathgroup Mapping Table
1: **default**
2: **async_default**
3: **clock_gating_default**
4: **in2reg_default**
5: **reg2out_default**
6: **in2out_default**
7: core_clk

-------------------------------------------------------------------------------------------------------------------------------------------------------------
PATHGROUP QOR 
-------------------------------------------------------------------------------------------------------------------------------------------------------------
Scene  PG      WNS        TNS    NSV      WHV        THV    NHV
    1   1   0.0000     0.0000      0   0.0000     0.0000      0
    1   2   0.0000     0.0000      0   0.0000     0.0000      0
    1   3   0.0000     0.0000      0   0.0000     0.0000      0
    1   4   0.0000     0.0000      0   0.0000     0.0000      0
    1   5   0.0000     0.0000      0   0.0000     0.0000      0
    1   6   0.0000     0.0000      0   0.0000     0.0000      0
    1   7   0.0000     0.0000      0   0.0000     0.0000      0
----------------------------------------------------------------------------------------------------------------------------------------------------------------------
SCENARIO QOR 
----------------------------------------------------------------------------------------------------------------------------------------------------------------------
Scene  PG      WNS        TNS   R2RTNS    NSV      WHV        THV    NHV  MaxTrnV   MaxTranC  MaxCapV    Leakage
    1   *   0.0000     0.0000   0.0000      0   0.0000     0.0000      0        0     0.0000        0 31711418.0
----------------------------------------------------------------------------------------------------------------------------------------------------------------------
DESIGN QOR 
----------------------------------------------------------------------------------------------------------------------------------------------------------------------
Scene  PG      WNS        TNS   R2RTNS    NSV      WHV        THV    NHV  MaxTrnV   MaxTranC  MaxCapV    Leakage         Area    InstCnt
    *   *   0.0000     0.0000   0.0000      0   0.0000     0.0000      0        0     0.0000        0 31711418.0      1796.54        558
----------------------------------------------------------------------------------------------------------------------------------------------------------------------

Route-opt initial QoR Summary       WNS        TNS   R2RTNS    NSV      WHV        THV    NHV  MaxTrnV  MaxCapV    Leakage         Area    InstCnt
Route-opt initial QoR Summary    0.0000     0.0000   0.0000      0   0.0000     0.0000      0        0        0 31711418.0      1796.54        558
Information: The netlist change observers are disabled for incremental extraction. (TIM-126)
INFO: using 1 threads
Route-opt initialization complete         CPU:    44 s (  0.01 hr )  ELAPSE:    48 s (  0.01 hr )  MEM-PEAK:  1429 MB
Route-opt optimization summary            SETUP-COST    R2R-COST HOLD-COST LDRC-COST          AREA     LEAKAGE     INSTCNT            ELAPSE       MEM
Information: Initializing classic cellmap without advanced rules enabled and with PDC enabled
Information: The following app options are used in cellmap
        place.legalize.enable_color_aware_placement : false
        place.legalize.use_nll_query_cm : false
        place.legalize.enable_advanced_legalizer : false
        place.legalize.enable_prerouted_net_check : true
        place.legalize.enable_advanced_prerouted_net_check : false
        place.legalize.always_continue : true
        place.legalize.limit_legality_checks : false
        place.common.pnet_aware_density : 1.0000
        place.common.pnet_aware_min_width : 0.0000
        place.common.pnet_aware_layers : {}
        place.common.use_placement_model : false
        place.common.enable_advanced_placement_model : true
        cts.placement.cell_spacing_rule_style : maximum
Information: Creating classic rule checker.
Warning: Routing direction of metal layer PO is neither "horizontal" nor "vertical".  PDC checks will not be performed on this layer. (PDC-003)
PDC app_options settings =========
	place.legalize.enable_prerouted_net_check: 1
	place.legalize.num_tracks_for_access_check: 1
	place.legalize.use_eol_spacing_for_access_check: 0
	place.legalize.allow_touch_track_for_access_check: 1
	place.legalize.reduce_conservatism_in_eol_check: 0
	place.legalize.preroute_shape_merge_distance: 0.0
	place.legalize.enable_non_preferred_direction_span_check: 0

Layer M1: cached 0 shapes out of 697 total shapes.
Layer M2: cached 0 shapes out of 2810 total shapes.
Cached 0 vias out of 4026 total vias.
Total 0.0129 seconds to build cellmap data
INFO: creating 14(r) x 14(c) GridCells YDim 5.016 XDim 5.016
INFO: number of GridCells (water_sched): 196
INFO: creating 14(r) x 14(c) GridCells YDim 5.016 XDim 5.016
INFO: number of GridCells (water_sched): 196
Total 0.0057 seconds to load 558 cell instances into cellmap
Moveable cells: 555; Application fixed cells: 3; Macro cells: 0; User fixed cells: 0
621 out of 621 data nets are detail routed, 4 out of 4 clock nets are detail routed and total 625 nets have been analyzed
Estimated current stage is after clock and data detail route stage
Average cell width 1.9256, cell height 1.6720, cell area 3.2196 for total 558 placed and application fixed cells
INFO: place.legalize.enable_advanced_legalizer not set - need to revert CLO


Route-opt optimization Phase 2 Iter  1          0.00        0.00      0.00         -       1796.54  31711418.00         558              0.01      1429

Route-opt optimization Phase 3 Iter  1          0.00        0.00      0.00         -       1796.54  31711418.00         558              0.01      1429

Route-opt optimization Phase 4 Iter  1          0.00        0.00      0.00         0       1796.54  31711418.00         558              0.01      1429
Route-opt optimization Phase 4 Iter  2          0.00        0.00      0.00         0       1796.54  31711418.00         558              0.01      1429
Route-opt optimization Phase 4 Iter  3          0.00        0.00      0.00         0       1796.54  31711418.00         558              0.01      1429
Route-opt optimization Phase 4 Iter  4          0.00        0.00      0.00         0       1796.54  31711418.00         558              0.01      1429


Route-opt optimization Phase 6 Iter  1          0.00        0.00      0.00         0       1796.54  31711418.00         558              0.01      1429
Route-opt optimization Phase 6 Iter  2          0.00        0.00      0.00         0       1796.54  31711418.00         558              0.01      1429
Route-opt optimization Phase 6 Iter  3          0.00        0.00      0.00         0       1796.54  31711418.00         558              0.01      1429
Route-opt optimization Phase 6 Iter  4          0.00        0.00      0.00         0       1796.54  31711418.00         558              0.01      1429
Route-opt optimization Phase 6 Iter  5          0.00        0.00      0.00         0       1796.54  31711418.00         558              0.01      1429
Route-opt optimization Phase 6 Iter  6          0.00        0.00      0.00         0       1796.54  31711418.00         558              0.01      1429
Route-opt optimization Phase 6 Iter  7          0.00        0.00      0.00         0       1796.54  31711418.00         558              0.01      1429
Route-opt optimization Phase 6 Iter  8          0.00        0.00      0.00         0       1796.54  31711418.00         558              0.01      1429
Route-opt optimization Phase 6 Iter  9          0.00        0.00      0.00         0       1796.54  31711418.00         558              0.01      1429
Route-opt optimization Phase 6 Iter 10          0.00        0.00      0.00         0       1796.54  31711418.00         558              0.01      1429
Route-opt optimization Phase 6 Iter 11          0.00        0.00      0.00         0       1796.54  31711418.00         558              0.01      1429
Route-opt optimization Phase 6 Iter 12          0.00        0.00      0.00         0       1796.54  31711418.00         558              0.01      1429
Route-opt optimization Phase 6 Iter 13          0.00        0.00      0.00         0       1796.54  31711418.00         558              0.01      1429

Route-opt optimization Phase 7 Iter  1          0.00        0.00      0.00         0       1796.54  31711418.00         558              0.01      1429
Route-opt optimization Phase 7 Iter  2          0.00        0.00      0.00         0       1796.54  31711418.00         558              0.01      1429

Enable clock slack update
INFO: cellmap features:  adv-rules=(Y), pdc=(Y), clock-rules=(Y)
Route-opt optimization Phase 8 Iter  1          0.00        0.00      0.00         0       1796.54  31711418.00         558              0.01      1429
INFO: cellmap features:  adv-rules=(N), pdc=(Y), clock-rules=(Y)

Route-opt optimization Phase 9 Iter  1          0.00        0.00      0.00         0       1796.54  31711418.00         558              0.01      1429
Route-opt optimization Phase 9 Iter  2          0.00        0.00      0.00         0       1796.54  31711418.00         558              0.01      1429
Route-opt optimization Phase 9 Iter  3          0.00        0.00      0.00         0       1796.54  31711418.00         558              0.01      1429
Route-opt optimization Phase 9 Iter  4          0.00        0.00      0.00         0       1796.54  31711418.00         558              0.01      1429
Route-opt optimization Phase 9 Iter  5          0.00        0.00      0.00         0       1796.54  31711418.00         558              0.01      1429
Route-opt optimization summary            SETUP-COST    R2R-COST HOLD-COST LDRC-COST          AREA     LEAKAGE     INSTCNT            ELAPSE       MEM
Route-opt optimization Phase 9 Iter  6          0.00        0.00      0.00         0       1796.54  31711418.00         558              0.01      1429
Route-opt optimization Phase 9 Iter  7          0.00        0.00      0.00         0       1796.54  31711418.00         558              0.01      1429
Route-opt optimization Phase 9 Iter  8          0.00        0.00      0.00         0       1796.54  31711418.00         558              0.01      1429

Enable clock slack update
INFO: cellmap features:  adv-rules=(Y), pdc=(Y), clock-rules=(Y)
Route-opt optimization Phase 10 Iter  1         0.00        0.00      0.00         0       1796.54  31711418.00         558              0.01      1429
INFO: cellmap features:  adv-rules=(N), pdc=(Y), clock-rules=(Y)

Route-opt optimization Phase 11 Iter  1         0.00        0.00      0.00         0       1796.54  31711418.00         558              0.01      1429
Route-opt optimization Phase 11 Iter  2         0.00        0.00      0.00         0       1796.54  31711418.00         558              0.01      1429

Route-opt optimization Phase 12 Iter  1         0.00        0.00      0.00         0       1796.29  31677384.00         558              0.01      1429

Route-opt optimization Phase 13 Iter  1         0.00        0.00      0.00         0       1794.26  31613220.00         557              0.01      1429
Route-opt optimization Phase 13 Iter  2         0.00        0.00      0.00         0       1794.26  31613220.00         557              0.01      1429

Information: Option route.detail.force_end_on_preferred_grid will be ignored since none of the layers have preferred grid. (ZRT-703)
Information: Via ladder engine would be activated for pattern must join connection in certain commands. Please refer to man-page for the command list. (ZRT-619)
Information: When applicable Min-max layer allow_pin_connection mode will allow paths of length 3.55 outside the layer range. (ZRT-707)
Information: When applicable Min-max layer allow_pin_connection mode will allow paths of length 3.55 outside the layer range on clock nets. (ZRT-718)
Information: When applicable layer based tapering will taper up to 0.00 in distance from the pin. (ZRT-706)

Route-opt route preserve complete         CPU:    45 s (  0.01 hr )  ELAPSE:    49 s (  0.01 hr )  MEM-PEAK:  1429 MB

INFO: Sending timing info to router
INFO: wire-opt feature for router enabled
Information: Serialized np data
INFO: timer data saved to /tmp/water_sched_60493_611241160.timdat
Information: The netlist change observers are enabled for incremental extraction. (TIM-127)
nplDplc2Placer::setParam(effort,1)
nplDplc2Placer::setParam(debug,0)
nplDplc2Placer::setParam(site_check,2)
nplDplc2Placer::setParam(app_firm_wgt,0)
Warning: Routing direction of metal layer PO is neither "horizontal" nor "vertical".  PDC checks will not be performed on this layer. (PDC-003)
PDC app_options settings =========
	place.legalize.enable_prerouted_net_check: 1
	place.legalize.num_tracks_for_access_check: 1
	place.legalize.use_eol_spacing_for_access_check: 0
	place.legalize.allow_touch_track_for_access_check: 1
	place.legalize.reduce_conservatism_in_eol_check: 0
	place.legalize.preroute_shape_merge_distance: 0.0
	place.legalize.enable_non_preferred_direction_span_check: 0

Layer M1: cached 0 shapes out of 701 total shapes.
Layer M2: cached 0 shapes out of 2811 total shapes.
Cached 0 vias out of 4028 total vias.

Legalizing Top Level Design water_sched ... 
Information: Initializing classic cellmap without advanced rules enabled and without PDC enabled
Information: The following app options are used in cellmap
        place.legalize.enable_color_aware_placement : false
        place.legalize.use_nll_query_cm : false
        place.legalize.enable_advanced_legalizer : false
        place.legalize.enable_prerouted_net_check : true
        place.legalize.enable_advanced_prerouted_net_check : false
        place.legalize.always_continue : true
        place.legalize.limit_legality_checks : false
        place.common.pnet_aware_density : 1.0000
        place.common.pnet_aware_min_width : 0.0000
        place.common.pnet_aware_layers : {}
        place.common.use_placement_model : false
        place.common.enable_advanced_placement_model : true
        cts.placement.cell_spacing_rule_style : maximum
Total 0.0087 seconds to build cellmap data
Information: Creating classic rule checker.
Warning: Routing direction of metal layer PO is neither "horizontal" nor "vertical".  PDC checks will not be performed on this layer. (PDC-003)
=====> Processed 42 ref cells (8 fillers) from library

Bounds/Regions In This Design:
        Area    Num Cells  Exclusive Name
 (square um)
     3469.07          557        Yes DEFAULT_VA

Starting legalizer.
Warning: Exclusive bound 'DEFAULT' has no cells.
Optimizing Exclusive Bound 'DEFAULT_VA' (2/2)
    Done Exclusive Bound 'DEFAULT_VA' (2/2) (0 sec)
Legalization complete (0 total sec)

****************************************
  Report : Placement Attempts
  Site   : unit
****************************************

number of cells:                    557
number of references:                42
number of site rows:                 35
number of locations attempted:    11475
number of locations failed:           0  (0.0%)

Legality of references at locations:
0 references had failures.

Legality of references in rows:
0 references had row failures.

****************************************
  Report : Cell Displacements
****************************************

number of cells aggregated:         554 (7015 total sites)
avg row height over cells:        1.672 um
rms cell displacement:            0.000 um ( 0.00 row height)
rms weighted cell displacement:   0.000 um ( 0.00 row height)
max cell displacement:            0.000 um ( 0.00 row height)
avg cell displacement:            0.000 um ( 0.00 row height)
avg weighted cell displacement:   0.000 um ( 0.00 row height)
number of cells moved:                0
number of large displacements:        0
large displacement threshold:     3.000 row height

Displacements of worst 10 cells:
Cell: U641 (AND2X1_RVT)
  Input location: (44.672,36.768)
  Legal location: (44.672,36.768)
  Displacement:   0.000 um ( 0.00 row height)
Cell: U549 (AND2X1_RVT)
  Input location: (43.912,30.08)
  Legal location: (43.912,30.08)
  Displacement:   0.000 um ( 0.00 row height)
Cell: U503 (AND2X1_RVT)
  Input location: (51.664,28.408)
  Legal location: (51.664,28.408)
  Displacement:   0.000 um ( 0.00 row height)
Cell: U480 (AND2X1_RVT)
  Input location: (36.008,30.08)
  Legal location: (36.008,30.08)
  Displacement:   0.000 um ( 0.00 row height)
Cell: U332 (AND2X1_RVT)
  Input location: (46.496,15.032)
  Legal location: (46.496,15.032)
  Displacement:   0.000 um ( 0.00 row height)
Cell: U375 (AND2X1_RVT)
  Input location: (60.784,6.672)
  Legal location: (60.784,6.672)
  Displacement:   0.000 um ( 0.00 row height)
Cell: U374 (AND2X1_RVT)
  Input location: (54.552,6.672)
  Legal location: (54.552,6.672)
  Displacement:   0.000 um ( 0.00 row height)
Cell: U349 (AND2X1_RVT)
  Input location: (48.168,18.376)
  Legal location: (48.168,18.376)
  Displacement:   0.000 um ( 0.00 row height)
Cell: U348 (AND2X1_RVT)
  Input location: (46.648,18.376)
  Legal location: (46.648,18.376)
  Displacement:   0.000 um ( 0.00 row height)
Cell: U689 (AND2X1_RVT)
  Input location: (47.864,26.736)
  Legal location: (47.864,26.736)
  Displacement:   0.000 um ( 0.00 row height)

Legalization succeeded.
Total Legalizer CPU: 0.037
Total Legalizer Wall Time: 0.038
----------------------------------------------------------------

Route-opt legalization complete           CPU:    45 s (  0.01 hr )  ELAPSE:    49 s (  0.01 hr )  MEM-PEAK:  1429 MB
INFO: Router Max Iterations set to : 5 
Cell Min-Routing-Layer = M1
Cell Max-Routing-Layer = MRDL
Turn off antenna since no rule is specified
Information: Option route.detail.force_end_on_preferred_grid will be ignored since none of the layers have preferred grid. (ZRT-703)
Warning: Cannot find a default contact code for layer CO. (ZRT-022)
Warning: Port VDD of cell water_sched is unplaced.  This may impact routing result. (ZRT-740)
Warning: Port VSS of cell water_sched is unplaced.  This may impact routing result. (ZRT-740)
Warning: Ignore 2 top cell ports with no pins. (ZRT-027)
Info: number of net_type_blockage: 0 
Information: Via ladder engine would be activated for pattern must join connection in certain commands. Please refer to man-page for the command list. (ZRT-619)
Information: AutoNdr rule can't be found. Check the settings.
Information: When applicable Min-max layer allow_pin_connection mode will allow paths of length 3.55 outside the layer range. (ZRT-707)
Information: When applicable Min-max layer allow_pin_connection mode will allow paths of length 3.55 outside the layer range on clock nets. (ZRT-718)
Information: When applicable layer based tapering will taper up to 0.00 in distance from the pin. (ZRT-706)
Warning: Standard cell pin AOINVX4_RVT/VDDG has no valid via regions. (ZRT-044)
Warning: Standard cell pin AOINVX1_RVT/VDDG has no valid via regions. (ZRT-044)
Warning: Standard cell pin AOINVX2_RVT/VDDG has no valid via regions. (ZRT-044)
Warning: Standard cell pin AOBUFX2_RVT/VDDG has no valid via regions. (ZRT-044)
Warning: Standard cell pin AOBUFX4_RVT/VDDG has no valid via regions. (ZRT-044)
Warning: Standard cell pin AOBUFX1_RVT/VDDG has no valid via regions. (ZRT-044)
[ECO: DbIn With Extraction] Elapsed real time: 0:00:00 
[ECO: DbIn With Extraction] Elapsed cpu  time: sys=0:00:00 usr=0:00:00 total=0:00:00
[ECO: DbIn With Extraction] Stage (MB): Used    0  Alloctr    0  Proc    0 
[ECO: DbIn With Extraction] Total (MB): Used    0  Alloctr    0  Proc 5463 
[ECO: Before Refresh Via Ladder Phase] Elapsed real time: 0:00:00 
[ECO: Before Refresh Via Ladder Phase] Elapsed cpu  time: sys=0:00:00 usr=0:00:00 total=0:00:00
[ECO: Before Refresh Via Ladder Phase] Stage (MB): Used    0  Alloctr    0  Proc    0 
[ECO: Before Refresh Via Ladder Phase] Total (MB): Used    0  Alloctr    0  Proc 5463 

    Found 0 via ladders to verify.

VIA LADDER INFO: found 0 via ladder DRCs across 0 nets.
Updating the database ...

    Via ladders will be inserted on 0 of 0 ports with via ladder constraints.

Updating the database ...
[Arrange data for GR] Elapsed real time: 0:00:00 
[Arrange data for GR] Elapsed cpu  time: sys=0:00:00 usr=0:00:00 total=0:00:00
[Arrange data for GR] Stage (MB): Used    0  Alloctr    0  Proc    0 
[Arrange data for GR] Total (MB): Used    0  Alloctr    0  Proc 5463 
[ECO: After Refresh Via Ladder Phase] Elapsed real time: 0:00:00 
[ECO: After Refresh Via Ladder Phase] Elapsed cpu  time: sys=0:00:00 usr=0:00:00 total=0:00:00
[ECO: After Refresh Via Ladder Phase] Stage (MB): Used    0  Alloctr    0  Proc    0 
[ECO: After Refresh Via Ladder Phase] Total (MB): Used    0  Alloctr    0  Proc 5463 
Warning: Power net VDD has no power preroutes, skip tie-off. (ZRT-101)
Warning: Power net VSS has no power preroutes, skip tie-off. (ZRT-101)
[ECO: Analysis] Elapsed real time: 0:00:00 
[ECO: Analysis] Elapsed cpu  time: sys=0:00:00 usr=0:00:00 total=0:00:00
[ECO: Analysis] Stage (MB): Used    0  Alloctr    0  Proc    0 
[ECO: Analysis] Total (MB): Used    0  Alloctr    0  Proc 5463 
Num of eco nets = 624
Num of open eco nets = 1
[ECO: Init] Elapsed real time: 0:00:00 
[ECO: Init] Elapsed cpu  time: sys=0:00:00 usr=0:00:00 total=0:00:00
[ECO: Init] Stage (MB): Used    0  Alloctr    0  Proc    0 
[ECO: Init] Total (MB): Used    0  Alloctr    0  Proc 5463 
Start Global Route ... 
[Init] Elapsed real time: 0:00:00 
[Init] Elapsed cpu  time: sys=0:00:00 usr=0:00:00 total=0:00:00
[Init] Stage (MB): Used    0  Alloctr    0  Proc    0 
[Init] Total (MB): Used    0  Alloctr    0  Proc 5463 
Printing options for 'route.common.*'
common.verbose_level                                    :	 0                   

Printing options for 'route.global.*'

Begin global routing.
Loading parastics information to the router ...
parastics information loaded to the router.
[End of Loading Timing] Elapsed real time: 0:00:00 
[End of Loading Timing] Elapsed cpu  time: sys=0:00:00 usr=0:00:00 total=0:00:00
Constructing data structure ...
Design statistics:
Design Bounding Box (0.00um,0.00um,69.28um,68.52um)
Number of routing layers = 10
layer M1, dir Hor, min width = 0.05um, min space = 0.05um pitch = 0.152um
layer M2, dir Ver, min width = 0.056um, min space = 0.056um pitch = 0.152um
layer M3, dir Hor, min width = 0.056um, min space = 0.056um pitch = 0.304um
layer M4, dir Ver, min width = 0.056um, min space = 0.056um pitch = 0.304um
layer M5, dir Hor, min width = 0.056um, min space = 0.056um pitch = 0.608um
layer M6, dir Ver, min width = 0.056um, min space = 0.056um pitch = 0.608um
layer M7, dir Hor, min width = 0.056um, min space = 0.056um pitch = 1.216um
layer M8, dir Ver, min width = 0.056um, min space = 0.056um pitch = 1.216um
layer M9, dir Hor, min width = 0.16um, min space = 0.16um pitch = 2.432um
layer MRDL, dir Ver, min width = 2um, min space = 2um pitch = 4.864um
Current Stage stats:
[End of Build Tech Data] Elapsed real time: 0:00:00 
[End of Build Tech Data] Elapsed cpu  time: sys=0:00:00 usr=0:00:00 total=0:00:00
[End of Build Tech Data] Stage (MB): Used    0  Alloctr    0  Proc    0 
[End of Build Tech Data] Total (MB): Used    0  Alloctr    0  Proc 5463 
Warning: Power net VSS has no power preroutes, skip tie-off. (ZRT-101)
Net statistics:
Total number of nets     = 626
Number of nets to route  = 1
2 open nets
 of which 1 are without routing or PSV shapes
1 nets are partially connected,
 of which 1 are detail routed and 0 are global routed.
624 nets are fully connected,
 of which 623 are detail routed and 0 are global routed.
Current Stage stats:
[End of Build All Nets] Elapsed real time: 0:00:00 
[End of Build All Nets] Elapsed cpu  time: sys=0:00:00 usr=0:00:00 total=0:00:00
[End of Build All Nets] Stage (MB): Used    0  Alloctr    0  Proc    0 
[End of Build All Nets] Total (MB): Used    0  Alloctr    0  Proc 5463 
Net length statistics: 
Net Count(Ignore Fully Rted) 1, Total Half Perimeter Wire Length (HPWL) 63 microns
HPWL   0 ~   50 microns: Net Count        0	Total HPWL            0 microns
HPWL  50 ~  100 microns: Net Count        1	Total HPWL           63 microns
HPWL 100 ~  200 microns: Net Count        0	Total HPWL            0 microns
HPWL 200 ~  300 microns: Net Count        0	Total HPWL            0 microns
HPWL 300 ~  400 microns: Net Count        0	Total HPWL            0 microns
HPWL 400 ~  500 microns: Net Count        0	Total HPWL            0 microns
HPWL 500 ~  600 microns: Net Count        0	Total HPWL            0 microns
HPWL 600 ~  700 microns: Net Count        0	Total HPWL            0 microns
HPWL 700 ~  800 microns: Net Count        0	Total HPWL            0 microns
HPWL 800 ~  900 microns: Net Count        0	Total HPWL            0 microns
HPWL 900 ~ 1000 microns: Net Count        0	Total HPWL            0 microns
HPWL     > 1000 microns: Net Count        0	Total HPWL            0 microns
Number of partitions: 1 (1 x 1)
Size of partitions: 41 gCells x 41 gCells
Average gCell capacity  5.66	 on layer (1)	 M1
Average gCell capacity  11.02	 on layer (2)	 M2
Average gCell capacity  5.42	 on layer (3)	 M3
Average gCell capacity  5.51	 on layer (4)	 M4
Average gCell capacity  2.71	 on layer (5)	 M5
Average gCell capacity  2.76	 on layer (6)	 M6
Average gCell capacity  1.34	 on layer (7)	 M7
Average gCell capacity  1.37	 on layer (8)	 M8
Average gCell capacity  0.66	 on layer (9)	 M9
Average gCell capacity  0.32	 on layer (10)	 MRDL
Average number of tracks per gCell 11.02	 on layer (1)	 M1
Average number of tracks per gCell 11.12	 on layer (2)	 M2
Average number of tracks per gCell 5.54	 on layer (3)	 M3
Average number of tracks per gCell 5.59	 on layer (4)	 M4
Average number of tracks per gCell 2.80	 on layer (5)	 M5
Average number of tracks per gCell 2.83	 on layer (6)	 M6
Average number of tracks per gCell 1.44	 on layer (7)	 M7
Average number of tracks per gCell 1.44	 on layer (8)	 M8
Average number of tracks per gCell 0.73	 on layer (9)	 M9
Average number of tracks per gCell 0.37	 on layer (10)	 MRDL
Number of gCells = 16810
Current Stage stats:
[End of Build Congestion Map] Elapsed real time: 0:00:00 
[End of Build Congestion Map] Elapsed cpu  time: sys=0:00:00 usr=0:00:00 total=0:00:00
[End of Build Congestion Map] Stage (MB): Used    0  Alloctr    0  Proc    0 
[End of Build Congestion Map] Total (MB): Used    0  Alloctr    0  Proc 5463 
Current Stage stats:
[End of Add Nets Demand] Elapsed real time: 0:00:00 
[End of Add Nets Demand] Elapsed cpu  time: sys=0:00:00 usr=0:00:00 total=0:00:00
[End of Add Nets Demand] Stage (MB): Used    0  Alloctr    0  Proc    0 
[End of Add Nets Demand] Total (MB): Used    0  Alloctr    0  Proc 5463 
Number of user frozen nets = 0
Information: RC layer preference is turned on for this design. (ZRT-613)
Total stats:
[End of Build Data] Elapsed real time: 0:00:00 
[End of Build Data] Elapsed cpu  time: sys=0:00:00 usr=0:00:00 total=0:00:00
[End of Build Data] Stage (MB): Used    0  Alloctr    0  Proc    0 
[End of Build Data] Total (MB): Used    0  Alloctr    0  Proc 5463 
Number of partitions: 1 (1 x 1)
Size of partitions: 41 gCells x 41 gCells
Current Stage stats:
[End of Blocked Pin Detection] Elapsed real time: 0:00:00 
[End of Blocked Pin Detection] Elapsed cpu  time: sys=0:00:00 usr=0:00:00 total=0:00:00
[End of Blocked Pin Detection] Stage (MB): Used    0  Alloctr    0  Proc    0 
[End of Blocked Pin Detection] Total (MB): Used    0  Alloctr    0  Proc 5463 
Information: Using 1 threads for routing. (ZRT-444)
Information: Multiple gcell levels ON
Information: Buffer distance is estimated to be ~862.0000um (515 gCells)

Start GR phase 0
Number of partitions: 1 (1 x 1)
Size of partitions: 41 gCells x 41 gCells
[rtAllBotParts] Elapsed real time: 0:00:00 
[rtAllBotParts] Elapsed cpu  time: sys=0:00:00 usr=0:00:00 total=0:00:00
[rtTop] Elapsed real time: 0:00:00 
[rtTop] Elapsed cpu  time: sys=0:00:00 usr=0:00:00 total=0:00:00
Current Stage stats:
[End of Initial Routing] Elapsed real time: 0:00:00 
[End of Initial Routing] Elapsed cpu  time: sys=0:00:00 usr=0:00:00 total=0:00:00
[End of Initial Routing] Stage (MB): Used    0  Alloctr    0  Proc    0 
[End of Initial Routing] Total (MB): Used    0  Alloctr    0  Proc 5463 
Initial. Routing result:
Initial. Both Dirs: Dmd-Cap  =     0 Max = 0 GRCs =     0 (0.00%)
Initial. H routing: Dmd-Cap  =     0 Max = 0 (GRCs =  0) GRCs =     0 (0.00%)
Initial. V routing: Dmd-Cap  =     0 Max = 0 (GRCs =  0) GRCs =     0 (0.00%)
Initial. Both Dirs: Overflow =     9 Max = 4 GRCs =     5 (0.15%)
Initial. H routing: Overflow =     3 Max = 1 (GRCs =  3) GRCs =     3 (0.18%)
Initial. V routing: Overflow =     6 Max = 4 (GRCs =  1) GRCs =     2 (0.12%)
Initial. M1         Overflow =     0 Max = 0 (GRCs =  0) GRCs =     0 (0.00%)
Initial. M2         Overflow =     6 Max = 4 (GRCs =  1) GRCs =     2 (0.12%)
Initial. M3         Overflow =     3 Max = 1 (GRCs =  3) GRCs =     3 (0.18%)
Initial. M4         Overflow =     0 Max = 0 (GRCs =  0) GRCs =     0 (0.00%)
Initial. M5         Overflow =     0 Max = 0 (GRCs =  0) GRCs =     0 (0.00%)
Initial. M6         Overflow =     0 Max = 0 (GRCs =  0) GRCs =     0 (0.00%)
Initial. M7         Overflow =     0 Max = 0 (GRCs =  0) GRCs =     0 (0.00%)
Initial. M8         Overflow =     0 Max = 0 (GRCs =  0) GRCs =     0 (0.00%)
Initial. M9         Overflow =     0 Max = 0 (GRCs =  0) GRCs =     0 (0.00%)
Initial. MRDL       Overflow =     0 Max = 0 (GRCs =  0) GRCs =     0 (0.00%)

Initial. Total Wire Length = 1.00
Initial. Layer M1 wire length = 0.79
Initial. Layer M2 wire length = 0.21
Initial. Layer M3 wire length = 0.00
Initial. Layer M4 wire length = 0.00
Initial. Layer M5 wire length = 0.00
Initial. Layer M6 wire length = 0.00
Initial. Layer M7 wire length = 0.00
Initial. Layer M8 wire length = 0.00
Initial. Layer M9 wire length = 0.00
Initial. Layer MRDL wire length = 0.00
Initial. Total Number of Contacts = 2
Initial. Via VIA12SQ_C count = 2
Initial. Via VIA23SQ_C count = 0
Initial. Via VIA34SQ_C count = 0
Initial. Via VIA45SQ_C count = 0
Initial. Via VIA56SQ_C count = 0
Initial. Via VIA67SQ_C count = 0
Initial. Via VIA78SQ_C count = 0
Initial. Via VIA89_C count = 0
Initial. Via VIA9RDL count = 0
Initial. completed.

Start GR phase 1
Sat Sep 26 04:29:52 2026
Number of partitions: 1 (1 x 1)
Size of partitions: 41 gCells x 41 gCells
[rtAllParts] Elapsed real time: 0:00:00 
[rtAllParts] Elapsed cpu  time: sys=0:00:00 usr=0:00:00 total=0:00:00
Current Stage stats:
[End of Phase1 Routing] Elapsed real time: 0:00:00 
[End of Phase1 Routing] Elapsed cpu  time: sys=0:00:00 usr=0:00:00 total=0:00:00
[End of Phase1 Routing] Stage (MB): Used    0  Alloctr    0  Proc    0 
[End of Phase1 Routing] Total (MB): Used    0  Alloctr    0  Proc 5463 
phase1. Routing result:
phase1. Both Dirs: Dmd-Cap  =     0 Max = 0 GRCs =     0 (0.00%)
phase1. H routing: Dmd-Cap  =     0 Max = 0 (GRCs =  0) GRCs =     0 (0.00%)
phase1. V routing: Dmd-Cap  =     0 Max = 0 (GRCs =  0) GRCs =     0 (0.00%)
phase1. Both Dirs: Overflow =     9 Max = 4 GRCs =     5 (0.15%)
phase1. H routing: Overflow =     3 Max = 1 (GRCs =  3) GRCs =     3 (0.18%)
phase1. V routing: Overflow =     6 Max = 4 (GRCs =  1) GRCs =     2 (0.12%)
phase1. M1         Overflow =     0 Max = 0 (GRCs =  0) GRCs =     0 (0.00%)
phase1. M2         Overflow =     6 Max = 4 (GRCs =  1) GRCs =     2 (0.12%)
phase1. M3         Overflow =     3 Max = 1 (GRCs =  3) GRCs =     3 (0.18%)
phase1. M4         Overflow =     0 Max = 0 (GRCs =  0) GRCs =     0 (0.00%)
phase1. M5         Overflow =     0 Max = 0 (GRCs =  0) GRCs =     0 (0.00%)
phase1. M6         Overflow =     0 Max = 0 (GRCs =  0) GRCs =     0 (0.00%)
phase1. M7         Overflow =     0 Max = 0 (GRCs =  0) GRCs =     0 (0.00%)
phase1. M8         Overflow =     0 Max = 0 (GRCs =  0) GRCs =     0 (0.00%)
phase1. M9         Overflow =     0 Max = 0 (GRCs =  0) GRCs =     0 (0.00%)
phase1. MRDL       Overflow =     0 Max = 0 (GRCs =  0) GRCs =     0 (0.00%)

phase1. Total Wire Length = 1.00
phase1. Layer M1 wire length = 0.79
phase1. Layer M2 wire length = 0.21
phase1. Layer M3 wire length = 0.00
phase1. Layer M4 wire length = 0.00
phase1. Layer M5 wire length = 0.00
phase1. Layer M6 wire length = 0.00
phase1. Layer M7 wire length = 0.00
phase1. Layer M8 wire length = 0.00
phase1. Layer M9 wire length = 0.00
phase1. Layer MRDL wire length = 0.00
phase1. Total Number of Contacts = 2
phase1. Via VIA12SQ_C count = 2
phase1. Via VIA23SQ_C count = 0
phase1. Via VIA34SQ_C count = 0
phase1. Via VIA45SQ_C count = 0
phase1. Via VIA56SQ_C count = 0
phase1. Via VIA67SQ_C count = 0
phase1. Via VIA78SQ_C count = 0
phase1. Via VIA89_C count = 0
phase1. Via VIA9RDL count = 0
phase1. completed.
[End of Whole Chip Routing] Elapsed real time: 0:00:00 
[End of Whole Chip Routing] Elapsed cpu  time: sys=0:00:00 usr=0:00:00 total=0:00:00
[End of Whole Chip Routing] Stage (MB): Used    0  Alloctr    0  Proc    0 
[End of Whole Chip Routing] Total (MB): Used    0  Alloctr    0  Proc 5463 

Congestion utilization per direction:
Average vertical track utilization   = 10.47 %
Peak    vertical track utilization   = 75.00 %
Average horizontal track utilization = 11.13 %
Peak    horizontal track utilization = 70.00 %

[End of Global Routing] Elapsed real time: 0:00:00 
[End of Global Routing] Elapsed cpu  time: sys=0:00:00 usr=0:00:00 total=0:00:00
[End of Global Routing] Stage (MB): Used    0  Alloctr    0  Proc    0 
[End of Global Routing] Total (MB): Used    0  Alloctr    0  Proc 5463 
Updating congestion ...
Updating congestion ...
[End of dbOut] Elapsed real time: 0:00:00 
[End of dbOut] Elapsed cpu  time: sys=0:00:00 usr=0:00:00 total=0:00:00
[End of dbOut] Stage (MB): Used    0  Alloctr    0  Proc    0 
[End of dbOut] Total (MB): Used    0  Alloctr    0  Proc 5463 
[ECO: GR] Elapsed real time: 0:00:00 
[ECO: GR] Elapsed cpu  time: sys=0:00:00 usr=0:00:00 total=0:00:00
[ECO: GR] Stage (MB): Used    0  Alloctr    0  Proc    0 
[ECO: GR] Total (MB): Used    0  Alloctr    0  Proc 5463 
[GR excluding DbIn] Elapsed real time: 0:00:00 
[GR excluding DbIn] Elapsed cpu  time: sys=0:00:00 usr=0:00:00 total=0:00:00
[GR excluding DbIn] Stage (MB): Used    0  Alloctr    0  Proc    0 
[GR excluding DbIn] Total (MB): Used    0  Alloctr    0  Proc 5463 

Start track assignment

Printing options for 'route.common.*'
common.verbose_level                                    :	 0                   

Printing options for 'route.track.*'
track.allow_wire_outside_gcell                          :	 true                
track.enable_auto_ndr_flow                              :	 true                

Information: Using 1 threads for routing. (ZRT-444)
Information: RC layer preference is turned on for this design. (ZRT-613)

[Track Assign: TA init] Elapsed real time: 0:00:00 
[Track Assign: TA init] Elapsed cpu  time: sys=0:00:00 usr=0:00:00 total=0:00:00
[Track Assign: TA init] Stage (MB): Used    0  Alloctr    0  Proc    0 
[Track Assign: TA init] Total (MB): Used    0  Alloctr    0  Proc 5463 
INFO: GRTA is turned off for eco routing and group routing in TA

Start initial assignment

Assign Horizontal partitions, iteration 0 
Routed partition 1/11       
Routed partition 2/11       
Routed partition 3/11       
Routed partition 4/11       
Routed partition 5/11       
Routed partition 6/11       
Routed partition 7/11       
Routed partition 8/11       
Routed partition 9/11       
Routed partition 10/11      
Routed partition 11/11      

Assign Vertical partitions, iteration 0 
Routed partition 1/11       
Routed partition 2/11       
Routed partition 3/11       
Routed partition 4/11       
Routed partition 5/11       
Routed partition 6/11       
Routed partition 7/11       
Routed partition 8/11       
Routed partition 9/11       
Routed partition 10/11      
Routed partition 11/11      

Number of wires with overlap after iteration 0 = 11 of 16


[Track Assign: Iteration 0] Elapsed real time: 0:00:00 
[Track Assign: Iteration 0] Elapsed cpu  time: sys=0:00:00 usr=0:00:00 total=0:00:00
[Track Assign: Iteration 0] Stage (MB): Used    0  Alloctr    0  Proc    0 
[Track Assign: Iteration 0] Total (MB): Used    0  Alloctr    0  Proc 5463 

Reroute to fix overlaps (iter = 1)

Assign Horizontal partitions, iteration 1 
Routed partition 1/11       
Routed partition 2/11       
Routed partition 3/11       
Routed partition 4/11       
Routed partition 5/11       
Routed partition 6/11       
Routed partition 7/11       
Routed partition 8/11       
Routed partition 9/11       
Routed partition 10/11      
Routed partition 11/11      

Assign Vertical partitions, iteration 1 
Routed partition 1/11       
Routed partition 2/11       
Routed partition 3/11       
Routed partition 4/11       
Routed partition 5/11       
Routed partition 6/11       
Routed partition 7/11       
Routed partition 8/11       
Routed partition 9/11       
Routed partition 10/11      
Routed partition 11/11      

Number of wires with overlap after iteration 1 = 11 of 16


[Track Assign: Iteration 1] Elapsed real time: 0:00:00 
[Track Assign: Iteration 1] Elapsed cpu  time: sys=0:00:00 usr=0:00:00 total=0:00:00
[Track Assign: Iteration 1] Stage (MB): Used    0  Alloctr    0  Proc    0 
[Track Assign: Iteration 1] Total (MB): Used    0  Alloctr    0  Proc 5463 

Reroute to fix overlaps (iter = 2)

Assign Horizontal partitions, iteration 2 
Routed partition 1/11       
Routed partition 2/11       
Routed partition 3/11       
Routed partition 4/11       
Routed partition 5/11       
Routed partition 6/11       
Routed partition 7/11       
Routed partition 8/11       
Routed partition 9/11       
Routed partition 10/11      
Routed partition 11/11      

Assign Vertical partitions, iteration 2 
Routed partition 1/11       
Routed partition 2/11       
Routed partition 3/11       
Routed partition 4/11       
Routed partition 5/11       
Routed partition 6/11       
Routed partition 7/11       
Routed partition 8/11       
Routed partition 9/11       
Routed partition 10/11      
Routed partition 11/11      

[Track Assign: Iteration 2] Elapsed real time: 0:00:00 
[Track Assign: Iteration 2] Elapsed cpu  time: sys=0:00:00 usr=0:00:00 total=0:00:00
[Track Assign: Iteration 2] Stage (MB): Used    0  Alloctr    0  Proc    0 
[Track Assign: Iteration 2] Total (MB): Used    0  Alloctr    0  Proc 5463 

Number of wires with overlap after iteration 2 = 5 of 15


Wire length and via report:
---------------------------
Number of M1 wires: 10 		  : 0
Number of M2 wires: 1 		 VIA12SQ_C: 2
Number of M3 wires: 4 		 VIA23SQ_C: 2
Number of M4 wires: 0 		 VIA34SQ_C: 0
Number of M5 wires: 0 		 VIA45SQ_C: 0
Number of M6 wires: 0 		 VIA56SQ_C: 0
Number of M7 wires: 0 		 VIA67SQ_C: 0
Number of M8 wires: 0 		 VIA78SQ_C: 0
Number of M9 wires: 0 		 VIA89_C: 0
Number of MRDL wires: 0 		 VIA9RDL: 0
Total number of wires: 15 		 vias: 4

Total M1 wire length: 1.1
Total M2 wire length: 0.2
Total M3 wire length: 0.5
Total M4 wire length: 0.0
Total M5 wire length: 0.0
Total M6 wire length: 0.0
Total M7 wire length: 0.0
Total M8 wire length: 0.0
Total M9 wire length: 0.0
Total MRDL wire length: 0.0
Total wire length: 1.7

Longest M1 wire length: 0.6
Longest M2 wire length: 0.2
Longest M3 wire length: 0.3
Longest M4 wire length: 0.0
Longest M5 wire length: 0.0
Longest M6 wire length: 0.0
Longest M7 wire length: 0.0
Longest M8 wire length: 0.0
Longest M9 wire length: 0.0
Longest MRDL wire length: 0.0


[Track Assign: Done] Elapsed real time: 0:00:00 
[Track Assign: Done] Elapsed cpu  time: sys=0:00:00 usr=0:00:00 total=0:00:00
[Track Assign: Done] Stage (MB): Used    0  Alloctr    0  Proc    0 
[Track Assign: Done] Total (MB): Used    0  Alloctr    0  Proc 5463 
[ECO: CDR] Elapsed real time: 0:00:00 
[ECO: CDR] Elapsed cpu  time: sys=0:00:00 usr=0:00:00 total=0:00:00
[ECO: CDR] Stage (MB): Used    0  Alloctr    0  Proc    0 
[ECO: CDR] Total (MB): Used    0  Alloctr    0  Proc 5463 
Printing options for 'route.common.*'
common.verbose_level                                    :	 0                   

Printing options for 'route.detail.*'
detail.eco_route_use_soft_spacing_for_timing_optimization:	 false               
detail.enable_auto_ndr_flow                             :	 true                

Printing options for 'route.auto_via_ladder.*'

There are 0 out of total 626 nets with relaxed min layer from GR.
Information: RC layer preference is turned on for this design. (ZRT-613)

Begin ECO DRC check ...

Checked	1/4 Partitions, Violations =	0
Checked	2/4 Partitions, Violations =	0
Checked	3/4 Partitions, Violations =	0
Checked	4/4 Partitions, Violations =	5

DRC-SUMMARY:
	@@@@@@@ TOTAL VIOLATIONS =	5

[DRC CHECK] Elapsed real time: 0:00:00 
[DRC CHECK] Elapsed cpu  time: sys=0:00:00 usr=0:00:00 total=0:00:00
[DRC CHECK] Stage (MB): Used    0  Alloctr    0  Proc    0 
[DRC CHECK] Total (MB): Used    0  Alloctr    0  Proc 5463 

Total Wire Length =                    8009 micron
Total Number of Contacts =             4028
Total Number of Wires =                4307
Total Number of PtConns =              537
Total Number of Routed Wires =       4274
Total Routed Wire Length =           7951 micron
Total Number of Routed Contacts =       4028
	Layer             M1 :        303 micron
	Layer             M2 :       3798 micron
	Layer             M3 :       3584 micron
	Layer             M4 :        234 micron
	Layer             M5 :         32 micron
	Layer             M6 :          0 micron
	Layer             M7 :          0 micron
	Layer             M8 :          0 micron
	Layer             M9 :          0 micron
	Layer           MRDL :          0 micron
	Via   VIA45SQ_C(rot) :          8
	Via        VIA34SQ_C :         94
	Via        VIA23SQ_C :          4
	Via   VIA23SQ_C(rot) :       1889
	Via        VIA12SQ_C :       1804
	Via   VIA12SQ_C(rot) :        220
	Via       VIA12BAR_C :          8
	Via    VIA12SQ_C_2x1 :          1

 
Redundant via conversion report:
--------------------------------

  Total optimized via conversion rate =  0.02% (1 / 4028 vias)
 
    Layer VIA1       =  0.05% (1      / 2033    vias)
        Weight 1     =  0.05% (1       vias)
        Un-optimized =  0.00% (0       vias)
        Un-mapped    = 99.95% (2032    vias)
    Layer VIA2       =  0.00% (0      / 1893    vias)
        Un-optimized =  0.00% (0       vias)
        Un-mapped    = 100.00% (1893    vias)
    Layer VIA3       =  0.00% (0      / 94      vias)
        Un-optimized =  0.00% (0       vias)
        Un-mapped    = 100.00% (94      vias)
    Layer VIA4       =  0.00% (0      / 8       vias)
        Un-optimized =  0.00% (0       vias)
        Un-mapped    = 100.00% (8       vias)
 
  Total double via conversion rate    =  0.02% (1 / 4028 vias)
 
    Layer VIA1       =  0.05% (1      / 2033    vias)
    Layer VIA2       =  0.00% (0      / 1893    vias)
    Layer VIA3       =  0.00% (0      / 94      vias)
    Layer VIA4       =  0.00% (0      / 8       vias)
 
  The optimized via conversion rate based on total routed via count =  0.02% (1 / 4028 vias)
 
    Layer VIA1       =  0.05% (1      / 2033    vias)
        Weight 1     =  0.05% (1       vias)
        Un-optimized =  0.00% (0       vias)
        Un-mapped    = 99.95% (2032    vias)
    Layer VIA2       =  0.00% (0      / 1893    vias)
        Un-optimized =  0.00% (0       vias)
        Un-mapped    = 100.00% (1893    vias)
    Layer VIA3       =  0.00% (0      / 94      vias)
        Un-optimized =  0.00% (0       vias)
        Un-mapped    = 100.00% (94      vias)
    Layer VIA4       =  0.00% (0      / 8       vias)
        Un-optimized =  0.00% (0       vias)
        Un-mapped    = 100.00% (8       vias)
 
Total number of nets = 626, of which 0 are not extracted
Total number of open nets = 0, of which 0 are frozen
Information: Using 1 threads for routing. (ZRT-444)
Start DR iteration 0: non-uniform partition
Routed	1/2 Partitions, Violations =	1
Routed	2/2 Partitions, Violations =	0

DRC-SUMMARY:
	@@@@@@@ TOTAL VIOLATIONS =	0

Information: The app option "route.detail.report_soft_drc_separately" will be on-by-default in future release. (ZRT-807)
	@@@@@@@ TOTAL SOFT VIOLATIONS =	0

[Iter 0] Elapsed real time: 0:00:00 
[Iter 0] Elapsed cpu  time: sys=0:00:00 usr=0:00:00 total=0:00:00
[Iter 0] Stage (MB): Used    0  Alloctr    0  Proc    0 
[Iter 0] Total (MB): Used    0  Alloctr    0  Proc 5463 

End DR iteration 0 with 2 parts

Finish DR since reached 0 DRC


Nets that have been changed:
Net 1 = cycles_done[31]
Net 2 = aps_rename_1_
Net 3 = n298
Net 4 = n337
Net 5 = n355
Net 6 = n494
Total number of changed nets = 6 (out of 626)

[DR: Done] Elapsed real time: 0:00:00 
[DR: Done] Elapsed cpu  time: sys=0:00:00 usr=0:00:00 total=0:00:00
[DR: Done] Stage (MB): Used    0  Alloctr    0  Proc    0 
[DR: Done] Total (MB): Used    0  Alloctr    0  Proc 5463 
[ECO: DR] Elapsed real time: 0:00:00 
[ECO: DR] Elapsed cpu  time: sys=0:00:00 usr=0:00:00 total=0:00:00
[ECO: DR] Stage (MB): Used    0  Alloctr    0  Proc    0 
[ECO: DR] Total (MB): Used    0  Alloctr    0  Proc 5463 

ECO Route finished with 0 open nets, of which 0 are frozen

ECO Route finished with 0 violations

DRC-SUMMARY:
	@@@@@@@ TOTAL VIOLATIONS =	0

Information: The app option "route.detail.report_soft_drc_separately" will be on-by-default in future release. (ZRT-807)
	@@@@@@@ TOTAL SOFT VIOLATIONS =	0



Total Wire Length =                    8009 micron
Total Number of Contacts =             4024
Total Number of Wires =                4302
Total Number of PtConns =              535
Total Number of Routed Wires =       4269
Total Routed Wire Length =           7951 micron
Total Number of Routed Contacts =       4024
	Layer             M1 :        302 micron
	Layer             M2 :       3798 micron
	Layer             M3 :       3585 micron
	Layer             M4 :        234 micron
	Layer             M5 :         32 micron
	Layer             M6 :          0 micron
	Layer             M7 :          0 micron
	Layer             M8 :          0 micron
	Layer             M9 :          0 micron
	Layer           MRDL :          0 micron
	Via   VIA45SQ_C(rot) :          8
	Via        VIA34SQ_C :         94
	Via        VIA23SQ_C :          4
	Via   VIA23SQ_C(rot) :       1887
	Via        VIA12SQ_C :       1802
	Via   VIA12SQ_C(rot) :        220
	Via       VIA12BAR_C :          8
	Via    VIA12SQ_C_2x1 :          1

 
Redundant via conversion report:
--------------------------------

  Total optimized via conversion rate =  0.02% (1 / 4024 vias)
 
    Layer VIA1       =  0.05% (1      / 2031    vias)
        Weight 1     =  0.05% (1       vias)
        Un-optimized =  0.00% (0       vias)
        Un-mapped    = 99.95% (2030    vias)
    Layer VIA2       =  0.00% (0      / 1891    vias)
        Un-optimized =  0.00% (0       vias)
        Un-mapped    = 100.00% (1891    vias)
    Layer VIA3       =  0.00% (0      / 94      vias)
        Un-optimized =  0.00% (0       vias)
        Un-mapped    = 100.00% (94      vias)
    Layer VIA4       =  0.00% (0      / 8       vias)
        Un-optimized =  0.00% (0       vias)
        Un-mapped    = 100.00% (8       vias)
 
  Total double via conversion rate    =  0.02% (1 / 4024 vias)
 
    Layer VIA1       =  0.05% (1      / 2031    vias)
    Layer VIA2       =  0.00% (0      / 1891    vias)
    Layer VIA3       =  0.00% (0      / 94      vias)
    Layer VIA4       =  0.00% (0      / 8       vias)
 
  The optimized via conversion rate based on total routed via count =  0.02% (1 / 4024 vias)
 
    Layer VIA1       =  0.05% (1      / 2031    vias)
        Weight 1     =  0.05% (1       vias)
        Un-optimized =  0.00% (0       vias)
        Un-mapped    = 99.95% (2030    vias)
    Layer VIA2       =  0.00% (0      / 1891    vias)
        Un-optimized =  0.00% (0       vias)
        Un-mapped    = 100.00% (1891    vias)
    Layer VIA3       =  0.00% (0      / 94      vias)
        Un-optimized =  0.00% (0       vias)
        Un-mapped    = 100.00% (94      vias)
    Layer VIA4       =  0.00% (0      / 8       vias)
        Un-optimized =  0.00% (0       vias)
        Un-mapped    = 100.00% (8       vias)
 

Total number of nets = 626
0 open nets, of which 0 are frozen
Total number of excluded ports = 0 ports of 0 unplaced cells connected to 0 nets
                                 0 ports without pins of 0 cells connected to 0 nets
                                 0 ports of 0 cover cells connected to 0 non-pg nets
Total number of DRCs = 0
Total number of antenna violations = antenna checking not active
Total number of DRCs on M3 and below = 0 
Information: Routes in non-preferred voltage areas = 0 (ZRT-559)

Total Wire Length =                    8009 micron
Total Number of Contacts =             4024
Total Number of Wires =                4302
Total Number of PtConns =              535
Total Number of Routed Wires =       4269
Total Routed Wire Length =           7951 micron
Total Number of Routed Contacts =       4024
	Layer             M1 :        302 micron
	Layer             M2 :       3798 micron
	Layer             M3 :       3585 micron
	Layer             M4 :        234 micron
	Layer             M5 :         32 micron
	Layer             M6 :          0 micron
	Layer             M7 :          0 micron
	Layer             M8 :          0 micron
	Layer             M9 :          0 micron
	Layer           MRDL :          0 micron
	Via   VIA45SQ_C(rot) :          8
	Via        VIA34SQ_C :         94
	Via        VIA23SQ_C :          4
	Via   VIA23SQ_C(rot) :       1887
	Via        VIA12SQ_C :       1802
	Via   VIA12SQ_C(rot) :        220
	Via       VIA12BAR_C :          8
	Via    VIA12SQ_C_2x1 :          1

 
Redundant via conversion report:
--------------------------------

  Total optimized via conversion rate =  0.02% (1 / 4024 vias)
 
    Layer VIA1       =  0.05% (1      / 2031    vias)
        Weight 1     =  0.05% (1       vias)
        Un-optimized =  0.00% (0       vias)
        Un-mapped    = 99.95% (2030    vias)
    Layer VIA2       =  0.00% (0      / 1891    vias)
        Un-optimized =  0.00% (0       vias)
        Un-mapped    = 100.00% (1891    vias)
    Layer VIA3       =  0.00% (0      / 94      vias)
        Un-optimized =  0.00% (0       vias)
        Un-mapped    = 100.00% (94      vias)
    Layer VIA4       =  0.00% (0      / 8       vias)
        Un-optimized =  0.00% (0       vias)
        Un-mapped    = 100.00% (8       vias)
 
  Total double via conversion rate    =  0.02% (1 / 4024 vias)
 
    Layer VIA1       =  0.05% (1      / 2031    vias)
    Layer VIA2       =  0.00% (0      / 1891    vias)
    Layer VIA3       =  0.00% (0      / 94      vias)
    Layer VIA4       =  0.00% (0      / 8       vias)
 
  The optimized via conversion rate based on total routed via count =  0.02% (1 / 4024 vias)
 
    Layer VIA1       =  0.05% (1      / 2031    vias)
        Weight 1     =  0.05% (1       vias)
        Un-optimized =  0.00% (0       vias)
        Un-mapped    = 99.95% (2030    vias)
    Layer VIA2       =  0.00% (0      / 1891    vias)
        Un-optimized =  0.00% (0       vias)
        Un-mapped    = 100.00% (1891    vias)
    Layer VIA3       =  0.00% (0      / 94      vias)
        Un-optimized =  0.00% (0       vias)
        Un-mapped    = 100.00% (94      vias)
    Layer VIA4       =  0.00% (0      / 8       vias)
        Un-optimized =  0.00% (0       vias)
        Un-mapped    = 100.00% (8       vias)
 
Updating the database ...
...updated 6 nets with eco mode
[ECO: End] Elapsed real time: 0:00:00 
[ECO: End] Elapsed cpu  time: sys=0:00:00 usr=0:00:00 total=0:00:00
[ECO: End] Stage (MB): Used    0  Alloctr    0  Proc    0 
[ECO: End] Total (MB): Used    0  Alloctr    0  Proc 5463 

Route-opt ECO routing complete            CPU:    46 s (  0.01 hr )  ELAPSE:    50 s (  0.01 hr )  MEM-PEAK:  1429 MB
Co-efficient Ratio Summary:
4.193421605155  6.578038173730  2.479639287277  7.744187540401  0.485050000353  3.179565833784  5.567214754587  2.894454387461  6.565921217863  9.017937505874  6.275711600933  9.863508153146  6.078178764085
2.744208341123  8.318115604907  9.699225026083  2.464623950064  1.382370221226  9.387184029619  3.142429406669  0.968752789964  6.613180723294  4.146578793224  0.947499718112  2.191204757981  0.963789941094
2.700148443881  3.840450064440  3.750206053169  7.663458842299  6.212201167950  7.759678473967  7.862243056717  0.402387977150  0.032845095897  0.596111512371  7.872328196892  7.205204166454  8.278306198268
1.183725190997  3.334436408244  5.867609731622  7.173894385364  9.669819999761  7.591487347087  7.632106393266  7.679078063326  9.831314288630  1.878805817928  6.301113143539  1.226349681611  7.050405294780
2.403928173631  6.139852544054  4.100210066110  1.274718589655  4.570746653063  5.624878808820  7.826857253678  4.759133418263  5.409027926377  2.609823652834  3.797283338674  6.381745206204  9.187429822495
0.513656796621  5.027570618562  6.119813446103  6.181472312107  1.581675365776  7.486041822107  9.584562469756  2.041727387119  3.921160867338  0.650488682345  2.543599702409  3.368553948289  4.897166349020
6.860149244452  2.000104051691  9.095345907689  2.197041709512  0.915900067443  5.466092308426  8.142690055883  4.607193265224  8.244463794567  3.504870705451  4.753857812888  7.173502362805  9.939517508373
3.617852772683  8.946772637652  1.169969532707  4.529946656262  3.090979409795  5.580726136993  1.131397763510  0.721709625254  7.515947417690  0.649322209371  4.188172843513  5.811688210554  5.826785683342
4.349383292435  0.216216918317  9.612142422527  7.311156782104  0.823519141628  0.356161286693  8.022019569284  2.603132585844  5.024802551363  1.359359521353  8.578604251201  2.804292021803  1.265355852200
0.417760313533  1.833872465081  6.448557737188  4.848373112548  2.936801055033  8.671494124225  4.212305316610  9.007627270112  3.308107178452  5.607471109985  1.685884440423  2.764745523729  9.324261738770
1.551199989997  2.300508202625  0.754685030179  1.961421411696  2.781303341418  3.355375155650  9.437909893602  9.136702642545  9.020209208464  9.978471495117  0.538598534047  3.171343375716  9.815975540044
4.331414637138  0.413524984361  3.309910198619  7.452798206103  1.902827924529  5.623407259547  7.269363008696  3.367403103784  7.093641515702  7.411336156476  9.001974376650  5.239634549956  4.802134447382
3.894401463832  4.531610419342  1.605155657803  8.173730247963  9.287277774418  7.540401048505  0.000353317956  5.833784556721  4.754587289445  4.387461656592  4.378185901793  7.505943735016  0.800988686343
9.509851607812  3.964085274420  8.341123831811  5.604907969922  5.026083246462  3.950064138237  0.221226938718  4.029619314242  9.406669096875  2.789964661318  3.884516414657  8.793393102284  8.918167919113
5.103696096373  4.141094270014  8.443881384045  0.064440375020  6.053169766345  8.842299621220  1.167950775967  8.473967786224  3.056717040238  7.977150003284  8.156119059611  1.512440895777  7.396847420513
Information: The net parasitics of block water_sched are cleared. (TIM-123)
INFO: Smart Arc Optimization disabled. 0 modes cleared.
Information: The stitching and editing of coupling caps is turned OFF for design 'water_sched_lib:water_sched.design'. (TIM-125)
Information: Design water_sched has 626 nets, 0 global routed, 624 detail routed. (NEX-024)
Information: The RC mode used is DR for design 'water_sched'. (NEX-022)
---extraction options---
Corner: default
Global options:
 reference_direction       : use_from_tluplus
 real_metalfill_extraction : none
 virtual_shield_extraction : true
---app options---
 host.max_cores                   : 1
 extract.connect_open           : true
 extract.enable_coupling_cap    : false
Extracting design: water_sched 
Information: coupling capacitance is lumped to ground. (NEX-030)
Information: 624 nets are successfully extracted. (NEX-028)
Warning: Advanced receiver model has not been enabled for detailed routed design. (TIM-204)
Information: Update timing completed net estimation for all the timing graph nets (TIM-111)
Information: Net estimation statistics: timing graph nets = 624, routed nets = 624, across physical hierarchy nets = 0, parasitics cached nets = 624, delay annotated nets = 0, parasitics annotated nets = 0, multi-voltage nets = 0. (TIM-112)

Route-opt final QoR
___________________
Scenario Mapping Table
1: default

Pathgroup Mapping Table
1: **default**
2: **async_default**
3: **clock_gating_default**
4: **in2reg_default**
5: **reg2out_default**
6: **in2out_default**
7: core_clk

-------------------------------------------------------------------------------------------------------------------------------------------------------------
PATHGROUP QOR 
-------------------------------------------------------------------------------------------------------------------------------------------------------------
Scene  PG      WNS        TNS    NSV      WHV        THV    NHV
    1   1   0.0000     0.0000      0   0.0000     0.0000      0
    1   2   0.0000     0.0000      0   0.0000     0.0000      0
    1   3   0.0000     0.0000      0   0.0000     0.0000      0
    1   4   0.0000     0.0000      0   0.0000     0.0000      0
    1   5   0.0000     0.0000      0   0.0000     0.0000      0
    1   6   0.0000     0.0000      0   0.0000     0.0000      0
    1   7   0.0000     0.0000      0   0.0000     0.0000      0
----------------------------------------------------------------------------------------------------------------------------------------------------------------------
SCENARIO QOR 
----------------------------------------------------------------------------------------------------------------------------------------------------------------------
Scene  PG      WNS        TNS   R2RTNS    NSV      WHV        THV    NHV  MaxTrnV   MaxTranC  MaxCapV    Leakage
    1   *   0.0000     0.0000   0.0000      0   0.0000     0.0000      0        0     0.0000        0 31613220.0
----------------------------------------------------------------------------------------------------------------------------------------------------------------------
DESIGN QOR 
----------------------------------------------------------------------------------------------------------------------------------------------------------------------
Scene  PG      WNS        TNS   R2RTNS    NSV      WHV        THV    NHV  MaxTrnV   MaxTranC  MaxCapV    Leakage         Area    InstCnt
    *   *   0.0000     0.0000   0.0000      0   0.0000     0.0000      0        0     0.0000        0 31613220.0      1794.26        557
----------------------------------------------------------------------------------------------------------------------------------------------------------------------

Route-opt final QoR Summary         WNS        TNS   R2RTNS    NSV      WHV        THV    NHV  MaxTrnV  MaxCapV    Leakage         Area    InstCnt
Route-opt final QoR Summary      0.0000     0.0000   0.0000      0   0.0000     0.0000      0        0        0 31613220.0      1794.26        557

Route-opt optimization complete                 0.00        0.00      0.00         0       1794.26  31613220.00         557              0.01      1429

Route-opt command complete                CPU:    46 s (  0.01 hr )  ELAPSE:    50 s (  0.01 hr )  MEM-PEAK:  1429 MB
Route-opt command statistics  CPU=2 sec (0.00 hr) ELAPSED=2 sec (0.00 hr) MEM-PEAK=1.396 GB

Information: Runtime Summary (route_opt)  (FLW-9000)
----------------------------------------------------------------------------
    Elapse (Hrs)   Elapse (%)       CPU/Elapse       Category
----------------------------------------------------------------------------
      0.00           42.1%             1.0           ECO Route 
      0.00           34.6%             1.0           Other 
      0.00           15.7%             1.0           Power/Area Opt 
      0.00            4.2%             1.0           Full Timing Update 
      0.00            2.6%             1.0           Setup Opt 
      0.00            0.5%             1.0           LDRC 
      0.00            0.5%             1.0           Hold Opt 
      0.00            0.0%             1.0           Init 
----------------------------------------------------------------------------
      0.00          100.0%             1.0           Total 
----------------------------------------------------------------------------

Host Options:
-------------
Max cores: 1

Machine Spec:
-------------
12th Gen Intel(R) Core(TM) i5-12400 / 12 CPUs  
Sockets: 1, Cores: 6, HT/SMT, not-VM
----------------------------------------------------------------------------

Information: Ending   'route_opt' (FLW-8001)
Information: Time: 2026-09-26 04:29:53 / Session:  00:00:49 / Command:  00:00:02 / CPU:  00:00:02 / Memory: 1429 MB (FLW-8100)
1
check_legality > $OUT_Q/legality.rpt
#------------------- 6) final reports + layout ------------------------
report_timing -max_paths 20 > $OUT_Q/timing_final.rpt
report_qor                  > $OUT_Q/qor_final.rpt
report_design -physical     > $OUT_Q/design_physical.rpt
catch { report_power        > $OUT_Q/power_final.rpt }
0
catch { write_gds $OUT_Q/${TOP}.gds }
0
write_verilog -hierarchy all $OUT_Q/${TOP}_final.v
1
save_block
Information: The command 'save_block' cleared the undo history. (UNDO-016)
Information: Saving block 'water_sched_lib:water_sched.design'
1
save_lib
Saving library 'water_sched_lib'
1
echo ">>> PnR DONE. Layout in results/pnr/"
>>> PnR DONE. Layout in results/pnr/
exit
Maximum memory usage for this session: 1429.11 MB
Maximum memory usage for this session including child processes: 1429.11 MB
CPU usage for this session:     45 seconds (  0.01 hours)
Elapsed time for this session:     50 seconds (  0.01 hours)
Thank you for using IC Compiler II.
